target_rank,feasible,Prestiz,Absolwenci,PotencjalNaukowy,Innowacyjnosc,EfektywnoscNaukowa,WarunkiKsztalcenia,Umiedzynarodowienie
4,True,0.0,0.0,0.0,0.0,1.4027174392675201,0.0,5.101860857237828
4,True,0.0,0.0,0.0,0.0,1.2401648438456037,0.0,5.660695523390591
4,True,0.0,0.0,0.0,0.0,1.3387016753937053,0.0,5.324547161047533
4,True,0.0,0.0,0.0,0.0,2.50185076595395,0.0,1.4607821875939675
4,True,0.0,0.0,0.0,0.0,0.07641773949937924,0.0,9.868570913723895
4,True,0.0,0.0,0.0,0.0,0.21342627604907793,0.0,9.373499381240736
4,True,0.0,0.0,0.0,0.0,0.7190838358340335,0.0,7.49630695624165
4,True,0.0,0.0,0.0,0.0,2.920268500449019,0.0,0.14009463171051895
4,True,0.0,0.0,0.0,0.0,0.1392959550675532,0.0,9.62392441057811
4,True,0.0,0.0,0.0,0.0,0.37570659857556477,0.0,8.762675887697247
4,True,0.0,0.0,0.0,0.0,0.5603090089915552,0.0,8.07925967789307
4,True,0.0,0.0,0.0,0.0,0.20257022190731666,0.0,9.38729457322851
4,True,0.0,0.0,0.0,0.0,0.9120167837665782,0.0,6.8146299243839525
4,True,0.0,0.0,0.0,0.0,1.338148537658801,0.0,5.330840304725526
4,True,0.0,0.0,0.0,0.0,2.755025215654261,0.0,0.6544028408666636
4,True,0.0,0.0,0.0,0.0,0.7261176530598101,0.0,7.4955479533169385
4,True,0.0,0.0,0.0,0.0,2.1655681032950236,0.0,2.5542951333185404
4,True,0.0,0.0,0.0,0.0,2.548791774147219,0.0,1.308323678757073
4,True,0.0,0.0,0.0,0.0,0.22756331711155653,0.0,9.296582978387846
4,True,0.0,0.0,0.0,0.0,1.5531754618924087,0.0,4.588699526460161
4,True,0.0,0.0,0.0,0.0,2.350264739888519,0.0,1.9540686080432579
4,True,0.0,0.0,0.0,0.0,1.2298269518895344,0.0,5.699387008327639
4,True,0.0,0.0,0.0,0.0,0.9113047793453344,0.0,6.817619865824776
4,True,0.0,0.0,0.0,0.0,0.2853124706813315,0.0,9.077698079331887
4,True,0.0,0.0,0.0,0.0,0.46619284674903616,0.0,8.418956950000734
4,True,0.0,0.0,0.0,0.0,0.5303204844181564,0.0,8.183946920491225
4,True,0.0,0.0,0.0,0.0,2.4122344117747274,0.0,1.7450406827935416
4,True,0.0,0.0,0.0,0.0,1.32392375443241,0.0,5.3851713001931145
4,True,0.0,0.0,0.0,0.0,2.265850179242823,0.0,2.2211434682292586
4,True,0.0,0.0,0.0,0.0,1.736350150808852,0.0,3.9694334922928176
4,True,0.0,0.0,0.0,0.0,1.479668785761179,0.0,4.835070728142021
4,True,0.0,0.0,0.0,0.0,2.861595943813411,0.0,0.32105020906841863
4,True,0.0,0.0,0.0,0.0,2.9658853895203285,0.0,6.068112679002979e-09
4,True,0.0,0.0,0.0,0.0,1.0129325774931863,0.0,6.455635480661148
4,True,0.0,0.0,0.0,0.0,1.2370020907663482,0.0,5.679267018959056
4,True,0.0,0.0,0.0,0.0,1.4088331167457002,0.0,5.0772526423135345
4,True,0.0,0.0,0.0,0.0,2.9107147074884487,0.0,0.16925467113426684
4,True,0.0,0.0,0.0,0.0,1.7821309656303908,0.0,3.815980627525606
4,True,0.0,0.0,0.0,0.0,2.173760091981336,0.0,2.5304268201243985
4,True,0.0,0.0,0.0,0.0,0.41015765479035515,0.0,8.618356603338007
4,True,0.0,0.0,0.0,0.0,1.9343109804250802,0.0,3.306692541088463
4,True,0.0,0.0,0.0,0.0,0.9073291408859041,0.0,6.827549534146837
4,True,0.0,0.0,0.0,0.0,2.172975234761043,0.0,2.5318278553280282
4,True,0.0,0.0,0.0,0.0,1.0169900395088582,0.0,6.437617989276645
4,True,0.0,0.0,0.0,0.0,2.9676487760012082,0.0,1.1575185254741882e-10
4,True,0.0,0.0,0.0,0.0,0.09787186229541778,0.0,9.782915464974728
4,True,0.0,0.0,0.0,0.0,0.3245900496548493,0.0,8.932217959359123
4,True,0.0,0.0,0.0,0.0,2.657215957823811,0.0,0.9673330368720867
4,True,0.0,0.0,0.0,0.0,0.9633955860350985,0.0,6.626628638659692
4,True,0.0,0.0,0.0,0.0,2.8308732368965472,0.0,0.4154746786410479
4,True,0.0,0.0,0.0,0.0,2.0417409400924846,0.0,2.9537597074647315
4,True,0.0,0.0,0.0,0.0,1.1652931051055249,0.0,5.917871740850799
4,True,0.0,0.0,0.0,0.0,1.6222858893658598,0.0,4.351213073830218
4,True,0.0,0.0,0.0,0.0,2.9659750672444307,0.0,1.8086532271865963e-09
4,True,0.0,0.0,0.0,0.0,2.4993404796715746,0.0,1.4744646739776157
4,True,0.0,0.0,0.0,0.0,0.04310409202733512,0.0,9.999935337401379
4,True,0.0,0.0,0.0,0.0,0.4083781834092082,0.0,8.625309128541891
4,True,0.0,0.0,0.0,0.0,0.7888716577344912,0.0,7.253091677476464
4,True,0.0,0.0,0.0,0.0,1.977892580614915,0.0,3.1640940416949426
4,True,0.0,0.0,0.0,0.0,2.511496301163685,0.0,1.430703978962533
4,True,0.0,0.0,0.0,0.0,1.8297657261301725,0.0,3.6546634929400135
4,True,0.0,0.0,0.0,0.0,1.0344941283106257,0.0,6.386091179569819
4,True,0.0,0.0,0.0,0.0,1.6422650740421485,0.0,4.2914567610425784
4,True,0.0,0.0,0.0,0.0,0.21300013167940834,0.0,9.377438434285246
4,True,0.0,0.0,0.0,0.0,2.553898492792217,0.0,1.292310689037468
4,True,0.0,0.0,0.0,0.0,1.1928944592287771,0.0,5.821988374758602
4,True,0.0,0.0,0.0,0.0,1.9772535509551048,0.0,3.1669297865865698
4,True,0.0,0.0,0.0,0.0,1.2826869185422307,0.0,5.512975411191812
4,True,0.0,0.0,0.0,0.0,1.8643134402626882,0.0,3.538438662410859
4,True,0.0,0.0,0.0,0.0,2.8076521841298385,0.0,0.49292383855824573
4,True,0.0,0.0,0.0,0.0,1.2486409520842456,0.0,5.6341422985394685
4,True,0.0,0.0,0.0,0.0,2.6483850360552896,0.0,0.9928266175643796
4,True,0.0,0.0,0.0,0.0,2.8570413899247638,0.0,0.3345331688600184
4,True,0.0,0.0,0.0,0.0,2.0548229962185416,0.0,2.9097882512785223
4,True,0.0,0.0,0.0,0.0,2.3947414076244677,0.0,1.8039907475227657
4,True,0.0,0.0,0.0,0.0,2.5813464793671637,0.0,1.203661848308446
4,True,0.0,0.0,0.0,0.0,2.4220410377599477,0.0,1.7187992811436459
4,True,0.0,0.0,0.0,0.0,0.5833747889927743,0.0,7.989688361231351
4,True,0.0,0.0,0.0,0.0,2.565639997628555,0.0,1.2577289871067765
4,True,0.0,0.0,0.0,0.0,0.15945157970261858,0.0,9.548476437256193
4,True,0.0,0.0,0.0,0.0,0.7375355845239406,0.0,7.431636436719824
4,True,0.0,0.0,0.0,0.0,1.4643098994327475,0.0,4.888053053982755
4,True,0.0,0.0,0.0,0.0,1.2428239890508896,0.0,5.649430728176319
4,True,0.0,0.0,0.0,0.0,1.7479029349045772,0.0,3.9286474080054035
4,True,0.0,0.0,0.0,0.0,1.6381330051731036,0.0,4.298569900712024
4,True,0.0,0.0,0.0,0.0,1.2469602793920176,0.0,5.641472573688311
4,True,0.0,0.0,0.0,0.0,0.018885129102197418,0.0,10.074615301423917
4,True,0.0,0.0,0.0,0.0,0.46520362088335876,0.0,8.419700791000452
4,True,0.0,0.0,0.0,0.0,1.3814388536692812,0.0,5.1771454083772595
4,True,0.0,0.0,0.0,0.0,0.6254178613754657,0.0,7.833807843915963
4,True,0.0,0.0,0.0,0.0,2.8180127729083626,0.0,0.459227926462491
4,True,0.0,0.0,0.0,0.0,2.6576383478151278,0.0,0.9644981373888362
4,True,0.0,0.0,0.0,0.0,0.573403117941429,0.0,8.037381068074168
4,True,0.0,0.0,0.0,0.0,0.43972888494836493,0.0,8.526046886080941
4,True,0.0,0.0,0.0,0.0,0.9719970968230185,0.0,6.61610614821182
4,True,0.0,0.0,0.0,0.0,2.7634511355085767,0.0,0.6459770841017676
4,True,0.0,0.0,0.0,0.0,1.361418602508524,0.0,5.2407142736845
4,True,0.0,0.0,0.0,0.0,2.100906087059795,0.0,2.7608560224463785
4,True,0.0,0.0,0.0,0.0,1.2894089491416794,0.0,5.508098442969045
4,True,0.0,0.0,0.0,0.0,0.26190542909886316,0.0,9.178073671944286
4,True,0.0,0.0,0.0,0.0,1.281892975003518,0.0,5.5214694450466
4,True,0.0,0.0,0.0,0.0,2.0687454114656667,0.0,2.862180810282511
4,True,0.0,0.0,0.0,0.0,2.9176035366298203,0.0,0.14396043918860624
4,True,0.0,0.0,0.0,0.0,1.1131063549639109,0.0,6.1033597395087735
4,True,0.0,0.0,0.0,0.0,0.9884380407536031,0.0,6.54021893572605
4,True,0.0,0.0,0.0,0.0,2.468206042769794,0.0,1.5672414456248784
4,True,0.0,0.0,0.0,0.0,2.42678093681461,0.0,1.6984171687224547
4,True,0.0,0.0,0.0,0.0,0.529104831812699,0.0,8.187199679059354
4,True,0.0,0.0,0.0,0.0,0.8439281994073622,0.0,7.050515943406999
4,True,0.0,0.0,0.0,0.0,0.9979019381506804,0.0,6.505857319791963
4,True,0.0,0.0,0.0,0.0,1.0120998261239467,0.0,6.469943561572977
4,True,0.0,0.0,0.0,0.0,2.579423177638307,0.0,1.21069570141622
4,True,0.0,0.0,0.0,0.0,1.324206408896078,0.0,5.373252666005812
4,True,0.0,0.0,0.0,0.0,2.0515074509159903,0.0,2.918560817891991
4,True,0.0,0.0,0.0,0.0,0.6864343355479141,0.0,7.613013059095463
4,True,0.0,0.0,0.0,0.0,2.9516122253331667,0.0,0.039895867648098715
4,True,0.0,0.0,0.0,0.0,2.3388146409234256,0.0,1.9857466240455812
4,True,0.0,0.0,0.0,0.0,0.13255363194262237,0.0,9.668202151939342
4,True,0.0,0.0,0.0,0.0,0.6915992283874073,0.0,7.607953715866023
4,True,0.0,0.0,0.0,0.0,2.1662730825241394,0.0,2.5438663045753707
4,True,0.0,0.0,0.0,0.0,0.1381778884149032,0.0,9.633574515643273
4,True,0.0,0.0,0.0,0.0,0.8630322852950623,0.0,6.997014546558178
4,True,0.0,0.0,0.0,0.0,2.909180107058096,0.0,0.18098772025384458
4,True,0.0,0.0,0.0,0.0,0.2578547024067346,0.0,9.181336594408906
4,True,0.0,0.0,0.0,0.0,0.9089763160350706,0.0,6.818651123484221
4,True,0.0,0.0,0.0,0.0,1.8449244998299474,0.0,3.619618307470629
4,True,0.0,0.0,0.0,0.0,0.4531428401223003,0.0,8.496784229965915
4,True,0.0,0.0,0.0,0.0,0.07756711037842923,0.0,9.86802588611101
4,True,0.0,0.0,0.0,0.0,1.4919923788773937,0.0,4.792455050889622
4,True,0.0,0.0,0.0,0.0,0.033330248861829226,0.0,10.02671670480747
4,True,0.0,0.0,0.0,0.0,2.032193386513248,0.0,2.9833589482040845
4,True,0.0,0.0,0.0,0.0,2.0945040298464113,0.0,2.777729576920107
4,True,0.0,0.0,0.0,0.0,1.6205690345871382,0.0,4.3593761096129775
4,True,0.0,0.0,0.0,0.0,1.5912562839289546,0.0,4.45767607468065
4,True,0.0,0.0,0.0,0.0,0.4687960973912997,0.0,8.403050161942083
4,True,0.0,0.0,0.0,0.0,2.1112826326774026,0.0,2.722582488755676
4,True,0.0,0.0,0.0,0.0,2.951057581472283,0.0,0.044427130299951045
4,True,0.0,0.0,0.0,0.0,2.6142627811636787,0.0,1.1053744509777252
4,True,0.0,0.0,0.0,0.0,1.8854616222688803,0.0,3.4714346680597363
4,True,0.0,0.0,0.0,0.0,2.5608493413693534,0.0,1.2821261370830062
4,True,0.0,0.0,0.0,0.0,0.7313253013446319,0.0,7.461275812048729
4,True,0.0,0.0,0.0,0.0,1.9976323495489612,0.0,3.100613180702283
4,True,0.0,0.0,0.0,0.0,0.12159692435500524,0.0,9.697856182002118
4,True,0.0,0.0,0.0,0.0,0.8454228525968,0.0,7.045964174261766
4,True,0.0,0.0,0.0,0.0,0.3764196689200139,0.0,8.748573407406779
4,True,0.0,0.0,0.0,0.0,2.288547124944107,0.0,2.146301497352543
4,True,0.0,0.0,0.0,0.0,2.754783958381224,0.0,0.6599751788298858
4,True,0.0,0.0,0.0,0.0,1.6309323001679976,0.0,4.322591884718863
4,True,0.0,0.0,0.0,0.0,2.7522446736765738,0.0,0.6641118588983974
4,True,0.0,0.0,0.0,0.0,2.398312808349723,0.0,1.7901720506358076
4,True,0.0,0.0,0.0,0.0,0.7898152553059923,0.0,7.246167447062479
4,True,0.0,0.0,0.0,0.0,0.5070295294173799,0.0,8.273491556930846
4,True,0.0,0.0,0.0,0.0,1.19189284522081,0.0,5.8304511511576
4,True,0.0,0.0,0.0,0.0,0.44374319505862125,0.0,8.497108258062024
4,True,0.0,0.0,0.0,0.0,2.492971644007569,0.0,1.4884240275814586
4,True,0.0,0.0,0.0,0.0,0.5741925877186471,0.0,8.036296655461106
4,True,0.0,0.0,0.0,0.0,0.04236799008390246,0.0,10.000389725775394
4,True,0.0,0.0,0.0,0.0,1.6585546514944483,0.0,4.228944989332861
4,True,0.0,0.0,0.0,0.0,1.9578625725350962,0.0,3.233498646678745
4,True,0.0,0.0,0.0,0.0,1.0788167925120606,0.0,6.223431352466024
4,True,0.0,0.0,0.0,0.0,2.894220825205418,0.0,0.21880368537121608
4,True,0.0,0.0,0.0,0.0,2.3009160865876677,0.0,2.1051780404953035
4,True,0.0,0.0,0.0,0.0,1.7297994591471966,0.0,3.991322548778098
4,True,0.0,0.0,0.0,0.0,1.017378817783554,0.0,6.43713188877385
4,True,0.0,0.0,0.0,0.0,0.5613030993616652,0.0,8.071535688506437
4,True,0.0,0.0,0.0,0.0,0.2274403913403944,0.0,9.302441296734088
4,True,0.0,0.0,0.0,0.0,2.018872138370398,0.0,3.0331257690341618
4,True,0.0,0.0,0.0,0.0,2.4067528715064013,0.0,1.7766253552641276
4,True,0.0,0.0,0.0,0.0,0.12262860704044254,0.0,9.69282135314925
4,True,0.0,0.0,0.0,0.0,2.9360151973425674,0.0,0.08789484121438651
4,True,0.0,0.0,0.0,0.0,0.03366196398818522,0.0,10.018806402832425
4,True,0.0,0.0,0.0,0.0,2.724687352129518,0.0,0.7569611722292646
4,True,0.0,0.0,0.0,0.0,2.3433697245709983,0.0,1.979132498758318
4,True,0.0,0.0,0.0,0.0,0.5835461017359433,0.0,7.988807417755206
4,True,0.0,0.0,0.0,0.0,1.7769823119435535,0.0,3.8374284875547615
4,True,0.0,0.0,0.0,0.0,2.729198118228815,0.0,0.7383763916608999
4,True,0.0,0.0,0.0,0.0,2.5537453837220947,0.0,1.2998295219019518
4,True,0.0,0.0,0.0,0.0,0.6923088335232919,0.0,7.5979314174287165
4,True,0.0,0.0,0.0,0.0,0.2984866208005421,0.0,9.059314343465308
4,True,0.0,0.0,0.0,0.0,1.5311151189514205,0.0,4.664576927998665
4,True,0.0,0.0,0.0,0.0,2.1533886547546843,0.0,2.5864200277570415
4,True,0.0,0.0,0.0,0.0,1.5919187847434069,0.0,4.454917775290235
4,True,0.0,0.0,0.0,0.0,0.9290586331107464,0.0,6.749334892856029
4,True,0.0,0.0,0.0,0.0,2.7548674253221495,0.0,0.6577562725491481
4,True,0.0,0.0,0.0,0.0,1.1253448644639508,0.0,6.0642851180757855
4,True,0.0,0.0,0.0,0.0,0.7563516503483525,0.0,7.362007577017959
4,True,0.0,0.0,0.0,0.0,0.11272996522301293,0.0,9.72034649584006
4,True,0.0,0.0,0.0,0.0,1.120915992682714,0.0,6.080406177650111
4,True,0.0,0.0,0.0,0.0,1.1968438285831495,0.0,5.810633013636357
4,True,0.0,0.0,0.0,0.0,1.542951946734361,0.0,4.621748139176796
4,True,0.0,0.0,0.0,0.0,2.8310514950105614,0.0,0.4145462880718487
4,True,0.0,0.0,0.0,0.0,1.7592995515037901,0.0,3.893930125648981
4,True,0.0,0.0,0.0,0.0,2.1361654861063784,0.0,2.6418387432266988
4,True,0.0,0.0,0.0,0.0,2.302341990528034,0.0,2.1011418350815436
4,True,0.0,0.0,0.0,0.0,1.08175392045462,0.0,6.211702088364024
4,True,0.0,0.0,0.0,0.0,2.623814296741156,0.0,1.0809318072539154
4,True,0.0,0.0,0.0,0.0,0.6581049252342486,0.0,7.734062499612571
4,True,0.0,0.0,0.0,0.0,2.2972884576058616,0.0,2.1326430565480003
4,True,0.0,0.0,0.0,0.0,0.8192175107243127,0.0,7.152720262114098
4,True,0.0,0.0,0.0,0.0,0.21395287729021328,0.0,9.345330744373792
4,True,0.0,0.0,0.0,0.0,1.2425377233455714,0.0,5.650536707241871
4,True,0.0,0.0,0.0,0.0,2.349033921942889,0.0,1.9564906029653328
4,True,0.0,0.0,0.0,0.0,1.4782958721031525,0.0,4.848943459316901
4,True,0.0,0.0,0.0,0.0,2.0434976303172148,0.0,2.945555554240087
4,True,0.0,0.0,0.0,0.0,2.807188008490513,0.0,0.4930116672989704
4,True,0.0,0.0,0.0,0.0,1.6481144677494397,0.0,4.265050408751792
4,True,0.0,0.0,0.0,0.0,1.9792007662579825,0.0,3.160269363301693
4,True,0.0,0.0,0.0,0.0,2.2791699806161247,0.0,2.174972264254582
4,True,0.0,0.0,0.0,0.0,1.5673670064673906,0.0,4.546778513712313
4,True,0.0,0.0,0.0,0.0,0.8120044586891195,0.0,7.163454412549175
4,True,0.0,0.0,0.0,0.0,0.23904362466063978,0.0,9.249822200482704
4,True,0.0,0.0,0.0,0.0,1.8199343738777962,0.0,3.688771398222368
4,True,0.0,0.0,0.0,0.0,2.278405732734401,0.0,2.182641172436983
4,True,0.0,0.0,0.0,0.0,1.3290652153947202,0.0,5.353973047210103
4,True,0.0,0.0,0.0,0.0,2.281180355914536,0.0,2.1718002334878306
4,True,0.0,0.0,0.0,0.0,1.2372799065353268,0.0,5.676501500943365
4,True,0.0,0.0,0.0,0.0,2.65302686571931,0.0,0.9780329489813111
4,True,0.0,0.0,0.0,0.0,0.8635378595233445,0.0,6.98413507003508
4,True,0.0,0.0,0.0,0.0,2.77235780078533,0.0,0.6007639987377411
4,True,0.0,0.0,0.0,0.0,2.1151541738076096,0.0,2.720545174045641
4,True,0.0,0.0,0.0,0.0,2.6694103370173528,0.0,0.9248472032066801
4,True,0.0,0.0,0.0,0.0,1.3715167911544923,0.0,5.205965682617686
4,True,0.0,0.0,0.0,0.0,0.15522240735963422,0.0,9.563521694046395
4,True,0.0,0.0,0.0,0.0,1.036598857730997,0.0,6.368235482555251
4,True,0.0,0.0,0.0,0.0,0.33566667409729023,0.0,8.897861871905477
4,True,0.0,0.0,0.0,0.0,1.3640209335414988,0.0,5.234004542960779
4,True,0.0,0.0,0.0,0.0,1.7903954312370685,0.0,3.7879265662040806
4,True,0.0,0.0,0.0,0.0,0.785052892123439,0.0,7.261266177758752
4,True,0.0,0.0,0.0,0.0,1.1133192640003675,0.0,6.1029466048934555
4,True,0.0,0.0,0.0,0.0,2.7137068309440737,0.0,0.7940825815620722
4,True,0.0,0.0,0.0,0.0,1.7455854261322012,0.0,3.938746595644549
4,True,0.0,0.0,0.0,0.0,2.51272033968154,0.0,1.4234767767561607
4,True,0.0,0.0,0.0,0.0,1.757377116214509,0.0,3.899439772274227
4,True,0.0,0.0,0.0,0.0,1.6891531377556612,0.0,4.1259325135058145
4,True,0.0,0.0,0.0,0.0,2.252138035244644,0.0,2.262765083992535
4,True,0.0,0.0,0.0,0.0,2.1478547920489643,0.0,2.6035069520437437
4,True,0.0,0.0,0.0,0.0,0.8465828979755008,0.0,7.044016655940977
4,True,0.0,0.0,0.0,0.0,2.7932452318513823,0.0,0.5346405994830605
4,True,0.0,0.0,0.0,0.0,2.067545170772911,0.0,2.8802827327551572
4,True,0.0,0.0,0.0,0.0,1.6072770358546928,0.0,4.408258519129715
4,True,0.0,0.0,0.0,0.0,1.959500478876286,0.0,3.2330036246385307
4,True,0.0,0.0,0.0,0.0,0.03225328064162536,0.0,10.029472487249603
4,True,0.0,0.0,0.0,0.0,2.6556503723878855,0.0,0.9703759651045085
4,True,0.0,0.0,0.0,0.0,2.882551659955457,0.0,0.2611416774412789
4,True,0.0,0.0,0.0,0.0,2.481093542336943,0.0,1.5300090263872579
4,True,0.0,0.0,0.0,0.0,0.7896015667836931,0.0,7.250301045049401
4,True,0.0,0.0,0.0,0.0,2.441743531123153,0.0,1.6543510085672564
4,True,0.0,0.0,0.0,0.0,0.16368102024982845,0.0,9.533643914950618
4,True,0.0,0.0,0.0,0.0,1.657021451676477,0.0,4.2455656053818185
4,True,0.0,0.0,0.0,0.0,2.4714110036657355,0.0,1.555395121096237
4,True,0.0,0.0,0.0,0.0,0.025362740329526456,0.0,10.04950790486686
4,True,0.0,0.0,0.0,0.0,1.3639920570647002,0.0,5.2371276040455434
4,True,0.0,0.0,0.0,0.0,1.5709609920501189,0.0,4.523785634363319
4,True,0.0,0.0,0.0,0.0,2.28708138786754,0.0,2.1537269850375296
4,True,0.0,0.0,0.0,0.0,0.8735532467612606,0.0,6.946398337916982
4,True,0.0,0.0,0.0,0.0,2.62514539624511,0.0,1.0644040235302632
4,True,0.0,0.0,0.0,0.0,0.9773078356394738,0.0,6.579628663946058
4,True,0.0,0.0,0.0,0.0,1.8998168341967103,0.0,3.421642439737682
4,True,0.0,0.0,0.0,0.0,0.838389131785855,0.0,7.0692543138641035
4,True,0.0,0.0,0.0,0.0,2.8019479202939346,0.0,0.5056451138635953
4,True,0.0,0.0,0.0,0.0,2.7647588509929877,0.0,0.6397209545265681
4,True,0.0,0.0,0.0,0.0,2.856813050950502,0.0,0.3523849441047444
4,True,0.0,0.0,0.0,0.0,2.1576398681771303,0.0,2.5830820829643497
4,True,0.0,0.0,0.0,0.0,1.4008749879165894,0.0,5.104350070517116
4,True,0.0,0.0,0.0,0.0,1.398775476115488,0.0,5.114610801707508
4,True,0.0,0.0,0.0,0.0,2.15532738723343,0.0,2.5837180919543346
4,True,0.0,0.0,0.0,0.0,1.2401619333803682,0.0,5.663092405450398
4,True,0.0,0.0,0.0,0.0,0.42016294559769074,0.0,8.584256824078661
4,True,0.0,0.0,0.0,0.0,1.7450179148314926,0.0,3.9450276003097917
4,True,0.0,0.0,0.0,0.0,0.7412974845904641,0.0,7.420025020259424
4,True,0.0,0.0,0.0,0.0,2.6397163449237704,0.0,1.0346687264866983
4,True,0.0,0.0,0.0,0.0,2.6491408799392824,0.0,0.9916399093616635
4,True,0.0,0.0,0.0,0.0,2.888664451688694,0.0,0.24828585449903073
4,True,0.0,0.0,0.0,0.0,0.9129890536139884,0.0,6.809438173923499
4,True,0.0,0.0,0.0,0.0,0.47687104244018563,0.0,8.373594697301845
4,True,0.0,0.0,0.0,0.0,1.0227330960318026,0.0,6.420464648493541
4,True,0.0,0.0,0.0,0.0,1.552588109088049,0.0,4.590210405234574
4,True,0.0,0.0,0.0,0.0,1.342729708700019,0.0,5.304322888536062
4,True,0.0,0.0,0.0,0.0,1.9203754194755618,0.0,3.3565084269576495
4,True,0.0,0.0,0.0,0.0,0.4214381100807296,0.0,8.581932142206261
4,True,0.0,0.0,0.0,0.0,0.175193858608913,0.0,9.489600896188744
4,True,0.0,0.0,0.0,0.0,1.6450123490685198,0.0,4.273375154342385
4,True,0.0,0.0,0.0,0.0,0.06825999175824604,0.0,9.891260875681551
4,True,0.0,0.0,0.0,0.0,2.7379764997910283,0.0,0.7123313550470245
4,True,0.0,0.0,0.0,0.0,2.1641425645502754,0.0,2.5546558243919493
4,True,0.0,0.0,0.0,0.0,0.8943489636465074,0.0,6.872665678730582
4,True,0.0,0.0,0.0,0.0,0.48925007977307367,0.0,8.328355477943871
4,True,0.0,0.0,0.0,0.0,0.34182226433341345,0.0,8.87680275804319
4,True,0.0,0.0,0.0,0.0,1.0741202619671153,0.0,6.241257687944413
4,True,0.0,0.0,0.0,0.0,0.6136075538780039,0.0,7.876046271384385
4,True,0.0,0.0,0.0,0.0,2.290760425045524,0.0,2.1419602179336805
4,True,0.0,0.0,0.0,0.0,2.0686194730022978,0.0,2.8664333905732087
4,True,0.0,0.0,0.0,0.0,2.1222888732576606,0.0,2.6869573751891473
4,True,0.0,0.0,0.0,0.0,0.3612255835561129,0.0,8.798054039247294
4,True,0.0,0.0,0.0,0.0,0.9179601764208623,0.0,6.786565258740318
4,True,0.0,0.0,0.0,0.0,1.317008540358633,0.0,5.398285071930175
4,True,0.0,0.0,0.0,0.0,2.0720500511526074,0.0,2.8612463268489874
4,True,0.0,0.0,0.0,0.0,1.1682860156063013,0.0,5.912678618247302
4,True,0.0,0.0,0.0,0.0,1.7542396661267556,0.0,3.907289154612237
4,True,0.0,0.0,0.0,0.0,2.1625410669449563,0.0,2.556984311264199
4,True,0.0,0.0,0.0,0.0,0.4752261173139094,0.0,8.382418743853194
4,True,0.0,0.0,0.0,0.0,0.2986444447627412,0.0,9.030451742958324
4,True,0.0,0.0,0.0,0.0,0.238254202855126,0.0,9.262262574271741
4,True,0.0,0.0,0.0,0.0,0.8663377972820352,0.0,6.970906169241453
4,True,0.0,0.0,0.0,0.0,0.864759230405121,0.0,6.97693065041941
4,True,0.0,0.0,0.0,0.0,0.6443249971921916,0.0,7.7649533598351805
4,True,0.0,0.0,0.0,0.0,0.10007955760936715,0.0,9.771895268663567
4,True,0.0,0.0,0.0,0.0,2.6955704292263016,0.0,0.8425496136031274
4,True,0.0,0.0,0.0,0.0,2.017348717614209,0.0,3.0333592084811456
4,True,0.0,0.0,0.0,0.0,1.2235993284810953,0.0,5.724926336203573
4,True,0.0,0.0,0.0,0.0,0.4400294062408716,0.0,8.521154557363609
4,True,0.0,0.0,0.0,0.0,2.3565331700121206,0.0,1.9341349499468974
4,True,0.0,0.0,0.0,0.0,0.38661778856130535,0.0,8.706869177933852
4,True,0.0,0.0,0.0,0.0,0.6510754239621885,0.0,7.760755225805038
4,True,0.0,0.0,0.0,0.0,0.3969647105109386,0.0,8.678603267727414
4,True,0.0,0.0,0.0,0.0,1.6783378284865091,0.0,4.162871822985171
4,True,0.0,0.0,0.0,0.0,1.4588228396364755,0.0,4.905985897600884
4,True,0.0,0.0,0.0,0.0,0.8472016029372753,0.0,7.042132723826677
4,True,0.0,0.0,0.0,0.0,0.05364698554918279,0.0,9.967766013960533
4,True,0.0,0.0,0.0,0.0,1.6188333237329933,0.0,4.364312690345007
4,True,0.0,0.0,0.0,0.0,1.7212225906289569,0.0,4.018520417968007
4,True,0.0,0.0,0.0,0.0,2.498881048314028,0.0,1.4826377767077625
4,True,0.0,0.0,0.0,0.0,1.752232510582974,0.0,3.914695217830455
4,True,0.0,0.0,0.0,0.0,2.384025426735248,0.0,1.8371448606559815
4,True,0.0,0.0,0.0,0.0,2.745162838885029,0.0,0.6964185070997164
4,True,0.0,0.0,0.0,0.0,0.42456916441965253,0.0,8.580247095263937
4,True,0.0,0.0,0.0,0.0,2.3441960708055376,0.0,1.977918914006216
4,True,0.0,0.0,0.0,0.0,1.8296347592179685,0.0,3.655201478016279
4,True,0.0,0.0,0.0,0.0,1.3274519027100973,0.0,5.367267980083856
4,True,0.0,0.0,0.0,0.0,2.9261463300127577,0.0,0.12260379594212223
4,True,0.0,0.0,0.0,0.0,1.8992045568874794,0.0,3.4289838481732504
4,True,0.0,0.0,0.0,0.0,1.0031398396310287,0.0,6.498988441312625
4,True,0.0,0.0,0.0,0.0,0.905988642090616,0.0,6.833451962657133
4,True,0.0,0.0,0.0,0.0,1.5274625180552448,0.0,4.672466830403865
4,True,0.0,0.0,0.0,0.0,2.786007682268421,0.0,0.5603412043153622
4,True,0.0,0.0,0.0,0.0,2.2419936380538963,0.0,2.2983937143622457
4,True,0.0,0.0,0.0,0.0,0.4353375771918744,0.0,8.532286465746907
4,True,0.0,0.0,0.0,0.0,2.3142198475301856,0.0,2.077977174795631
4,True,0.0,0.0,0.0,0.0,0.8726070111238049,0.0,6.948925232186321
4,True,0.0,0.0,0.0,0.0,0.5361520697806932,0.0,8.167518755011027
4,True,0.0,0.0,0.0,0.0,2.4405952333983905,0.0,1.6568004314517215
4,True,0.0,0.0,0.0,0.0,0.6255855252796816,0.0,7.83291269455354
4,True,0.0,0.0,0.0,0.0,2.951372728084478,0.0,0.042584670364065325
4,True,0.0,0.0,0.0,0.0,1.524620377231567,0.0,4.694499266473695
4,True,0.0,0.0,0.0,0.0,2.3948160732153556,0.0,1.802333624900876
4,True,0.0,0.0,0.0,0.0,2.5145817500396905,0.0,1.4216435825982199
4,True,0.0,0.0,0.0,0.0,0.3184854075811261,0.0,8.962549523005404
4,True,0.0,0.0,0.0,0.0,0.9747262408677515,0.0,6.586017450911363
4,True,0.0,0.0,0.0,0.0,2.162336205934756,0.0,2.575374398070762
4,True,0.0,0.0,0.0,0.0,1.9725521211651609,0.0,3.1876915410346762
4,True,0.0,0.0,0.0,0.0,0.9476550157422658,0.0,6.682693829516428
4,True,0.0,0.0,0.0,0.0,1.9768861098379054,0.0,3.1689342001220533
4,True,0.0,0.0,0.0,0.0,2.0412954491140223,0.0,2.9651551500777362
4,True,0.0,0.0,0.0,0.0,0.028289088210098345,0.0,10.038733853663473
4,True,0.0,0.0,0.0,0.0,0.5169746876074299,0.0,8.226929254020876
4,True,0.0,0.0,0.0,0.0,2.5199621954121176,0.0,1.400005502667101
4,True,0.0,0.0,0.0,0.0,2.638711421570772,0.0,1.041105507232054
4,True,0.0,0.0,0.0,0.0,1.2359768892510559,0.0,5.680495371274363
4,True,0.0,0.0,0.0,0.0,0.8888829436145107,0.0,6.897511081672358
4,True,0.0,0.0,0.0,0.0,2.3043051930130565,0.0,2.098922243652146
4,True,0.0,0.0,0.0,0.0,2.345971812358627,0.0,1.9618905550113364
4,True,0.0,0.0,0.0,0.0,1.1448180508323635,0.0,5.998842815160543
4,True,0.0,0.0,0.0,0.0,2.0566069102711526,0.0,2.907994077747833
4,True,0.0,0.0,0.0,0.0,0.2233853012077458,0.0,9.308817576100326
4,True,0.0,0.0,0.0,0.0,1.81949933505402,0.0,3.70596661455046
4,True,0.0,0.0,0.0,0.0,1.6232343426569429,0.0,4.348982168163429
4,True,0.0,0.0,0.0,0.0,1.7449403277402742,0.0,3.945754264795154
4,True,0.0,0.0,0.0,0.0,0.6718227866290949,0.0,7.666207602999842
4,True,0.0,0.0,0.0,0.0,0.27188201322362326,0.0,9.12767911123834
4,True,0.0,0.0,0.0,0.0,0.6307229270115178,0.0,7.816624645972214
4,True,0.0,0.0,0.0,0.0,1.5677983829995301,0.0,4.538003309504324
4,True,0.0,0.0,0.0,0.0,1.653889215487403,0.0,4.24624401891106
4,True,0.0,0.0,0.0,0.0,1.7055890333437573,0.0,4.069770597411482
4,True,0.0,0.0,0.0,0.0,2.968922808340979,0.0,3.6637359812630166e-13
4,True,0.0,0.0,0.0,0.0,2.6219685632488554,0.0,1.0812968074308649
4,True,0.0,0.0,0.0,0.0,2.8552516246815984,0.0,0.35802340931974097
4,True,0.0,0.0,0.0,0.0,0.016823470588345213,0.0,10.081471183783997
4,True,0.0,0.0,0.0,0.0,1.1408422127865414,0.0,6.008450546537524
4,True,0.0,0.0,0.0,0.0,2.8158814167845825,0.0,0.46306473971842177
4,True,0.0,0.0,0.0,0.0,0.2630259103738042,0.0,9.161081070830146
4,True,0.0,0.0,0.0,0.0,1.121436669921183,0.0,6.074412131457397
4,True,0.0,0.0,0.0,0.0,2.1046145308402764,0.0,2.7471501325193826
4,True,0.0,0.0,0.0,0.0,1.1274123892110022,0.0,6.052950340933771
4,True,0.0,0.0,0.0,0.0,2.4463424763509822,0.0,1.6368194666368852
4,True,0.0,0.0,0.0,0.0,2.0123390644109507,0.0,3.0579305486867048
4,True,0.0,0.0,0.0,0.0,0.29236203588609566,0.0,9.065349920346932
4,True,0.0,0.0,0.0,0.0,2.0804759020064845,0.0,2.8314194393876058
4,True,0.0,0.0,0.0,0.0,1.7982995257878276,0.0,3.767864242385577
4,True,0.0,0.0,0.0,0.0,2.1431484842872273,0.0,2.6226411790058357
4,True,0.0,0.0,0.0,0.0,0.28163807913075267,0.0,9.098793671757367
4,True,0.0,0.0,0.0,0.0,2.051282749454053,0.0,2.9229235467670645
4,True,0.0,0.0,0.0,0.0,1.0031677902603175,0.0,6.494721517433555
4,True,0.0,0.0,0.0,0.0,1.8391619403133275,0.0,3.6369717965540116
4,True,0.0,0.0,0.0,0.0,1.5182576152142135,0.0,4.709827647657317
4,True,0.0,0.0,0.0,0.0,2.291760690175415,0.0,2.137337290539365
4,True,0.0,0.0,0.0,0.0,0.46650449007406003,0.0,8.417905635831657
4,True,0.0,0.0,0.0,0.0,0.4919270713942492,0.0,8.3225058811483
4,True,0.0,0.0,0.0,0.0,1.5296420150964107,0.0,4.665158887543397
4,True,0.0,0.0,0.0,0.0,1.588375183430879,0.0,4.4653305110185615
4,True,0.0,0.0,0.0,0.0,2.23225568740838,0.0,2.330796749991304
4,True,0.0,0.0,0.0,0.0,1.967650031388224,0.0,3.195428028364722
4,True,0.0,0.0,0.0,0.0,2.90029161798121,0.0,0.1996263258119524
4,True,0.0,0.0,0.0,0.0,1.9196454323208156,0.0,3.3592544157230786
4,True,0.0,0.0,0.0,0.0,0.7008714852508868,0.0,7.563028318883347
4,True,0.0,0.0,0.0,0.0,0.9558795404963183,0.0,6.656346408750046
4,True,0.0,0.0,0.0,0.0,1.343765444197298,0.0,5.301985764331607
4,True,0.0,0.0,0.0,0.0,1.6590595816935005,0.0,4.226016879063598
4,True,0.0,0.0,0.0,0.0,0.012787715056028492,0.0,10.099388366630835
4,True,0.0,0.0,0.0,0.0,1.8204375388732652,0.0,3.6850361149941446
4,True,0.0,0.0,0.0,0.0,0.21440575363853576,0.0,9.34115385008939
4,True,0.0,0.0,0.0,0.0,1.409672637888082,0.0,5.077136497727008
4,True,0.0,0.0,0.0,0.0,1.8841131330031624,0.0,3.478579457216713
4,True,0.0,0.0,0.0,0.0,1.2808227005589257,0.0,5.533859999238199
4,True,0.0,0.0,0.0,0.0,2.449248879312249,0.0,1.6261846072938457
4,True,0.0,0.0,0.0,0.0,0.34329471203113915,0.0,8.869329357075461
4,True,0.0,0.0,0.0,0.0,1.4391946377750209,0.0,4.993787734722388
4,True,0.0,0.0,0.0,0.0,1.091133201993122,0.0,6.1774832742536585
4,True,0.0,0.0,0.0,0.0,0.13273700857143744,0.0,9.650625749849562
4,True,0.0,0.0,0.0,0.0,0.8250355472731785,0.0,7.119586511480335
4,True,0.0,0.0,0.0,0.0,0.10134155985694893,0.0,9.767074591912195
4,True,0.0,0.0,0.0,0.0,1.7768358931680828,0.0,3.8381507176616148
4,True,0.0,0.0,0.0,0.0,0.9479071179850473,0.0,6.681211329032255
4,True,0.0,0.0,0.0,0.0,2.710553237552138,0.0,0.8000151486662777
4,True,0.0,0.0,0.0,0.0,2.3785560896325664,0.0,1.8583602010414424
4,True,0.0,0.0,0.0,0.0,2.006716802686037,0.0,3.066364340789607
4,True,0.0,0.0,0.0,0.0,2.5033717369685404,0.0,1.4531736349206348
4,True,0.0,0.0,0.0,0.0,1.9256089720175784,0.0,3.3415499495303314
4,True,0.0,0.0,0.0,0.0,0.052303549491727885,0.0,9.96886757745239
4,True,0.0,0.0,0.0,0.0,0.8664356655760708,0.0,6.970818276686474
4,True,0.0,0.0,0.0,0.0,2.3156549886833466,0.0,2.062527190444141
4,True,0.0,0.0,0.0,0.0,1.4401561129666174,0.0,4.9752250121979475
4,True,0.0,0.0,0.0,0.0,0.48226523196168714,0.0,8.355450328816927
4,True,0.0,0.0,0.0,0.0,1.8131232925512775,0.0,3.7093409034902103
4,True,0.0,0.0,0.0,0.0,1.0077356458707776,0.0,6.48743166092448
4,True,0.0,0.0,0.0,0.0,0.1748449814137576,0.0,9.495752743451558
4,True,0.0,0.0,0.0,0.0,1.4281483786157678,0.0,5.010825111992611
4,True,0.0,0.0,0.0,0.0,2.7459276333432814,0.0,0.6920174826197334
4,True,0.0,0.0,0.0,0.0,0.013736007548137419,0.0,10.094274854286578
4,True,0.0,0.0,0.0,0.0,0.32746681341626616,0.0,8.92762603620384
4,True,0.0,0.0,0.0,0.0,2.6534068849515813,0.0,0.9751748585244302
4,True,0.0,0.0,0.0,0.0,1.2277875898153656,0.0,5.709242689246718
4,True,0.0,0.0,0.0,0.0,1.8826571257125613,0.0,3.479167451941634
4,True,0.0,0.0,0.0,0.0,1.4895466321127815,0.0,4.803011664221957
4,True,0.0,0.0,0.0,0.0,1.1583020723692439,0.0,5.9442373162308275
4,True,0.0,0.0,0.0,0.0,0.38839338130345347,0.0,8.703129225697538
4,True,0.0,0.0,0.0,0.0,1.6223595200541507,0.0,4.349598963194435
4,True,0.0,0.0,0.0,0.0,0.5942271505502417,0.0,7.947131297230936
4,True,0.0,0.0,0.0,0.0,1.214933595417922,0.0,5.7604180978204855
4,True,0.0,0.0,0.0,0.0,0.6607416873892991,0.0,7.7141820539015304
4,True,0.0,0.0,0.0,0.0,2.927461332983594,0.0,0.1133746878908437
4,True,0.0,0.0,0.0,0.0,0.31680160128743085,0.0,8.964170996909637
4,True,0.0,0.0,0.0,0.0,1.100583279784717,0.0,6.151598280987658
4,True,0.0,0.0,0.0,0.0,1.8734343706113932,0.0,3.510204180067289
4,True,0.0,0.0,0.0,0.0,0.21335704486270535,0.0,9.375716719614735
4,True,0.0,0.0,0.0,0.0,0.0909358589081477,0.0,9.802164445926609
4,True,0.0,0.0,0.0,0.0,1.9961409363566274,0.0,3.1068370358178443
4,True,0.0,0.0,0.0,0.0,1.6184186688188884,0.0,4.368631009013191
4,True,0.0,0.0,0.0,0.0,0.15048700146856886,0.0,9.580886685516177
4,True,0.0,0.0,0.0,0.0,2.900626786006022,0.0,0.19905358953939967
4,True,0.0,0.0,0.0,0.0,2.6741115124656267,0.0,0.9107395257250572
4,True,0.0,0.0,0.0,0.0,1.2200746585133482,0.0,5.729127995861694
4,True,0.0,0.0,0.0,0.0,0.8860470916606245,0.0,6.901034731198907
4,True,0.0,0.0,0.0,0.0,0.11215954629280045,0.0,9.723386034668568
4,True,0.0,0.0,0.0,0.0,1.8915252810290606,0.0,3.4481166949982933
4,True,0.0,0.0,0.0,0.0,2.4811081882453734,0.0,1.5251084324549802
4,True,0.0,0.0,0.0,0.0,2.2202397412549146,0.0,2.372793152377972
4,True,0.0,0.0,0.0,0.0,2.2716612171622463,0.0,2.214372395545261
4,True,0.0,0.0,0.0,0.0,0.17515070949473133,0.0,9.491757478949104
4,True,0.0,0.0,0.0,0.0,1.3327680899930083,0.0,5.350578779206927
4,True,0.0,0.0,0.0,0.0,0.9447664686186297,0.0,6.712049999386194
4,True,0.0,0.0,0.0,0.0,1.060417970500116,0.0,6.29230582184368
4,True,0.0,0.0,0.0,0.0,1.8500546062421797,0.0,3.588008635227491
4,True,0.0,0.0,0.0,0.0,0.25789785152091627,0.0,9.179602847874069
4,True,0.0,0.0,0.0,0.0,2.6658604415324194,0.0,0.9367109316800404
4,True,0.0,0.0,0.0,0.0,2.3020294650322404,0.0,2.1025022862477205
4,True,0.0,0.0,0.0,0.0,2.507899674774572,0.0,1.4393199396050993
4,True,0.0,0.0,0.0,0.0,0.5179627142560594,0.0,8.223004183513883
4,True,0.0,0.0,0.0,0.0,2.9176033736676654,0.0,0.15095301533508687
4,True,0.0,0.0,0.0,0.0,1.2820183815905883,0.0,5.513946309313789
4,True,0.0,0.0,0.0,0.0,2.336783240226048,0.0,1.9898854244324693
4,True,0.0,0.0,0.0,0.0,2.872440498365192,0.0,0.28517696578213014
4,True,0.0,0.0,0.0,0.0,1.6482679035232817,0.0,4.263519387857784
4,True,0.0,0.0,0.0,0.0,0.08474467877512826,0.0,9.838199223797517
4,True,0.0,0.0,0.0,0.0,1.4496596250273885,0.0,4.953545740269916
4,True,0.0,0.0,0.0,0.0,0.9929092902024705,0.0,6.5250803200324174
4,True,0.0,0.0,0.0,0.0,1.2909275154491584,0.0,5.488131763343873
4,True,0.0,0.0,0.0,0.0,0.8445065743162061,0.0,7.0503718828905715
4,True,0.0,0.0,0.0,0.0,0.5484893526410461,0.0,8.114346754631175
4,True,0.0,0.0,0.0,0.0,0.05510296414205085,0.0,9.937064128516992
4,True,0.0,0.0,0.0,0.0,0.0,0.0,10.14638420741899
4,True,0.0,0.0,0.0,0.0,1.1668318728961014,0.0,5.914424078391978
4,True,0.0,0.0,0.0,0.0,0.173282284703824,0.0,9.496317764496442
4,True,0.0,0.0,0.0,0.0,2.561819803411225,0.0,1.277574689748373
4,True,0.0,0.0,0.0,0.0,1.4926679173649537,0.0,4.789906059554561
4,True,0.0,0.0,0.0,0.0,2.107926343777211,0.0,2.735474178088315
4,True,0.0,0.0,0.0,0.0,2.9677890128431805,0.0,1.3411494137471891e-11
4,True,0.0,0.0,0.0,0.0,0.26718564533197986,0.0,9.150490671090916
4,True,0.0,0.0,0.0,0.0,1.1560628056377142,0.0,5.965811509956287
4,True,0.0,0.0,0.0,0.0,0.273627802595533,0.0,9.124248008209046
4,True,0.0,0.0,0.0,0.0,1.106800495525917,0.0,6.124346979903139
4,True,0.0,0.0,0.0,0.0,1.9976818775623517,0.0,3.099987242596103
4,True,0.0,0.0,0.0,0.0,0.3406231638718893,0.0,8.877648516038406
4,True,0.0,0.0,0.0,0.0,0.9285866889496064,0.0,6.749756491716862
4,True,0.0,0.0,0.0,0.0,0.9301714114294035,0.0,6.744729832257102
4,True,0.0,0.0,0.0,0.0,0.8720447693848166,0.0,6.951508536435503
4,True,0.0,0.0,0.0,0.0,1.4208484874796312,0.0,5.047759140369967
4,True,0.0,0.0,0.0,0.0,1.2319271052963487,0.0,5.698090762183883
4,True,0.0,0.0,0.0,0.0,0.8248391281573064,0.0,7.1214878967068795
4,True,0.0,0.0,0.0,0.0,2.8557942668277603,0.0,0.35388965434216546
4,True,0.0,0.0,0.0,0.0,2.199532341063304,0.0,2.4344818335615526
4,True,0.0,0.0,0.0,0.0,2.6986239799093314,0.0,0.8354940553551793
4,True,0.0,0.0,0.0,0.0,2.5270665305442974,0.0,1.378035193447913
4,True,0.0,0.0,0.0,0.0,2.6067633503691345,0.0,1.145229399011427
4,True,0.0,0.0,0.0,0.0,0.034408627891924226,0.0,10.018142124471474
4,True,0.0,0.0,0.0,0.0,2.593266546413975,0.0,1.1665135168254737
4,True,0.0,0.0,0.0,0.0,1.4395253281203169,0.0,4.978717304484359
4,True,0.0,0.0,0.0,0.0,1.9212606448461012,0.0,3.352072697528774
4,True,0.0,0.0,0.0,0.0,1.1503594940513673,0.0,5.978455567683827
4,True,0.0,0.0,0.0,0.0,2.7366443920951444,0.0,0.732134718434263
4,True,0.0,0.0,0.0,0.0,0.036945820941303165,0.0,10.010343325374748
4,True,0.0,0.0,0.0,0.0,2.376860312904394,0.0,1.861965388059672
4,True,0.0,0.0,0.0,0.0,1.981601109062514,0.0,3.1518947697118604
4,True,0.0,0.0,0.0,0.0,2.0210377711996075,0.0,3.019864293190755
4,True,0.0,0.0,0.0,0.0,0.32937108362854906,0.0,8.916230377285661
4,True,0.0,0.0,0.0,0.0,1.1796560456585836,0.0,5.870987971119757
4,True,0.0,0.0,0.0,0.0,2.5621166551746954,0.0,1.2716962168928037
4,True,0.0,0.0,0.0,0.0,0.6788041059523908,0.0,7.641839754855373
4,True,0.0,0.0,0.0,0.0,0.6875949656748204,0.0,7.6108281697521925
4,True,0.0,0.0,0.0,0.0,0.3684162067154162,0.0,8.773823507286338
4,True,0.0,0.0,0.0,0.0,2.487468783431901,0.0,1.5077357364319033
4,True,0.0,0.0,0.0,0.0,2.2144977394999543,0.0,2.385632236330415
4,True,0.0,0.0,0.0,0.0,2.3330305978621624,0.0,2.002664983304625
4,True,0.0,0.0,0.0,0.0,0.014493901555179267,0.0,10.091040526097084
4,True,0.0,0.0,0.0,0.0,0.2356429278903338,0.0,9.273382533169027
4,True,0.0,0.0,0.0,0.0,1.6885926204659785,0.0,4.127891485578261
4,True,0.0,0.0,0.0,0.0,1.777103894026022,0.0,3.8328768468554375
4,True,0.0,0.0,0.0,0.0,2.830004902454486,0.0,0.4335362718843827
4,True,0.0,0.0,0.0,0.0,1.0228797131900835,0.0,6.419442434181988
4,True,0.0,0.0,0.0,0.0,1.4918707967949252,0.0,4.797006691588946
4,True,0.0,0.0,0.0,0.0,2.266182999656907,0.0,2.2198592508466786
4,True,0.0,0.0,0.0,0.0,2.4068560330954503,0.0,1.7646418822555687
4,True,0.0,0.0,0.0,0.0,0.6349790723400806,0.0,7.802845584576579
4,True,0.0,0.0,0.0,0.0,0.33593328991590177,0.0,8.893981593145284
4,True,0.0,0.0,0.0,0.0,0.6526041683628803,0.0,7.750414029341912
4,True,0.0,0.0,0.0,0.0,0.3820210705836602,0.0,8.72270918155812
4,True,0.0,0.0,0.0,0.0,1.2330571370364418,0.0,5.697261928702691
4,True,0.0,0.0,0.0,0.0,1.2786677298274207,0.0,5.533920380200552
4,True,0.0,0.0,0.0,0.0,2.0275707561221212,0.0,3.01654770356673
4,True,0.0,0.0,0.0,0.0,1.4855103377439116,0.0,4.825003118401739
4,True,0.0,0.0,0.0,0.0,0.08223149466467516,0.0,9.840731104495525
4,True,0.0,0.0,0.0,0.0,1.6735933310190632,0.0,4.18681478035281
4,True,0.0,0.0,0.0,0.0,1.1414669085269447,0.0,6.003187130976229
4,True,0.0,0.0,0.0,0.0,1.4428137879703096,0.0,4.9608445878391745
4,True,0.0,0.0,0.0,0.0,1.388147108577098,0.0,5.148937853119795
4,True,0.0,0.0,0.0,0.0,0.5459953536028017,0.0,8.129148023506716
4,True,0.0,0.0,0.0,0.0,0.851726758787863,0.0,7.028655494390246
4,True,0.0,0.0,0.0,0.0,2.0350004612866623,0.0,2.9734221361312985
4,True,0.0,0.0,0.0,0.0,0.12314805531831174,0.0,9.689836453394928
4,True,0.0,0.0,0.0,0.0,0.8590225846093591,0.0,6.999268713676243
4,True,0.0,0.0,0.0,0.0,2.0694093406480762,0.0,2.8613228903958787
4,True,0.0,0.0,0.0,0.0,0.9870906310323835,0.0,6.542422817605975
4,True,0.0,0.0,0.0,0.0,0.14263754042596055,0.0,9.619536225111858
4,True,0.0,0.0,0.0,0.0,1.2632085002904248,0.0,5.579874545396368
4,True,0.0,0.0,0.0,0.0,1.714511754096082,0.0,4.043550526598095
4,True,0.0,0.0,0.0,0.0,2.4614361075963154,0.0,1.6029846471458442
4,True,0.0,0.0,0.0,0.0,2.624789233733249,0.0,1.0713563266562698
4,True,0.0,0.0,0.0,0.0,2.6657925335377364,0.0,0.9440458447930622
4,True,0.0,0.0,0.0,0.0,0.3071765966147555,0.0,9.000603455946187
4,True,0.0,0.0,0.0,0.0,1.4862347165215062,0.0,4.819070659571334
4,True,0.0,0.0,0.0,0.0,0.7090795304339426,0.0,7.5392988550440965
4,True,0.0,0.0,0.0,0.0,2.064875074807637,0.0,2.8986692610768694
4,True,0.0,0.0,0.0,0.0,1.0078514817763673,0.0,6.481866002169124
4,True,0.0,0.0,0.0,0.0,0.8647151490215332,0.0,6.981739621892247
4,True,0.0,0.0,0.0,0.0,2.575187769231324,0.0,1.223648696858315
4,True,0.0,0.0,0.0,0.0,0.7958598254932836,0.0,7.242773382530466
4,True,0.0,0.0,0.0,0.0,1.2239949750759815,0.0,5.721940815391391
4,True,0.0,0.0,0.0,0.0,1.9352403207544833,0.0,3.305227158126156
4,True,0.0,0.0,0.0,0.0,2.0883472527501,0.0,2.801260492617652
4,True,0.0,0.0,0.0,0.0,2.3568690670966452,0.0,1.9324422791840101
4,True,0.0,0.0,0.0,0.0,0.006658040240481444,0.0,10.119986565672612
4,True,0.0,0.0,0.0,0.0,1.2740861536047143,0.0,5.543321887941078
4,True,0.0,0.0,0.0,0.0,0.8845797672966671,0.0,6.922576414861304
4,True,0.0,0.0,0.0,0.0,1.4716988681698684,0.0,4.872054134017157
4,True,0.0,0.0,0.0,0.0,2.3502786539857157,0.0,1.9540522878076838
4,True,0.0,0.0,0.0,0.0,2.786855039471514,0.0,0.5531038878901717
4,True,0.0,0.0,0.0,0.0,0.5849208226499925,0.0,7.981296615530187
4,True,0.0,0.0,0.0,0.0,1.5653144568075317,0.0,4.553755180686647
4,True,0.0,0.0,0.0,0.0,2.9752388270941066,0.0,0.0
4,True,0.0,0.0,0.0,0.0,2.603794174855889,0.0,1.1547611751858256
4,True,0.0,0.0,0.0,0.0,0.5791679909079139,0.0,8.000440827420407
4,True,0.0,0.0,0.0,0.0,0.9280709251720087,0.0,6.767913564248451
4,True,0.0,0.0,0.0,0.0,0.45438801655446337,0.0,8.461485323964823
4,True,0.0,0.0,0.0,0.0,1.6839615224783833,0.0,4.146810201983387
4,True,0.0,0.0,0.0,0.0,2.6426230363986836,0.0,1.02380330388826
4,True,0.0,0.0,0.0,0.0,0.14817403939388907,0.0,9.587302201837655
4,True,0.0,0.0,0.0,0.0,2.3568479257973562,0.0,1.9333127063048572
4,True,0.0,0.0,0.0,0.0,2.566850460701686,0.0,1.2509393654660195
4,True,0.0,0.0,0.0,0.0,0.7941868916814143,0.0,7.243884076905682
4,True,0.0,0.0,0.0,0.0,1.953147431420088,0.0,3.2694627909713003
4,True,0.0,0.0,0.0,0.0,2.643833499471815,0.0,1.0078130796665197
4,True,0.0,0.0,0.0,0.0,2.2863993594727017,0.0,2.15679207391829
4,True,0.0,0.0,0.0,0.0,2.360535844242284,0.0,1.912727379226531
4,True,0.0,0.0,0.0,0.0,2.135586697920411,0.0,2.6462561109112714
4,True,0.0,0.0,0.0,0.0,2.1785035517102758,0.0,2.5030533645838293
4,True,0.0,0.0,0.0,0.0,0.11701582588746762,0.0,9.706965340382345
4,True,0.0,0.0,0.0,0.0,1.555338255636407,0.0,4.587226097518549
4,True,0.0,0.0,0.0,0.0,0.08592947950221141,0.0,9.826573964856067
4,True,0.0,0.0,0.0,0.0,1.0352230184943467,0.0,6.377874286053398
4,True,0.0,0.0,0.0,0.0,0.48908203270658923,0.0,8.330587594254713
4,True,0.0,0.0,0.0,0.0,0.856837097312313,0.0,7.015282425342129
4,True,0.0,0.0,0.0,0.0,2.578561579879357,0.0,1.217789713038031
4,True,0.0,0.0,0.0,0.0,1.0629474200666733,0.0,6.287446551806719
4,True,0.0,0.0,0.0,0.0,2.012621346451815,0.0,3.0470023159881565
4,True,0.0,0.0,0.0,0.0,1.1349931257646717,0.0,6.02710937370955
4,True,0.0,0.0,0.0,0.0,1.101489853058757,0.0,6.1414235849575505
4,True,0.0,0.0,0.0,0.0,1.394893046057255,0.0,5.148896962779103
4,True,0.0,0.0,0.0,0.0,1.408017907823167,0.0,5.082188160262346
4,True,0.0,0.0,0.0,0.0,2.824271081595886,0.0,0.4360197406321653
4,True,0.0,0.0,0.0,0.0,1.1461067207164777,0.0,5.990379637293164
4,True,0.0,0.0,0.0,0.0,2.297593523643038,0.0,2.1208503362219577
4,True,0.0,0.0,0.0,0.0,1.1747772549145163,0.0,5.892935419049527
4,True,0.0,0.0,0.0,0.0,2.3755511225426407,0.0,1.8636580588225593
4,True,0.0,0.0,0.0,0.0,2.954141625667317,0.0,0.029900527923720777
4,True,0.0,0.0,0.0,0.0,0.6941373688460262,0.0,7.592561969395916
4,True,0.0,0.0,0.0,0.0,0.5697152994361798,0.0,8.043300307975931
4,True,0.0,0.0,0.0,0.0,1.5972099274461748,0.0,4.439873135955541
4,True,0.0,0.0,0.0,0.0,2.67886734031193,0.0,0.8979184289424347
4,True,0.0,0.0,0.0,0.0,1.9335312962935225,0.0,3.313890334127678
4,True,0.0,0.0,0.0,0.0,1.6169384299828615,0.0,4.379226431311678
4,True,0.0,0.0,0.0,0.0,1.30788616498283,0.0,5.437379605972925
4,True,0.0,0.0,0.0,0.0,0.4582931198250151,0.0,8.446958462108856
4,True,0.0,0.0,0.0,0.0,0.4436523814001392,0.0,8.498244689050505
4,True,0.0,0.0,0.0,0.0,0.05141543582399821,0.0,9.97557333011101
4,True,0.0,0.0,0.0,0.0,2.9155878203776076,0.0,0.16156939830885841
4,True,0.0,0.0,0.0,0.0,0.8093830520235712,0.0,7.175553586881255
4,True,0.0,0.0,0.0,0.0,2.965225744146316,0.0,8.62947491242494e-09
4,True,0.0,0.0,0.0,0.0,2.21258784419186,0.0,2.3940513582491496
4,True,0.0,0.0,0.0,0.0,1.1578687688103773,0.0,5.944969020361501
4,True,0.0,0.0,0.0,0.0,1.026704684227664,0.0,6.408437348452667
4,True,0.0,0.0,0.0,0.0,2.1002122308563242,0.0,2.7637453091253206
4,True,0.0,0.0,0.0,0.0,2.22180492259908,0.0,2.3644821826938833
4,True,0.0,0.0,0.0,0.0,1.3065237381675976,0.0,5.439534129086676
4,True,0.0,0.0,0.0,0.0,2.839582090846682,0.0,0.39245293392480285
4,True,0.0,0.0,0.0,0.0,2.4299097398241876,0.0,1.6882840077311667
4,True,0.0,0.0,0.0,0.0,1.429510805430989,0.0,5.008670588878871
4,True,0.0,0.0,0.0,0.0,2.844236250791543,0.0,0.38119207203048955
4,True,0.0,0.0,0.0,0.0,0.540365065667725,0.0,8.150508395358946
4,True,0.0,0.0,0.0,0.0,0.8269779443283887,0.0,7.11092706433083
4,True,0.0,0.0,0.0,0.0,2.4959237397956913,0.0,1.4850497882364588
4,True,0.0,0.0,0.0,0.0,2.6046933399359595,0.0,1.1461705109303222
4,True,0.0,0.0,0.0,0.0,0.08545026866515482,0.0,9.837586243516638
4,True,0.0,0.0,0.0,0.0,0.36122555813813406,0.0,8.80487816456277
4,True,0.0,0.0,0.0,0.0,2.962168955526001,0.0,0.004619425046414882
4,True,0.0,0.0,0.0,0.0,2.251917462082176,0.0,2.2689277123629226
4,True,0.0,0.0,0.0,0.0,0.9848404756388041,0.0,6.550812997678445
4,True,0.0,0.0,0.0,0.0,2.7606692722375925,0.0,0.6473780886535829
4,True,0.0,0.0,0.0,0.0,2.330187838178166,0.0,2.00999323276132
4,True,0.0,0.0,0.0,0.0,2.788643230114485,0.0,0.5502148973623444
4,True,0.0,0.0,0.0,0.0,1.8517845447461267,0.0,3.58323332174032
4,True,0.0,0.0,0.0,0.0,2.3679970110006665,0.0,1.8922514317173622
4,True,0.0,0.0,0.0,0.0,2.6092617430289566,0.0,1.129217314137898
4,True,0.0,0.0,0.0,0.0,2.822796175843101,0.0,0.44989251313360956
4,True,0.0,0.0,0.0,0.0,2.7685736103323144,0.0,0.6153176740043897
4,True,0.0,0.0,0.0,0.0,2.230851780933274,0.0,2.3399129795965368
4,True,0.0,0.0,0.0,0.0,0.500995411963856,0.0,8.287650763452092
4,True,0.0,0.0,0.0,0.0,2.7854866253764876,0.0,0.561042825581437
4,True,0.0,0.0,0.0,0.0,0.011758606291001339,0.0,10.112329431924849
4,True,0.0,0.0,0.0,0.0,0.21824275971238372,0.0,9.328964750685309
4,True,0.0,0.0,0.0,0.0,1.8754068446796168,0.0,3.502228240190375
4,True,0.0,0.0,0.0,0.0,0.0037163158277508934,0.0,10.131165296145372
4,True,0.0,0.0,0.0,0.0,1.9551480753193684,0.0,3.2430468573207416
4,True,0.0,0.0,0.0,0.0,0.7972296388753186,0.0,7.224018090815109
4,True,0.0,0.0,0.0,0.0,1.874978090859758,0.0,3.5072339927464946
4,True,0.0,0.0,0.0,0.0,1.056437633645757,0.0,6.301017758765504
4,True,0.0,0.0,0.0,0.0,2.7732330849815745,0.0,0.5963648401909216
4,True,0.0,0.0,0.0,0.0,0.5419443806985669,0.0,8.137718095874181
4,True,0.0,0.0,0.0,0.0,1.115673337281331,0.0,6.092301290961277
4,True,0.0,0.0,0.0,0.0,1.8028235621255218,0.0,3.7469348219534515
4,True,0.0,0.0,0.0,0.0,1.2370977718129117,0.0,5.678602430784152
4,True,0.0,0.0,0.0,0.0,1.8409254819402365,0.0,3.631965251778735
4,True,0.0,0.0,0.0,0.0,1.8495393651761782,0.0,3.596210903914543
4,True,0.0,0.0,0.0,0.0,0.7294019642226535,0.0,7.463136707655527
4,True,0.0,0.0,0.0,0.0,1.2593681089388742,0.0,5.601392487163103
4,True,0.0,0.0,0.0,0.0,0.12174804062099476,0.0,9.693069805815103
4,True,0.0,0.0,0.0,0.0,1.8458627037829523,0.0,3.6046957447384176
4,True,0.0,0.0,0.0,0.0,2.3349788587460507,0.0,1.9944184969979295
4,True,0.0,0.0,0.0,0.0,0.6824837498140113,0.0,7.641406915854388
4,True,0.0,0.0,0.0,0.0,0.31509257387138945,0.0,8.979273994210214
4,True,0.0,0.0,0.0,0.0,1.3608462033499746,0.0,5.244845081805172
4,True,0.0,0.0,0.0,0.0,0.9191921192453156,0.0,6.783219226613346
4,True,0.0,0.0,0.0,0.0,0.7602128419947896,0.0,7.350313709833511
4,True,0.0,0.0,0.0,0.0,2.383163828976309,0.0,1.842054178977004
4,True,0.0,0.0,0.0,0.0,2.6525303686474544,0.0,0.9788669351866619
4,True,0.0,0.0,0.0,0.0,2.423846134160268,0.0,1.7128210049499604
4,True,0.0,0.0,0.0,0.0,0.26192723433777765,0.0,9.163675365719048
4,True,0.0,0.0,0.0,0.0,0.39288112503010897,0.0,8.680808542025819
4,True,0.0,0.0,0.0,0.0,0.2562107241853351,0.0,9.185036545763959
4,True,0.0,0.0,0.0,0.0,1.0565732342886491,0.0,6.299070672443663
4,True,0.0,0.0,0.0,0.0,1.33176713805494,0.0,5.353550691696974
4,True,0.0,0.0,0.0,0.0,1.6240840043351246,0.0,4.348104160304301
4,True,0.0,0.0,0.0,0.0,2.949998534917875,0.0,0.05178490334888375
4,True,0.0,0.0,0.0,0.0,1.6575706096327747,0.0,4.242065064483247
4,True,0.0,0.0,0.0,0.0,0.6154911335880198,0.0,7.873571330778317
4,True,0.0,0.0,0.0,0.0,1.370651035813153,0.0,5.228217819425618
4,True,0.0,0.0,0.0,0.0,2.9220444586279037,0.0,0.13008524066260296
4,True,0.0,0.0,0.0,0.0,0.07034871759460382,0.0,9.880194951290633
4,True,0.0,0.0,0.0,0.0,0.8979855588638341,0.0,6.865091161628101
4,True,0.0,0.0,0.0,0.0,1.021098670718057,0.0,6.426298275435016
4,True,0.0,0.0,0.0,0.0,0.0458461518247133,0.0,9.975817522060481
4,True,0.0,0.0,0.0,0.0,0.49872387758078673,0.0,8.313676154559356
4,True,0.0,0.0,0.0,0.0,2.8774560058104415,0.0,0.27222825440256226
4,True,0.0,0.0,0.0,0.0,1.0219486775027598,0.0,6.424616874266587
4,True,0.0,0.0,0.0,0.0,2.7261228691598527,0.0,0.7565828553972698
4,True,0.0,0.0,0.0,0.0,1.8130879819789558,0.0,3.7114227725431492
4,True,0.0,0.0,0.0,0.0,0.7115867657090491,0.0,7.523879682111767
4,True,0.0,0.0,0.0,0.0,0.2876978198660174,0.0,9.068496659726177
4,True,0.0,0.0,0.0,0.0,0.6973340012714546,0.0,7.580127983979256
4,True,0.0,0.0,0.0,0.0,1.379327279538689,0.0,5.177571707826612
4,True,0.0,0.0,0.0,0.0,0.7169451176903041,0.0,7.507390954736026
4,True,0.0,0.0,0.0,0.0,1.3986110475662672,0.0,5.133159808042331
4,True,0.0,0.0,0.0,0.0,1.9877573703562579,0.0,3.1289724192480994
4,True,0.0,0.0,0.0,0.0,2.3257715369489285,0.0,2.030353330112189
4,True,0.0,0.0,0.0,0.0,1.5022078091529112,0.0,4.757744161572141
4,True,0.0,0.0,0.0,0.0,0.20462367410526427,0.0,9.381692617957448
4,True,0.0,0.0,0.0,0.0,1.3156134791066143,0.0,5.398360233403565
4,True,0.0,0.0,0.0,0.0,1.1701826827089645,0.0,5.90453886309551
4,True,0.0,0.0,0.0,0.0,1.9897579680317246,0.0,3.1247741306829613
4,True,0.0,0.0,0.0,0.0,2.891439222518688,0.0,0.24192719783187044
4,True,0.0,0.0,0.0,0.0,2.083003314857601,0.0,2.815537017887837
4,True,0.0,0.0,0.0,0.0,1.8451832917004363,0.0,3.6112798275030333
4,True,0.0,0.0,0.0,0.0,0.19323559936478274,0.0,9.422313885980893
4,True,0.0,0.0,0.0,0.0,1.9382963874011394,0.0,3.2935616503587672
4,True,0.0,0.0,0.0,0.0,2.3641301241825285,0.0,1.9088976412852676
4,True,0.0,0.0,0.0,0.0,2.178002820178082,0.0,2.5062245177067455
4,True,0.0,0.0,0.0,0.0,2.4584832622542074,0.0,1.610770221660296
4,True,0.0,0.0,0.0,0.0,1.075390661797948,0.0,6.23332302503059
4,True,0.0,0.0,0.0,0.0,0.5541164565206258,0.0,8.097482668558909
4,True,0.0,0.0,0.0,0.0,1.9864130429498639,0.0,3.145455073655934
4,True,0.0,0.0,0.0,0.0,0.5217509899393402,0.0,8.221863610990487
4,True,0.0,0.0,0.0,0.0,2.71918753050463,0.0,0.7709698963691558
4,True,0.0,0.0,0.0,0.0,1.3831052389142617,0.0,5.174706652925631
4,True,0.0,0.0,0.0,0.0,1.4759688378489622,0.0,4.857301781918744
4,True,0.0,0.0,0.0,0.0,0.8611782569640458,0.0,6.997359396151581
4,True,0.0,0.0,0.0,0.0,1.19889804976957,0.0,5.805333153169256
4,True,0.0,0.0,0.0,0.0,1.964249933862905,0.0,3.208245209051186
4,True,0.0,0.0,0.0,0.0,1.0308868500648272,0.0,6.390450514731438
4,True,0.0,0.0,0.0,0.0,2.2039539989501034,0.0,2.4279435663323468
4,True,0.0,0.0,0.0,0.0,2.2087788596947266,0.0,2.404527965915093
4,True,0.0,0.0,0.0,0.0,0.8071019544231395,0.0,7.190341452903148
4,True,0.0,0.0,0.0,0.0,0.22828699159997967,0.0,9.292256845795388
4,True,0.0,0.0,0.0,0.0,2.792387905065663,0.0,0.5404605706929799
4,True,0.0,0.0,0.0,0.0,0.774822861416502,0.0,7.29644483785965
4,True,0.0,0.0,0.0,0.0,1.541484958221584,0.0,4.626825975534388
4,True,0.0,0.0,0.0,0.0,2.5854275784376712,0.0,1.201079684083739
4,True,0.0,0.0,0.0,0.0,2.4802912733216886,0.0,1.5351655616797188
4,True,0.0,0.0,0.0,0.0,0.677359923175791,0.0,7.655260553965537
4,True,0.0,0.0,0.0,0.0,2.8587960529797174,0.0,0.3298905158973686
4,True,0.0,0.0,0.0,0.0,0.704603923384095,0.0,7.55195210108085
4,True,0.0,0.0,0.0,0.0,1.2514689353635644,0.0,5.623397687340004
4,True,0.0,0.0,0.0,0.0,0.3457808580463073,0.0,8.855386292976098
4,True,0.0,0.0,0.0,0.0,2.6417537522945067,0.0,1.0238897421277149
4,True,0.0,0.0,0.0,0.0,2.117266430156972,0.0,2.7034464051344798
4,True,0.0,0.0,0.0,0.0,0.657360798640938,0.0,7.745415391825395
4,True,0.0,0.0,0.0,0.0,2.107332407328999,0.0,2.7374573444993167
4,True,0.0,0.0,0.0,0.0,1.1853654295646998,0.0,5.850116566441477
4,True,0.0,0.0,0.0,0.0,2.8006750160696536,0.0,0.5230113605518838
4,True,0.0,0.0,0.0,0.0,0.5564541490924446,0.0,8.09372476020922
4,True,0.0,0.0,0.0,0.0,1.9110432365333718,0.0,3.3853822888531115
4,True,0.0,0.0,0.0,0.0,1.891992232039863,0.0,3.4469478587294655
4,True,0.0,0.0,0.0,0.0,0.7350055923776799,0.0,7.44129171380834
4,True,0.0,0.0,0.0,0.0,0.9027706484433851,0.0,6.8587799879591955
4,True,0.0,0.0,0.0,0.0,0.8935463517904307,0.0,6.881123365454878
4,True,0.0,0.0,0.0,0.0,1.7682402833038013,0.0,3.8636291602542006
4,True,0.0,0.0,0.0,0.0,1.6984363564489735,0.0,4.098020531791347
4,True,0.0,0.0,0.0,0.0,1.8086505674696385,0.0,3.7300287381796915
4,True,0.0,0.0,0.0,0.0,0.6688710048010527,0.0,7.683479676417527
4,True,0.0,0.0,0.0,0.0,0.5218535187775486,0.0,8.221700087001505
4,True,0.0,0.0,0.0,0.0,2.541087129150077,0.0,1.3408702085311752
4,True,0.0,0.0,0.0,0.0,0.80550084580151,0.0,7.204127220049661
4,True,0.0,0.0,0.0,0.0,0.03017731903535159,0.0,10.03507729724925
4,True,0.0,0.0,0.0,0.0,2.5458987870285443,0.0,1.3212650911685553
4,True,0.0,0.0,0.0,0.0,1.4161244869692613,0.0,5.053819045996444
4,True,0.0,0.0,0.0,0.0,1.4394212910719295,0.0,4.984557075318497
4,True,0.0,0.0,0.0,0.0,0.06385312165922974,0.0,9.907194702338284
4,True,0.0,0.0,0.0,0.0,3.2668447413897184e-05,0.0,10.146141423692745
4,True,0.0,0.0,0.0,0.0,0.19136990429997613,0.0,9.425970442395116
4,True,0.0,0.0,0.0,0.0,0.7671861551762471,0.0,7.332235748125937
4,True,0.0,0.0,0.0,0.0,2.073790216117488,0.0,2.850103318924635
4,True,0.0,0.0,0.0,0.0,0.7272597588691143,0.0,7.481090800793922
4,True,0.0,0.0,0.0,0.0,2.1600260545800443,0.0,2.5824528457338736
4,True,0.0,0.0,0.0,0.0,0.950230016643705,0.0,6.675085006333292
4,True,0.0,0.0,0.0,0.0,1.9988394052927627,0.0,3.095981183293006
4,True,0.0,0.0,0.0,0.0,1.8794179336805938,0.0,3.4982148901231636
4,True,0.0,0.0,0.0,0.0,1.2559170589251156,0.0,5.606567719863342
4,True,0.0,0.0,0.0,0.0,1.6680033119292448,0.0,4.200544325524169
4,True,0.0,0.0,0.0,0.0,2.5387937352974177,0.0,1.341005949751095
4,True,0.0,0.0,0.0,0.0,1.301339173732008,0.0,5.454857109877464
4,True,0.0,0.0,0.0,0.0,2.2481761222269525,0.0,2.2913609527681955
4,True,0.0,0.0,0.0,0.0,0.9818934055706663,0.0,6.562009848837302
4,True,0.0,0.0,0.0,0.0,2.779928896281325,0.0,0.5892651409255434
4,True,0.0,0.0,0.0,0.0,1.239861281720489,0.0,5.674932908021235
4,True,0.0,0.0,0.0,0.0,0.3550064342113801,0.0,8.824185782435745
4,True,0.0,0.0,0.0,0.0,0.0031569975169287723,0.0,10.137960341920015
4,True,0.0,0.0,0.0,0.0,0.5475085892428955,0.0,8.126638496762384
4,True,0.0,0.0,0.0,0.0,0.04443600774386436,0.0,9.989101641958554
4,True,0.0,0.0,0.0,0.0,2.6365234041530683,0.0,1.0413416864346936
4,True,0.0,0.0,0.0,0.0,2.941202301641155,0.0,0.0704245531189307
4,True,0.0,0.0,0.0,0.0,2.6838591965629544,0.0,0.8843886707351145
4,True,0.0,0.0,0.0,0.0,1.7401022979805947,0.0,3.9664383689407168
4,True,0.0,0.0,0.0,0.0,1.9629074902000831,0.0,3.2239423197594985
4,True,0.0,0.0,0.0,0.0,0.6855754700554773,0.0,7.621109872015142
4,True,0.0,0.0,0.0,0.0,0.2313850571334708,0.0,9.279353098174049
4,True,0.0,0.0,0.0,0.0,1.272404598052801,0.0,5.551653454460503
4,True,0.0,0.0,0.0,0.0,0.6242466821868464,0.0,7.844824477855495
4,True,0.0,0.0,0.0,0.0,0.01904855864610644,0.0,10.074501834691752
4,True,0.0,0.0,0.0,0.0,0.34396758554902096,0.0,8.86119466129559
4,True,0.0,0.0,0.0,0.0,1.1084165252825073,0.0,6.119214886375235
4,True,0.0,0.0,0.0,0.0,1.710397924736673,0.0,4.060165172698083
4,True,0.0,0.0,0.0,0.0,1.7072848379960148,0.0,4.065370016763403
4,True,0.0,0.0,0.0,0.0,2.2035191177220526,0.0,2.4331465433873434
4,True,0.0,0.0,0.0,0.0,1.545598787580993,0.0,4.611511359908816
4,True,0.0,0.0,0.0,0.0,2.264670640065558,0.0,2.2447694214154046
4,True,0.0,0.0,0.0,0.0,0.4060976174276143,0.0,8.632724504890298
4,True,0.0,0.0,0.0,0.0,1.5620601991744087,0.0,4.553836175181081
4,True,0.0,0.0,0.0,0.0,1.6302010341200157,0.0,4.340820288293557
4,True,0.0,0.0,0.0,0.0,1.3191446998247702,0.0,5.388163349999486
4,True,0.0,0.0,0.0,0.0,1.8975894430982354,0.0,3.437507145306562
4,True,0.0,0.0,0.0,0.0,0.3148566285562371,0.0,8.986679517551256
4,True,0.0,0.0,0.0,0.0,0.8856879306607279,0.0,6.901198866804814
4,True,0.0,0.0,0.0,0.0,2.1789001538964903,0.0,2.5011747213685487
4,True,0.0,0.0,0.0,0.0,0.7642919708119034,0.0,7.335093554288264
4,True,0.0,0.0,0.0,0.0,0.6003038874080269,0.0,7.93981276160558
4,True,0.0,0.0,0.0,0.0,1.217439390853703,0.0,5.7437314025190815
4,True,0.0,0.0,0.0,0.0,1.2397895208256182,0.0,5.676146173916086
4,True,0.0,0.0,0.0,0.0,1.8358970993316959,0.0,3.637227545396493
4,True,0.0,0.0,0.0,0.0,0.42881578413194177,0.0,8.551186118410659
4,True,0.0,0.0,0.0,0.0,2.4196812129871126,0.0,1.7309052651470647
4,True,0.0,0.0,0.0,0.0,2.9236306389552102,0.0,0.12494344358349174
4,True,0.0,0.0,0.0,0.0,0.020522989849081075,0.0,10.072118970109145
4,True,0.0,0.0,0.0,0.0,1.6891418701718286,0.0,4.127764461563322
4,True,0.0,0.0,0.0,0.0,1.332207283518283,0.0,5.3520463873767525
4,True,0.0,0.0,0.0,0.0,1.8634853080686575,0.0,3.5452160945566358
4,True,0.0,0.0,0.0,0.0,0.7535165888094997,0.0,7.393387567732179
4,True,0.0,0.0,0.0,0.0,0.6608745849745024,0.0,7.711434466808608
4,True,0.0,0.0,0.0,0.0,1.215602662185411,0.0,5.744163949961923
4,True,0.0,0.0,0.0,0.0,2.875769885566848,0.0,0.2811922384841625
4,True,0.0,0.0,0.0,0.0,0.958444747179199,0.0,6.6459334166416255
4,True,0.0,0.0,0.0,0.0,0.7830167172167335,0.0,7.269640520559939
4,True,0.0,0.0,0.0,0.0,1.9622036058925207,0.0,3.2245521193249305
4,True,0.0,0.0,0.0,0.0,1.5137737463003065,0.0,4.72113201376011
4,True,0.0,0.0,0.0,0.0,1.9152587848271563,0.0,3.3693717775514775
4,True,0.0,0.0,0.0,0.0,1.1083409778282927,0.0,6.121606044528138
4,True,0.0,0.0,0.0,0.0,0.952565979430664,0.0,6.66648306315738
4,True,0.0,0.0,0.0,0.0,2.5968127474227054,0.0,1.1585076529476268
4,True,0.0,0.0,0.0,0.0,1.5186871527344215,0.0,4.705970748141031
4,True,0.0,0.0,0.0,0.0,2.3184257693554366,0.0,2.0534119601059664
4,True,0.0,0.0,0.0,0.0,1.7209202213290142,0.0,4.020401575812671
4,True,0.0,0.0,0.0,0.0,0.3589757280601402,0.0,8.823133303982223
4,True,0.0,0.0,0.0,0.0,2.9331609577122775,0.0,0.09500687767690641
4,True,0.0,0.0,0.0,0.0,0.41619272862030154,0.0,8.596275027580823
4,True,0.0,0.0,0.0,0.0,1.8718608525939762,0.0,3.5133054003870234
4,True,0.0,0.0,0.0,0.0,2.9460130351237623,0.0,0.05687774618196029
4,True,0.0,0.0,0.0,0.0,1.049214614304106,0.0,6.331700036450572
4,True,0.0,0.0,0.0,0.0,0.9658117974928548,0.0,6.62414596912464
4,True,0.0,0.0,0.0,0.0,1.7854460213637346,0.0,3.803126953629554
4,True,0.0,0.0,0.0,0.0,1.096845433570104,0.0,6.157425355387658
4,True,0.0,0.0,0.0,0.0,0.8582101814001764,0.0,6.99934477794506
4,True,0.0,0.0,0.0,0.0,0.3763723413375386,0.0,8.758553593431095
4,True,0.0,0.0,0.0,0.0,1.2070874188384928,0.0,5.7799156165914685
4,True,0.0,0.0,0.0,0.0,1.5603601165011804,0.0,4.569207967848088
4,True,0.0,0.0,0.0,0.0,0.8020256588349595,0.0,7.214013425343058
4,True,0.0,0.0,0.0,0.0,1.2183860639536248,0.0,5.734570218782364
4,True,0.0,0.0,0.0,0.0,2.6320297342816934,0.0,1.0503924147169608
4,True,0.0,0.0,0.0,0.0,1.637315161213404,0.0,4.300202508022766
4,True,0.0,0.0,0.0,0.0,0.9448783648185577,0.0,6.693693421537872
4,True,0.0,0.0,0.0,0.0,0.2767066555036668,0.0,9.121180332798474
4,True,0.0,0.0,0.0,0.0,0.12926625059791474,0.0,9.671969854924056
4,True,0.0,0.0,0.0,0.0,0.3974668438851303,0.0,8.672609907712847
4,True,0.0,0.0,0.0,0.0,0.7491574920437727,0.0,7.396908047521666
4,True,0.0,0.0,0.0,0.0,0.08049033266215311,0.0,9.85127923043374
4,True,0.0,0.0,0.0,0.0,1.3772922540636556,0.0,5.190843529630351
4,True,0.0,0.0,0.0,0.0,2.066743632540291,0.0,2.8941083350231267
4,True,0.0,0.0,0.0,0.0,1.6031274588476307,0.0,4.416742775379879
4,True,0.0,0.0,0.0,0.0,1.6780151259075171,0.0,4.171177427191298
4,True,0.0,0.0,0.0,0.0,2.9579722901845518,0.0,0.022806517820161964
4,True,0.0,0.0,0.0,0.0,0.8369671523829503,0.0,7.105438014816967
4,True,0.0,0.0,0.0,0.0,1.58154483775933,0.0,4.488619063504739
4,True,0.0,0.0,0.0,0.0,2.2043205647742647,0.0,2.423929890202592
4,True,0.0,0.0,0.0,0.0,0.3998145725591207,0.0,8.657715153963053
4,True,0.0,0.0,0.0,0.0,1.146986444240461,0.0,5.988041904183139
4,True,0.0,0.0,0.0,0.0,1.0685193792248637,0.0,6.256118456605442
4,True,0.0,0.0,0.0,0.0,0.3700046635979892,0.0,8.766841973148654
4,True,0.0,0.0,0.0,0.0,1.8082118222110255,0.0,3.7314384406898826
4,True,0.0,0.0,0.0,0.0,1.1027011953383736,0.0,6.136723343013362
4,True,0.0,0.0,0.0,0.0,2.455907983143646,0.0,1.6153282294819382
4,True,0.0,0.0,0.0,0.0,1.3507283964105832,0.0,5.276602689752485
4,True,0.0,0.0,0.0,0.0,0.7779291495546237,0.0,7.285450239357272
4,True,0.0,0.0,0.0,0.0,2.44375855302037,0.0,1.6500964007906904
4,True,0.0,0.0,0.0,0.0,1.0101122446834476,0.0,6.474628252244807
4,True,0.0,0.0,0.0,0.0,0.7098794522318763,0.0,7.535670056533261
4,True,0.0,0.0,0.0,0.0,2.3396868310830543,0.0,1.983682375459861
4,True,0.0,0.0,0.0,0.0,1.0899263978665141,0.0,6.181692425399598
4,True,0.0,0.0,0.0,0.0,1.763509129089913,0.0,3.8871423683611406
4,True,0.0,0.0,0.0,0.0,0.5676606659641759,0.0,8.053314912508046
4,True,0.0,0.0,0.0,0.0,1.7692200794541701,0.0,3.862167332951727
4,True,0.0,0.0,0.0,0.0,1.703074611274935,0.0,4.078473902457114
4,True,0.0,0.0,0.0,0.0,1.1918755055202235,0.0,5.849915627381542
4,True,0.0,0.0,0.0,0.0,1.0412095009574518,0.0,6.368063841815452
4,True,0.0,0.0,0.0,0.0,0.09990395122646545,0.0,9.782521706054537
4,True,0.0,0.0,0.0,0.0,2.798840631605981,0.0,0.524160724463707
4,True,0.0,0.0,0.0,0.0,0.7619106017675126,0.0,7.344289996038967
4,True,0.0,0.0,0.0,0.0,1.2968447678258332,0.0,5.463845720672323
4,True,0.0,0.0,0.0,0.0,2.8503820013782044,0.0,0.3636622049706828
4,True,0.0,0.0,0.0,0.0,1.0024850468807633,0.0,6.49903043040797
4,True,0.0,0.0,0.0,0.0,0.13457175218448691,0.0,9.643201197348027
4,True,0.0,0.0,0.0,0.0,0.09548329910870068,0.0,9.785758491584396
4,True,0.0,0.0,0.0,0.0,1.4072885417722114,0.0,5.095795171540796
4,True,0.0,0.0,0.0,0.0,2.6070141770878186,0.0,1.1333597412374385
4,True,0.0,0.0,0.0,0.0,1.8001531808589877,0.0,3.756182710684697
4,True,0.0,0.0,0.0,0.0,0.06308208434374629,0.0,9.910051139677256
4,True,0.0,0.0,0.0,0.0,1.3974926623378847,0.0,5.142721588107246
4,True,0.0,0.0,0.0,0.0,0.9375966324209672,0.0,6.719713980299746
4,True,0.0,0.0,0.0,0.0,2.0904549498079517,0.0,2.7911097235086
4,True,0.0,0.0,0.0,0.0,0.5132177555050577,0.0,8.24507868909896
4,True,0.0,0.0,0.0,0.0,2.7077715522900836,0.0,0.8269774026904653
4,True,0.0,0.0,0.0,0.0,0.5661521975705575,0.0,8.062069093304846
4,True,0.0,0.0,0.0,0.0,1.4278555920743785,0.0,5.038856989019558
4,True,0.0,0.0,0.0,0.0,2.5288040452593363,0.0,1.3755836552361789
4,True,0.0,0.0,0.0,0.0,2.0295277708683,0.0,3.015250801355973
4,True,0.0,0.0,0.0,0.0,1.5511774645501908,0.0,4.5966661078958415
4,True,0.0,0.0,0.0,0.0,0.44142400784578095,0.0,8.515488231949742
4,True,0.0,0.0,0.0,0.0,0.784587171139739,0.0,7.265170084453509
4,True,0.0,0.0,0.0,0.0,2.191939064442483,0.0,2.46759777867952
4,True,0.0,0.0,0.0,0.0,1.042596171647614,0.0,6.359988771788682
4,True,0.0,0.0,0.0,0.0,0.628096884289775,0.0,7.828976805702348
4,True,0.0,0.0,0.0,0.0,1.5099005025982049,0.0,4.737776345650846
4,True,0.0,0.0,0.0,0.0,0.7638440701285942,0.0,7.344166344094482
4,True,0.0,0.0,0.0,0.0,1.9873962556676283,0.0,3.130974848826551
4,True,0.0,0.0,0.0,0.0,2.364274445859793,0.0,1.90012567290061
4,True,0.0,0.0,0.0,0.0,2.2764486552920737,0.0,2.1867834146254705
4,True,0.0,0.0,0.0,0.0,1.0465592333607,0.0,6.33914498989302
4,True,0.0,0.0,0.0,0.0,2.355770537573776,0.0,1.9507833582219414
4,True,0.0,0.0,0.0,0.0,1.2669463465050268,0.0,5.569144328525111
4,True,0.0,0.0,0.0,0.0,2.7844573325453648,0.0,0.5858909713054139
4,True,0.0,0.0,0.0,0.0,1.4623867886952802,0.0,4.895060110051819
4,True,0.0,0.0,0.0,0.0,2.3239300598036916,0.0,2.0353121119215167
4,True,0.0,0.0,0.0,0.0,1.3651591522365614,0.0,5.231486938902419
4,True,0.0,0.0,0.0,0.0,2.4850872876375663,0.0,1.5239427241585113
4,True,0.0,0.0,0.0,0.0,2.3094653920502806,0.0,2.0781098751686655
4,True,0.0,0.0,0.0,0.0,0.3031546733961443,0.0,9.012982363994638
4,True,0.0,0.0,0.0,0.0,0.023996925226577037,0.0,10.061909997264163
4,True,0.0,0.0,0.0,0.0,1.70192575119259,0.0,4.090585808739533
4,True,0.0,0.0,0.0,0.0,1.6070874467587593,0.0,4.409372100743969
4,True,0.0,0.0,0.0,0.0,1.1777947498197494,0.0,5.877758623690887
4,True,0.0,0.0,0.0,0.0,2.079028909411962,0.0,2.84550341813391
4,True,0.0,0.0,0.0,0.0,1.4374194696856302,0.0,4.996092664587759
4,True,0.0,0.0,0.0,0.0,1.5386219070353757,0.0,4.640705388015432
4,True,0.0,0.0,0.0,0.0,0.7388510420119898,0.0,7.426589637411873
4,True,0.0,0.0,0.0,0.0,0.6855753086779659,0.0,7.625121467854646
4,True,0.0,0.0,0.0,0.0,0.4666248167817022,0.0,8.415259584214919
4,True,0.0,0.0,0.0,0.0,2.463466259787006,0.0,1.582026397803149
4,True,0.0,0.0,0.0,0.0,2.5908027136777534,0.0,1.179452377213841
4,True,0.0,0.0,0.0,0.0,1.858110150904857,0.0,3.578556567706037
4,True,0.0,0.0,0.0,0.0,2.52701353330671,0.0,1.3860401212017592
4,True,0.0,0.0,0.0,0.0,0.4160724019126594,0.0,8.598921079197552
4,True,0.0,0.0,0.0,0.0,1.7965910426918419,0.0,3.779013558731914
4,True,0.0,0.0,0.0,0.0,1.90683443722246,0.0,3.4004956776558903
4,True,0.0,0.0,0.0,0.0,2.195875791925761,0.0,2.446564136317797
4,True,0.0,0.0,0.0,0.0,1.5956348118918329,0.0,4.440596440727173
4,True,0.0,0.0,0.0,0.0,0.5898084068195697,0.0,7.973454457415263
4,True,0.0,0.0,0.0,0.0,1.0545119231130107,0.0,6.312284469500485
4,True,0.0,0.0,0.0,0.0,0.8836263031285485,0.0,6.939818584994262
4,True,0.0,0.0,0.0,0.0,1.600596680552313,0.0,4.439035658124169
4,True,0.0,0.0,0.0,0.0,0.6201960085103875,0.0,7.859979169835918
4,True,0.0,0.0,0.0,0.0,0.48732546737391136,0.0,8.336076000425264
4,True,0.0,0.0,0.0,0.0,1.2270525499784357,0.0,5.712471571764666
4,True,0.0,0.0,0.0,0.0,0.3523846207194481,0.0,8.854274252068583
4,True,0.0,0.0,0.0,0.0,1.2858972835558036,0.0,5.508225881842421
4,True,0.0,0.0,0.0,0.0,0.980410526254405,0.0,6.567934203228476
4,True,0.0,0.0,0.0,0.0,1.886840581033189,0.0,3.4631718435728986
4,True,0.0,0.0,0.0,0.0,2.7846883075859696,0.0,0.581691255471839
4,True,0.0,0.0,0.0,0.0,1.4499313485986765,0.0,4.951566647216977
4,True,0.0,0.0,0.0,0.0,0.18674524017620042,0.0,9.449634440745314
4,True,0.0,0.0,0.0,0.0,1.2705014320857688,0.0,5.556309877056432
4,True,0.0,0.0,0.0,0.0,0.7474350170683541,0.0,7.397755617091118
4,True,0.0,0.0,0.0,0.0,2.0451969275829707,0.0,2.9415189136346886
4,True,0.0,0.0,0.0,0.0,0.1111647678717298,0.0,9.743013339814588
4,True,0.0,0.0,0.0,0.0,1.6723541931289443,0.0,4.200110265474644
4,True,0.0,0.0,0.0,0.0,1.3581830311535592,0.0,5.273142646344842
4,True,0.0,0.0,0.0,0.0,0.23569104936319585,0.0,9.265095349461083
4,True,0.0,0.0,0.0,0.0,2.402083203656491,0.0,1.783145562617372
4,True,0.0,0.0,0.0,0.0,1.6131932264020654,0.0,4.386887639470871
4,True,0.0,0.0,0.0,0.0,1.9700686726847771,0.0,3.188279535759586
4,True,0.0,0.0,0.0,0.0,2.865838867170367,0.0,0.3085781152732836
4,True,0.0,0.0,0.0,0.0,2.937479782443886,0.0,0.0831849317585398
4,True,0.0,0.0,0.0,0.0,2.1240136268813825,0.0,2.681275279899853
4,True,0.0,0.0,0.0,0.0,2.6961276783246335,0.0,0.8417501546625128
4,True,0.0,0.0,0.0,0.0,0.9725662674836211,0.0,6.6156800746963285
4,True,0.0,0.0,0.0,0.0,0.3197804359754697,0.0,8.962534921214038
3,True,0.0,0.0,0.0,0.0,6.337214587880902,0.0,42.46381647263565
3,True,0.0,0.0,0.0,0.0,18.476057112005016,0.0,0.0
3,True,0.0,0.0,0.0,0.0,6.557434852280652,0.0,40.583550358565766
3,True,0.0,0.0,0.0,0.0,8.454388002579005,0.0,28.962580310182084
3,True,0.0,0.0,0.0,0.0,8.510224358950714,0.0,28.709290086691453
3,True,0.0,0.0,0.0,0.0,7.298173043067746,0.0,35.341567102165506
3,True,0.0,0.0,0.0,0.0,11.805258955291764,0.0,16.039353171339567
3,True,0.0,0.0,0.0,0.0,17.090776415423804,0.0,2.710311188616743
3,True,0.0,0.0,0.0,0.0,6.5871714028028165,0.0,40.335160712071215
3,True,0.0,0.0,0.0,0.0,6.37227015619235,0.0,42.14442066996745
3,True,0.0,0.0,0.0,0.0,16.180916842183755,0.0,4.632229825603595
3,True,0.0,0.0,0.0,0.0,17.424503848451746,0.0,2.0285013118890416
3,True,0.0,0.0,0.0,0.0,15.66168429546304,0.0,5.82096424935995
3,True,0.0,0.0,0.0,0.0,6.533197159992832,0.0,40.80747031195596
3,True,0.0,0.0,0.0,0.0,13.945789866689662,0.0,9.955250807031002
3,True,0.0,0.0,0.0,0.0,11.75643235121947,0.0,16.197717835180992
3,True,0.0,0.0,0.0,0.0,12.236822411547632,0.0,14.72070663334505
3,True,0.0,0.0,0.0,0.0,17.486506255166233,0.0,1.9108955391022309
3,True,0.0,0.0,0.0,0.0,15.960517192466261,0.0,5.133429224455243
3,True,0.0,0.0,0.0,0.0,8.548156109653904,0.0,28.505977715269125
3,True,0.0,0.0,0.0,0.0,11.127176374466597,0.0,18.258024734854217
3,True,0.0,0.0,0.0,0.0,17.141026659180014,0.0,2.6013294687549093
3,True,0.0,0.0,0.0,0.0,8.800650510624198,0.0,27.325330112242916
3,True,0.0,0.0,0.0,0.0,11.483410103843884,0.0,17.09413467623706
3,True,0.0,0.0,0.0,0.0,8.046657278380243,0.0,31.05672741609765
3,True,0.0,0.0,0.0,0.0,8.185104762711958,0.0,30.322339539792843
3,True,0.0,0.0,0.0,0.0,9.730143367289745,0.0,23.363236034313307
3,True,0.0,0.0,0.0,0.0,7.711197051036567,0.0,32.879899891347556
3,True,0.0,0.0,0.0,0.0,17.738506143890255,0.0,1.412628227547541
3,True,0.0,0.0,0.0,0.0,16.919233198998928,0.0,3.064182617702016
3,True,0.0,0.0,0.0,0.0,8.132630027014587,0.0,30.65331342850328
3,True,0.0,0.0,0.0,0.0,12.274810704145178,0.0,14.593328845801878
3,True,0.0,0.0,0.0,0.0,8.350726891309545,0.0,29.47147436696671
3,True,0.0,0.0,0.0,0.0,7.686781444403024,0.0,32.999064167178894
3,True,0.0,0.0,0.0,0.0,15.34406711197881,0.0,6.518716296715854
3,True,0.0,0.0,0.0,0.0,18.112031429787724,0.0,0.6891664725380497
3,True,0.0,0.0,0.0,0.0,15.3787505864866,0.0,6.43790527401884
3,True,0.0,0.0,0.0,0.0,8.22485187362182,0.0,30.156381657241493
3,True,0.0,0.0,0.0,0.0,10.97107625630418,0.0,18.7734553169005
3,True,0.0,0.0,0.0,0.0,16.149619518593305,0.0,4.712201614622813
3,True,0.0,0.0,0.0,0.0,7.078504450874212,0.0,36.77467480935921
3,True,0.0,0.0,0.0,0.0,9.215179465337808,0.0,25.507666665580075
3,True,0.0,0.0,0.0,0.0,8.831598334976176,0.0,27.205617428875726
3,True,0.0,0.0,0.0,0.0,6.724591623600551,0.0,39.26395453323489
3,True,0.0,0.0,0.0,0.0,9.24124621400061,0.0,25.37436569774374
3,True,0.0,0.0,0.0,0.0,15.820771364865072,0.0,5.422369526305748
3,True,0.0,0.0,0.0,0.0,16.284277402847092,0.0,4.447900895230683
3,True,0.0,0.0,0.0,0.0,15.69538921582041,0.0,5.716367858753635
3,True,0.0,0.0,0.0,0.0,16.890445522961773,0.0,3.1398240620958973
3,True,0.0,0.0,0.0,0.0,16.234583494856803,0.0,4.5207381950229
3,True,0.0,0.0,0.0,0.0,10.724698322584459,0.0,19.651593242568556
3,True,0.0,0.0,0.0,0.0,8.146424333223766,0.0,30.52870487193262
3,True,0.0,0.0,0.0,0.0,16.32540578853643,0.0,4.35118571606875
3,True,0.0,0.0,0.0,0.0,7.794527583976663,0.0,32.38766437573647
3,True,0.0,0.0,0.0,0.0,18.14289366716616,0.0,0.6278904528153495
3,True,0.0,0.0,0.0,0.0,13.039830906887417,0.0,12.385573051536003
3,True,0.0,0.0,0.0,0.0,9.044834094934384,0.0,26.258883606666572
3,True,0.0,0.0,0.0,0.0,8.567022203019025,0.0,28.419223064892417
3,True,0.0,0.0,0.0,0.0,8.248673541924534,0.0,29.98363330804903
3,True,0.0,0.0,0.0,0.0,10.454467840814019,0.0,20.604106318799975
3,True,0.0,0.0,0.0,0.0,15.187081094939769,0.0,6.885044778708194
3,True,0.0,0.0,0.0,0.0,14.27710318425046,0.0,9.109139899171737
3,True,0.0,0.0,0.0,0.0,8.379231397964338,0.0,29.342534799826204
3,True,0.0,0.0,0.0,0.0,11.160216674348678,0.0,18.14644078668094
3,True,0.0,0.0,0.0,0.0,10.691245845042419,0.0,19.769258407013822
3,True,0.0,0.0,0.0,0.0,13.971089498622124,0.0,9.879651877125529
3,True,0.0,0.0,0.0,0.0,6.459841431854974,0.0,41.38845895560124
3,True,0.0,0.0,0.0,0.0,16.427519260650847,0.0,4.0979168207850964
3,True,0.0,0.0,0.0,0.0,17.654663551073202,0.0,1.571932312262625
3,True,0.0,0.0,0.0,0.0,11.458252314787343,0.0,17.152564223285495
3,True,0.0,0.0,0.0,0.0,9.142065445310998,0.0,25.800620146916962
3,True,0.0,0.0,0.0,0.0,12.897996311694781,0.0,12.78020581275966
3,True,0.0,0.0,0.0,0.0,17.287994453036013,0.0,2.305738351843434
3,True,0.0,0.0,0.0,0.0,13.278589124711626,0.0,11.718718704805632
3,True,0.0,0.0,0.0,0.0,11.191293594736862,0.0,18.068810654027423
3,True,0.0,0.0,0.0,0.0,14.245315552484373,0.0,9.198617502809025
3,True,0.0,0.0,0.0,0.0,15.010614508934772,0.0,7.306014170723641
3,True,0.0,0.0,0.0,0.0,6.409545174309351,0.0,41.82709065597074
3,True,0.0,0.0,0.0,0.0,16.467318035157085,0.0,4.03046644634355
3,True,0.0,0.0,0.0,0.0,14.793158998875978,0.0,7.817706519871182
3,True,0.0,0.0,0.0,0.0,18.05390095139878,0.0,0.7980832515181002
3,True,0.0,0.0,0.0,0.0,10.835933319282098,0.0,19.255146409805867
3,True,0.0,0.0,0.0,0.0,6.631995997412976,0.0,39.978298290058646
3,True,0.0,0.0,0.0,0.0,7.660781461087374,0.0,33.150348269716176
3,True,0.0,0.0,0.0,0.0,16.36152320995795,0.0,4.2410427276735385
3,True,0.0,0.0,0.0,0.0,14.542170702632406,0.0,8.440294757461864
3,True,0.0,0.0,0.0,0.0,8.585470787999839,0.0,28.34718156820878
3,True,0.0,0.0,0.0,0.0,18.415249473766128,0.0,0.11623985872472042
3,True,0.0,0.0,0.0,0.0,9.446344947737428,0.0,24.522493919308264
3,True,0.0,0.0,0.0,0.0,13.370598857372762,0.0,11.487175725043041
3,True,0.0,0.0,0.0,0.0,11.421455919839108,0.0,17.378163027310844
3,True,0.0,0.0,0.0,0.0,15.220774691262662,0.0,6.80581785298674
3,True,0.0,0.0,0.0,0.0,7.319717997265873,0.0,35.18031907390645
3,True,0.0,0.0,0.0,0.0,6.892108507481698,0.0,38.031849269906395
3,True,0.0,0.0,0.0,0.0,9.759889004171217,0.0,23.239239452951555
3,True,0.0,0.0,0.0,0.0,10.790491596260077,0.0,19.443673666719196
3,True,0.0,0.0,0.0,0.0,7.276473965988894,0.0,35.48224798603476
3,True,0.0,0.0,0.0,0.0,12.890883025148693,0.0,12.848568081866196
3,True,0.0,0.0,0.0,0.0,8.020132439375939,0.0,31.17059462699121
3,True,0.0,0.0,0.0,0.0,11.24933264868443,0.0,17.86201936620134
3,True,0.0,0.0,0.0,0.0,15.038452905582112,0.0,7.27360684844196
3,True,0.0,0.0,0.0,0.0,15.851157451557974,0.0,5.358093523466401
3,True,0.0,0.0,0.0,0.0,9.119088092798533,0.0,25.931668179487332
3,True,0.0,0.0,0.0,0.0,16.395978009937817,0.0,4.180649953039706
3,True,0.0,0.0,0.0,0.0,10.650569598562754,0.0,19.924975217283812
3,True,0.0,0.0,0.0,0.0,13.071704638981219,0.0,12.30115364484179
3,True,0.0,0.0,0.0,0.0,8.41919124557946,0.0,29.13996560951906
3,True,0.0,0.0,0.0,0.0,11.50906443661256,0.0,16.98303543156845
3,True,0.0,0.0,0.0,0.0,8.411695867011638,0.0,29.2370675720418
3,True,0.0,0.0,0.0,0.0,16.871215665217488,0.0,3.196346772153691
3,True,0.0,0.0,0.0,0.0,9.06550593260339,0.0,26.140458057800743
3,True,0.0,0.0,0.0,0.0,12.667356230424698,0.0,13.44785162133062
3,True,0.0,0.0,0.0,0.0,14.320776474532382,0.0,8.989073711745732
3,True,0.0,0.0,0.0,0.0,9.289757027687628,0.0,25.184825747941087
3,True,0.0,0.0,0.0,0.0,6.613868819794355,0.0,40.130024238288144
3,True,0.0,0.0,0.0,0.0,14.576775211046943,0.0,8.36199799124745
3,True,0.0,0.0,0.0,0.0,6.9843915215856756,0.0,37.42217531047363
3,True,0.0,0.0,0.0,0.0,10.819465118470372,0.0,19.29838296199392
3,True,0.0,0.0,0.0,0.0,13.82973806781973,0.0,10.243952504147636
3,True,0.0,0.0,0.0,0.0,12.380646566146813,0.0,14.307405532183859
3,True,0.0,0.0,0.0,0.0,6.71580234740512,0.0,39.43749015551277
3,True,0.0,0.0,0.0,0.0,6.4274759614387555,0.0,41.7044285792298
3,True,0.0,0.0,0.0,0.0,9.520953491463624,0.0,24.204854480220718
3,True,0.0,0.0,0.0,0.0,6.394753703662326,0.0,41.98659572340373
3,True,0.0,0.0,0.0,0.0,17.702952406148796,0.0,1.4855195655267717
3,True,0.0,0.0,0.0,0.0,10.501855445305674,0.0,20.425491776411796
3,True,0.0,0.0,0.0,0.0,9.49545550363161,0.0,24.306213784098407
3,True,0.0,0.0,0.0,0.0,9.548566458472706,0.0,24.12664052753425
3,True,0.0,0.0,0.0,0.0,16.216272708374635,0.0,4.57198690146674
3,True,0.0,0.0,0.0,0.0,11.002700264577769,0.0,18.717501806927395
3,True,0.0,0.0,0.0,0.0,7.148253451988895,0.0,36.3217323753576
3,True,0.0,0.0,0.0,0.0,13.814490669120117,0.0,10.365593058525679
3,True,0.0,0.0,0.0,0.0,13.24353436519714,0.0,11.813641989771007
3,True,0.0,0.0,0.0,0.0,12.613137848172196,0.0,13.594869709859125
3,True,0.0,0.0,0.0,0.0,6.359317876496751,0.0,42.283963673196865
3,True,0.0,0.0,0.0,0.0,7.9490149271665755,0.0,31.54360513956608
3,True,0.0,0.0,0.0,0.0,13.91016573319187,0.0,10.03477760267687
3,True,0.0,0.0,0.0,0.0,12.926996681672398,0.0,12.694742682052762
3,True,0.0,0.0,0.0,0.0,17.622168477423617,0.0,1.6388246999839207
3,True,0.0,0.0,0.0,0.0,17.543558403227365,0.0,1.7913381314736077
3,True,0.0,0.0,0.0,0.0,11.65674285954501,0.0,16.505627123529408
3,True,0.0,0.0,0.0,0.0,13.495047328860144,0.0,11.129059377675999
3,True,0.0,0.0,0.0,0.0,7.343019845385856,0.0,35.03828941577874
3,True,0.0,0.0,0.0,0.0,8.938438282462812,0.0,26.70444116729046
3,True,0.0,0.0,0.0,0.0,13.697771276668757,0.0,10.596389274738339
3,True,0.0,0.0,0.0,0.0,13.349039438678489,0.0,11.52838863538257
3,True,0.0,0.0,0.0,0.0,6.473976848133067,0.0,41.26803638336853
3,True,0.0,0.0,0.0,0.0,16.539998339789406,0.0,3.8729351083884533
3,True,0.0,0.0,0.0,0.0,10.065751364607035,0.0,22.05137086425024
3,True,0.0,0.0,0.0,0.0,6.389382079490935,0.0,42.00631370368397
3,True,0.0,0.0,0.0,0.0,6.8025290503262,0.0,38.70782879195157
3,True,0.0,0.0,0.0,0.0,13.61680540735165,0.0,10.803106504948179
3,True,0.0,0.0,0.0,0.0,16.71771657923793,0.0,3.4849717763700716
3,True,0.0,0.0,0.0,0.0,10.232482458181913,0.0,21.41855943362323
3,True,0.0,0.0,0.0,0.0,10.750383228905335,0.0,19.542539435694728
3,True,0.0,0.0,0.0,0.0,15.570443043464621,0.0,6.008748109580731
3,True,0.0,0.0,0.0,0.0,8.929743411070879,0.0,26.83995600362571
3,True,0.0,0.0,0.0,0.0,7.535246911242188,0.0,33.880268977812
3,True,0.0,0.0,0.0,0.0,14.765335111915888,0.0,7.896491570843233
3,True,0.0,0.0,0.0,0.0,17.259147717449906,0.0,2.360796607423199
3,True,0.0,0.0,0.0,0.0,12.151917180259797,0.0,15.018286179398533
3,True,0.0,0.0,0.0,0.0,14.140521000838236,0.0,9.447184450689306
3,True,0.0,0.0,0.0,0.0,9.473397489475788,0.0,24.406086116153624
3,True,0.0,0.0,0.0,0.0,15.92588626593059,0.0,5.200066464847309
3,True,0.0,0.0,0.0,0.0,10.86036407556935,0.0,19.161059449128693
3,True,0.0,0.0,0.0,0.0,13.302761968873067,0.0,11.66870568516658
3,True,0.0,0.0,0.0,0.0,15.631285781707371,0.0,5.863385217869976
3,True,0.0,0.0,0.0,0.0,7.460936439227838,0.0,34.323206747263015
3,True,0.0,0.0,0.0,0.0,12.284799875057594,0.0,14.564843693969898
3,True,0.0,0.0,0.0,0.0,8.841848267073594,0.0,27.162711058643463
3,True,0.0,0.0,0.0,0.0,12.407905484387182,0.0,14.197126386714153
3,True,0.0,0.0,0.0,0.0,7.016659176786455,0.0,37.164923761654435
3,True,0.0,0.0,0.0,0.0,7.000043145751089,0.0,37.3210048339995
3,True,0.0,0.0,0.0,0.0,8.524680795967054,0.0,28.628097330561342
3,True,0.0,0.0,0.0,0.0,8.879820389158033,0.0,26.97470977873101
3,True,0.0,0.0,0.0,0.0,7.830693892628416,0.0,32.188787192058236
3,True,0.0,0.0,0.0,0.0,6.817373380396452,0.0,38.594164022084954
3,True,0.0,0.0,0.0,0.0,11.319620722218993,0.0,17.624955520006147
3,True,0.0,0.0,0.0,0.0,15.488265946888212,0.0,6.200156390162126
3,True,0.0,0.0,0.0,0.0,15.129233961169298,0.0,7.034145761162536
3,True,0.0,0.0,0.0,0.0,15.087641734975765,0.0,7.144060040224042
3,True,0.0,0.0,0.0,0.0,6.754895837326114,0.0,39.03860770309141
3,True,0.0,0.0,0.0,0.0,17.98920770243089,0.0,0.9266214782341686
3,True,0.0,0.0,0.0,0.0,8.966900970470936,0.0,26.58342750134206
3,True,0.0,0.0,0.0,0.0,14.909771589912491,0.0,7.541837170588684
3,True,0.0,0.0,0.0,0.0,14.956089037345311,0.0,7.433834782820947
3,True,0.0,0.0,0.0,0.0,17.064559423159697,0.0,2.757994047431911
3,True,0.0,0.0,0.0,0.0,15.254526625677611,0.0,6.729053971642784
3,True,0.0,0.0,0.0,0.0,9.029891925733558,0.0,26.3060559866372
3,True,0.0,0.0,0.0,0.0,6.438934966571863,0.0,41.61280435993583
3,True,0.0,0.0,0.0,0.0,8.157859422795056,0.0,30.44464486871574
3,True,0.0,0.0,0.0,0.0,12.163420346689547,0.0,14.938399510604427
3,True,0.0,0.0,0.0,0.0,13.394686767856022,0.0,11.417996741421199
3,True,0.0,0.0,0.0,0.0,10.775157988849482,0.0,19.460274174607008
3,True,0.0,0.0,0.0,0.0,12.45126709223725,0.0,14.069312361548992
3,True,0.0,0.0,0.0,0.0,8.302284001191385,0.0,29.718027295929094
3,True,0.0,0.0,0.0,0.0,13.216796793213948,0.0,11.89173686642807
3,True,0.0,0.0,0.0,0.0,12.12691726898295,0.0,15.042908062071113
3,True,0.0,0.0,0.0,0.0,7.814289551946985,0.0,32.29198673461615
3,True,0.0,0.0,0.0,0.0,11.823209841838588,0.0,15.981625776511766
3,True,0.0,0.0,0.0,0.0,11.38513385846739,0.0,17.38843991185407
3,True,0.0,0.0,0.0,0.0,15.615306539902196,0.0,5.888548075156075
3,True,0.0,0.0,0.0,0.0,7.846829793201627,0.0,32.12448889749477
3,True,0.0,0.0,0.0,0.0,9.86932177720603,0.0,22.840144195653544
3,True,0.0,0.0,0.0,0.0,13.255210107536719,0.0,11.781654225901795
3,True,0.0,0.0,0.0,0.0,6.835218797343467,0.0,38.44995443436474
3,True,0.0,0.0,0.0,0.0,8.107765543715395,0.0,30.719934666783978
3,True,0.0,0.0,0.0,0.0,9.424376080598417,0.0,24.620256215590352
3,True,0.0,0.0,0.0,0.0,12.310960544816407,0.0,14.49069692017223
3,True,0.0,0.0,0.0,0.0,14.876040032996007,0.0,7.6228330261685295
3,True,0.0,0.0,0.0,0.0,12.965163176035388,0.0,12.58730300588844
3,True,0.0,0.0,0.0,0.0,14.403217722964246,0.0,8.828200799045948
3,True,0.0,0.0,0.0,0.0,17.925791201635242,0.0,1.0566215546976343
3,True,0.0,0.0,0.0,0.0,9.925557378701411,0.0,22.597686910881563
3,True,0.0,0.0,0.0,0.0,12.692945375952169,0.0,13.38592284665957
3,True,0.0,0.0,0.0,0.0,11.081931138978153,0.0,18.4292182815037
3,True,0.0,0.0,0.0,0.0,10.950669683017022,0.0,18.849708444378834
3,True,0.0,0.0,0.0,0.0,17.762347110499,0.0,1.3615212039307711
3,True,0.0,0.0,0.0,0.0,7.774725053983578,0.0,32.49919822317273
3,True,0.0,0.0,0.0,0.0,16.945978393348902,0.0,3.003358321046279
3,True,0.0,0.0,0.0,0.0,17.825389925440028,0.0,1.2382259045802368
3,True,0.0,0.0,0.0,0.0,7.258356274379074,0.0,35.60589916281567
3,True,0.0,0.0,0.0,0.0,9.844866302955424,0.0,22.905937996159043
3,True,0.0,0.0,0.0,0.0,18.08704378719186,0.0,0.7494483350252712
3,True,0.0,0.0,0.0,0.0,7.003085037743794,0.0,37.25943370883174
3,True,0.0,0.0,0.0,0.0,7.039434666528244,0.0,37.033178260350816
3,True,0.0,0.0,0.0,0.0,8.654497238404325,0.0,28.004048215198406
3,True,0.0,0.0,0.0,0.0,6.902890100704573,0.0,37.965126065192855
3,True,0.0,0.0,0.0,0.0,14.988375894962447,0.0,7.375912805545337
3,True,0.0,0.0,0.0,0.0,9.671556083359567,0.0,23.628244091333006
3,True,0.0,0.0,0.0,0.0,12.560138070385218,0.0,13.74893313878931
3,True,0.0,0.0,0.0,0.0,17.514401656700272,0.0,1.8715297515581208
3,True,0.0,0.0,0.0,0.0,12.799923408297676,0.0,13.0610764223144
3,True,0.0,0.0,0.0,0.0,16.984127763611,0.0,2.9379829463197504
3,True,0.0,0.0,0.0,0.0,12.195333823688713,0.0,14.870608230734462
3,True,0.0,0.0,0.0,0.0,16.841048425651184,0.0,3.2263088763329173
3,True,0.0,0.0,0.0,0.0,7.088397846785666,0.0,36.6761566896204
3,True,0.0,0.0,0.0,0.0,12.542256950022923,0.0,13.81519757483698
3,True,0.0,0.0,0.0,0.0,9.790149296531414,0.0,23.127206700262292
3,True,0.0,0.0,0.0,0.0,17.61264065261462,0.0,1.6663845107553255
3,True,0.0,0.0,0.0,0.0,13.135112683837214,0.0,12.117070132683905
3,True,0.0,0.0,0.0,0.0,18.021244862069786,0.0,0.8604889180436337
3,True,0.0,0.0,0.0,0.0,8.77836322581932,0.0,27.431900515191142
3,True,0.0,0.0,0.0,0.0,16.7615152085004,0.0,3.4062075054139274
3,True,0.0,0.0,0.0,0.0,11.300170299925105,0.0,17.684652809474766
3,True,0.0,0.0,0.0,0.0,7.058838551485347,0.0,36.88271573853869
3,True,0.0,0.0,0.0,0.0,15.798224349812862,0.0,5.475457727513955
3,True,0.0,0.0,0.0,0.0,8.738339065304235,0.0,27.611354650084728
3,True,0.0,0.0,0.0,0.0,9.274550120051616,0.0,25.234503337853877
3,True,0.0,0.0,0.0,0.0,10.16269945846714,0.0,21.711295884563885
3,True,0.0,0.0,0.0,0.0,6.451494881167608,0.0,41.47091472560221
3,True,0.0,0.0,0.0,0.0,12.497229458436,0.0,14.004022059891664
3,True,0.0,0.0,0.0,0.0,17.84718240840756,0.0,1.204340421230976
3,True,0.0,0.0,0.0,0.0,6.821041323999744,0.0,38.545375300303675
3,True,0.0,0.0,0.0,0.0,10.287776780990965,0.0,21.217659194376804
3,True,0.0,0.0,0.0,0.0,15.878973388109452,0.0,5.295190402196004
3,True,0.0,0.0,0.0,0.0,14.85259076366633,0.0,7.690036370956799
3,True,0.0,0.0,0.0,0.0,13.340989822611625,0.0,11.622247205444092
3,True,0.0,0.0,0.0,0.0,11.680498177566246,0.0,16.440340937819986
3,True,0.0,0.0,0.0,0.0,6.862965644678065,0.0,38.26004336093418
3,True,0.0,0.0,0.0,0.0,7.551997297947266,0.0,33.77771373577381
3,True,0.0,0.0,0.0,0.0,11.881910664021078,0.0,15.799970188816259
3,True,0.0,0.0,0.0,0.0,10.895931435881856,0.0,19.03593094155802
3,True,0.0,0.0,0.0,0.0,17.388018114474015,0.0,2.1042987114420764
3,True,0.0,0.0,0.0,0.0,14.114665594780984,0.0,9.503288722139835
3,True,0.0,0.0,0.0,0.0,17.008314961427484,0.0,2.9193752197501976
3,True,0.0,0.0,0.0,0.0,8.319667102720585,0.0,29.633564660863865
3,True,0.0,0.0,0.0,0.0,17.674098002445483,0.0,1.539342562587953
3,True,0.0,0.0,0.0,0.0,7.758164265749401,0.0,32.60330573400043
3,True,0.0,0.0,0.0,0.0,13.767990759486148,0.0,10.40726491195063
3,True,0.0,0.0,0.0,0.0,17.420300601060024,0.0,2.0511916080957038
3,True,0.0,0.0,0.0,0.0,15.59392892668463,0.0,5.951089930250674
3,True,0.0,0.0,0.0,0.0,8.70604649491119,0.0,27.844881219611917
3,True,0.0,0.0,0.0,0.0,12.993975952330207,0.0,12.514783934415197
3,True,0.0,0.0,0.0,0.0,12.857639370168549,0.0,12.904521487258558
3,True,0.0,0.0,0.0,0.0,12.070972812896274,0.0,15.225671823953736
3,True,0.0,0.0,0.0,0.0,17.583036174356348,0.0,1.7138871600239969
3,True,0.0,0.0,0.0,0.0,10.602700134422404,0.0,20.119428649043336
3,True,0.0,0.0,0.0,0.0,10.552951736412187,0.0,20.26096395411674
3,True,0.0,0.0,0.0,0.0,9.68663343501256,0.0,23.53158263695856
3,True,0.0,0.0,0.0,0.0,18.36227969786579,0.0,0.22039472784677328
3,True,0.0,0.0,0.0,0.0,11.953670762597202,0.0,15.638799820046966
3,True,0.0,0.0,0.0,0.0,14.466296204959184,0.0,8.623313906195374
3,True,0.0,0.0,0.0,0.0,6.681231657237696,0.0,39.61773096281224
3,True,0.0,0.0,0.0,0.0,8.71035158338791,0.0,27.740583264587613
3,True,0.0,0.0,0.0,0.0,14.889705099337158,0.0,7.602930096157601
3,True,0.0,0.0,0.0,0.0,8.991944418466113,0.0,26.493099711244483
3,True,0.0,0.0,0.0,0.0,6.50590520870672,0.0,41.090485425843724
3,True,0.0,0.0,0.0,0.0,6.9540144344261705,0.0,37.65584881366627
3,True,0.0,0.0,0.0,0.0,9.010931259783705,0.0,26.376395972049473
3,True,0.0,0.0,0.0,0.0,10.878243350423611,0.0,19.105090551025583
3,True,0.0,0.0,0.0,0.0,9.960085656345875,0.0,22.45478365235102
3,True,0.0,0.0,0.0,0.0,15.459351783288678,0.0,6.244500010564591
3,True,0.0,0.0,0.0,0.0,18.16536896177886,0.0,0.5839666961521828
3,True,0.0,0.0,0.0,0.0,7.599705324752614,0.0,33.51524949691574
3,True,0.0,0.0,0.0,0.0,8.267513830657924,0.0,29.890650209058776
3,True,0.0,0.0,0.0,0.0,16.06517971705389,0.0,4.896107900111712
3,True,0.0,0.0,0.0,0.0,7.877784475384719,0.0,31.951575302714463
3,True,0.0,0.0,0.0,0.0,7.969384854229777,0.0,31.46902883900896
3,True,0.0,0.0,0.0,0.0,11.968631398343232,0.0,15.601991660429738
3,True,0.0,0.0,0.0,0.0,8.06079409855096,0.0,30.96783569101834
3,True,0.0,0.0,0.0,0.0,13.745538733932083,0.0,10.47480813930921
3,True,0.0,0.0,0.0,0.0,6.878814732992044,0.0,38.147863150432485
3,True,0.0,0.0,0.0,0.0,7.454723246048822,0.0,34.40154784697622
3,True,0.0,0.0,0.0,0.0,7.9089273262048065,0.0,31.75678276031013
3,True,0.0,0.0,0.0,0.0,14.154245701781075,0.0,9.410030317563422
3,True,0.0,0.0,0.0,0.0,17.865636158803643,0.0,1.17138452336919
3,True,0.0,0.0,0.0,0.0,13.086233322381524,0.0,12.285242400019358
3,True,0.0,0.0,0.0,0.0,7.938246680087547,0.0,31.60337226230434
3,True,0.0,0.0,0.0,0.0,9.36480002780229,0.0,24.862392358018425
3,True,0.0,0.0,0.0,0.0,14.583543354313965,0.0,8.33095528955986
3,True,0.0,0.0,0.0,0.0,16.4169656072489,0.0,4.135679916449608
3,True,0.0,0.0,0.0,0.0,7.331124819218637,0.0,35.121726093228325
3,True,0.0,0.0,0.0,0.0,8.080069539164747,0.0,30.872059163220467
3,True,0.0,0.0,0.0,0.0,12.210630701180703,0.0,14.790785123712125
3,True,0.0,0.0,0.0,0.0,15.108086382142627,0.0,7.064780759376044
3,True,0.0,0.0,0.0,0.0,12.119125596146263,0.0,15.12238373938315
3,True,0.0,0.0,0.0,0.0,14.219716336630462,0.0,9.236881885535354
3,True,0.0,0.0,0.0,0.0,7.3548787062637455,0.0,34.96584510201819
3,True,0.0,0.0,0.0,0.0,15.404025379806086,0.0,6.413591691582631
3,True,0.0,0.0,0.0,0.0,16.08286275991322,0.0,4.843115364612904
3,True,0.0,0.0,0.0,0.0,8.29512330390807,0.0,29.766873880813428
3,True,0.0,0.0,0.0,0.0,10.535270440829025,0.0,20.306936453640677
3,True,0.0,0.0,0.0,0.0,7.222090783823387,0.0,35.80269668074511
3,True,0.0,0.0,0.0,0.0,8.889885251608675,0.0,26.950243535173858
3,True,0.0,0.0,0.0,0.0,13.471390585541055,0.0,11.211916488108365
3,True,0.0,0.0,0.0,0.0,6.63845617233163,0.0,39.94197064074834
3,True,0.0,0.0,0.0,0.0,11.577329130016956,0.0,16.8058069856314
3,True,0.0,0.0,0.0,0.0,8.759959971794483,0.0,27.515327065734507
3,True,0.0,0.0,0.0,0.0,11.717436655286074,0.0,16.328768971503937
3,True,0.0,0.0,0.0,0.0,7.855207236657746,0.0,32.05678631066192
3,True,0.0,0.0,0.0,0.0,15.548859434707108,0.0,6.092528951681963
3,True,0.0,0.0,0.0,0.0,10.67491622311535,0.0,19.83463836084359
3,True,0.0,0.0,0.0,0.0,14.293858411861816,0.0,9.048895128199097
3,True,0.0,0.0,0.0,0.0,15.281340744698058,0.0,6.6956730220112615
3,True,0.0,0.0,0.0,0.0,17.374936494978876,0.0,2.182671126645619
3,True,0.0,0.0,0.0,0.0,6.769719674223551,0.0,38.92563137624572
3,True,0.0,0.0,0.0,0.0,9.309468279299749,0.0,25.099648568801356
3,True,0.0,0.0,0.0,0.0,11.551393565148027,0.0,16.85724044828013
3,True,0.0,0.0,0.0,0.0,13.645785885831751,0.0,10.73215118732569
3,True,0.0,0.0,0.0,0.0,18.205161848912542,0.0,0.517575816969329
3,True,0.0,0.0,0.0,0.0,16.654700251489974,0.0,3.620675482571034
3,True,0.0,0.0,0.0,0.0,7.994223642019249,0.0,31.389087699270057
3,True,0.0,0.0,0.0,0.0,12.530491451506487,0.0,13.857360668155916
3,True,0.0,0.0,0.0,0.0,7.269981846750351,0.0,35.50906318794125
3,True,0.0,0.0,0.0,0.0,10.5747075956799,0.0,20.171923189884076
3,True,0.0,0.0,0.0,0.0,14.607418256149607,0.0,8.276058490301597
3,True,0.0,0.0,0.0,0.0,16.310092709281665,0.0,4.3537745509547925
3,True,0.0,0.0,0.0,0.0,12.089505193202854,0.0,15.15681919553612
3,True,0.0,0.0,0.0,0.0,13.453681062198509,0.0,11.249983221045746
3,True,0.0,0.0,0.0,0.0,17.187055013196307,0.0,2.5255383448147817
3,True,0.0,0.0,0.0,0.0,11.169620104934507,0.0,18.123572875754277
3,True,0.0,0.0,0.0,0.0,6.45131434042966,0.0,41.56706445520103
3,True,0.0,0.0,0.0,0.0,12.940230000976527,0.0,12.669945494923674
3,True,0.0,0.0,0.0,0.0,10.110884345582205,0.0,21.875536112780914
3,True,0.0,0.0,0.0,0.0,11.207071259776658,0.0,17.975631935784296
3,True,0.0,0.0,0.0,0.0,7.890077254913852,0.0,31.873324543973713
3,True,0.0,0.0,0.0,0.0,6.420959964914275,0.0,41.80084331353133
3,True,0.0,0.0,0.0,0.0,6.523879415131761,0.0,40.905191868276724
3,True,0.0,0.0,0.0,0.0,8.094725568387739,0.0,30.770704761216205
3,True,0.0,0.0,0.0,0.0,10.046913923748168,0.0,22.120466292158525
3,True,0.0,0.0,0.0,0.0,7.056376303801592,0.0,36.94256948601707
3,True,0.0,0.0,0.0,0.0,11.330739665309974,0.0,17.56458651549885
3,True,0.0,0.0,0.0,0.0,8.785766139855667,0.0,27.39435954926056
3,True,0.0,0.0,0.0,0.0,16.288439006153144,0.0,4.4085720834375675
3,True,0.0,0.0,0.0,0.0,12.750708748697326,0.0,13.196318095512039
3,True,0.0,0.0,0.0,0.0,10.48174566824297,0.0,20.526853319221217
3,True,0.0,0.0,0.0,0.0,7.391432985463508,0.0,34.747271403373524
3,True,0.0,0.0,0.0,0.0,12.434372320291342,0.0,14.132453292887547
3,True,0.0,0.0,0.0,0.0,11.699323390578353,0.0,16.39408202878232
3,True,0.0,0.0,0.0,0.0,15.17356433145065,0.0,6.926518533378712
3,True,0.0,0.0,0.0,0.0,11.271071429238766,0.0,17.77483624762366
3,True,0.0,0.0,0.0,0.0,13.596338886567782,0.0,10.868637416622784
3,True,0.0,0.0,0.0,0.0,7.897374323873674,0.0,31.834695504273224
3,True,0.0,0.0,0.0,0.0,17.941611713095096,0.0,1.0118649957431614
3,True,0.0,0.0,0.0,0.0,8.904150694292866,0.0,26.86984884455008
3,True,0.0,0.0,0.0,0.0,15.323972059553304,0.0,6.563449039284519
3,True,0.0,0.0,0.0,0.0,16.688841185350068,0.0,3.5421914444363822
3,True,0.0,0.0,0.0,0.0,14.684793719280897,0.0,8.079467737761291
3,True,0.0,0.0,0.0,0.0,9.649878755068475,0.0,23.724033233415042
3,True,0.0,0.0,0.0,0.0,16.368156573518945,0.0,4.227976616454942
3,True,0.0,0.0,0.0,0.0,15.987372344075734,0.0,5.057341863347354
3,True,0.0,0.0,0.0,0.0,7.782147901363934,0.0,32.47171673553505
3,True,0.0,0.0,0.0,0.0,9.180092853137523,0.0,25.64407052525308
3,True,0.0,0.0,0.0,0.0,14.03767262642991,0.0,9.73927439442176
3,True,0.0,0.0,0.0,0.0,13.318136429388105,0.0,11.626249021761092
3,True,0.0,0.0,0.0,0.0,8.435781965831058,0.0,29.060133692490975
3,True,0.0,0.0,0.0,0.0,13.540377678369286,0.0,11.030143845351548
3,True,0.0,0.0,0.0,0.0,9.328325474893774,0.0,25.005376543941594
3,True,0.0,0.0,0.0,0.0,12.183258142043396,0.0,14.9072984506332
3,True,0.0,0.0,0.0,0.0,15.5148943531062,0.0,6.121147628082513
3,True,0.0,0.0,0.0,0.0,9.349496102263387,0.0,24.955033517220837
3,True,0.0,0.0,0.0,0.0,9.771003852297689,0.0,23.207349097406414
3,True,0.0,0.0,0.0,0.0,7.162324268917731,0.0,36.196103302990515
3,True,0.0,0.0,0.0,0.0,16.566053377784705,0.0,3.8255662149350944
3,True,0.0,0.0,0.0,0.0,14.199206817042388,0.0,9.306985938323098
3,True,0.0,0.0,0.0,0.0,8.99005675443082,0.0,26.50220501385351
3,True,0.0,0.0,0.0,0.0,14.934798545538818,0.0,7.477200481493873
3,True,0.0,0.0,0.0,0.0,7.658372766757971,0.0,33.30419956218964
3,True,0.0,0.0,0.0,0.0,13.990239772209135,0.0,9.828757528703013
3,True,0.0,0.0,0.0,0.0,9.577428157151836,0.0,23.98580335380165
3,True,0.0,0.0,0.0,0.0,7.425091080206492,0.0,34.58072927367424
3,True,0.0,0.0,0.0,0.0,7.124972318396261,0.0,36.47461501792024
3,True,0.0,0.0,0.0,0.0,17.903821333708137,0.0,1.0958637481404132
3,True,0.0,0.0,0.0,0.0,11.107148272799783,0.0,18.314868198139756
3,True,0.0,0.0,0.0,0.0,12.020472600145949,0.0,15.37216803492777
3,True,0.0,0.0,0.0,0.0,12.773053552990199,0.0,13.133427307400748
3,True,0.0,0.0,0.0,0.0,13.441991736161352,0.0,11.319665721456163
3,True,0.0,0.0,0.0,0.0,16.13175239174558,0.0,4.771965490823615
3,True,0.0,0.0,0.0,0.0,9.981302721214135,0.0,22.420171758895947
3,True,0.0,0.0,0.0,0.0,9.947734161568267,0.0,22.56102793786171
3,True,0.0,0.0,0.0,0.0,16.666755822434077,0.0,3.595199122684567
3,True,0.0,0.0,0.0,0.0,7.369675894426198,0.0,34.94015460824266
3,True,0.0,0.0,0.0,0.0,14.051027566435215,0.0,9.672703035887963
3,True,0.0,0.0,0.0,0.0,8.668175909792408,0.0,27.952424645277862
3,True,0.0,0.0,0.0,0.0,7.199058227831534,0.0,35.972603453254315
3,True,0.0,0.0,0.0,0.0,12.853531720510958,0.0,12.919241558574868
3,True,0.0,0.0,0.0,0.0,13.889517905700533,0.0,10.101189393003251
3,True,0.0,0.0,0.0,0.0,9.59208241973747,0.0,23.911551406088773
3,True,0.0,0.0,0.0,0.0,15.785265070186949,0.0,5.508184165439822
3,True,0.0,0.0,0.0,0.0,12.973369387231049,0.0,12.569146510141627
3,True,0.0,0.0,0.0,0.0,16.587618606271338,0.0,3.7623993916294562
3,True,0.0,0.0,0.0,0.0,16.53013974957368,0.0,3.937882995911013
3,True,0.0,0.0,0.0,0.0,11.060782467593599,0.0,18.470679921078492
3,True,0.0,0.0,0.0,0.0,10.479455227845714,0.0,20.530931313590393
3,True,0.0,0.0,0.0,0.0,7.377584179872487,0.0,34.84740120364439
3,True,0.0,0.0,0.0,0.0,17.23031672382678,0.0,2.425872478897817
3,True,0.0,0.0,0.0,0.0,10.912778130900435,0.0,19.021413125646546
3,True,0.0,0.0,0.0,0.0,6.975743155326208,0.0,37.48995383403416
3,True,0.0,0.0,0.0,0.0,12.598854477550248,0.0,13.673170240273457
3,True,0.0,0.0,0.0,0.0,8.757416659317796,0.0,27.547953217828425
3,True,0.0,0.0,0.0,0.0,9.657907336519267,0.0,23.64439305948941
3,True,0.0,0.0,0.0,0.0,16.804046900662918,0.0,3.338585941896044
3,True,0.0,0.0,0.0,0.0,17.16278973090922,0.0,2.5686131215685193
3,True,0.0,0.0,0.0,0.0,10.393847025422719,0.0,20.865823475953217
3,True,0.0,0.0,0.0,0.0,7.516325714872374,0.0,34.00544376703143
3,True,0.0,0.0,0.0,0.0,11.736755409791188,0.0,16.257321887341437
3,True,0.0,0.0,0.0,0.0,14.972619413677657,0.0,7.386595419915243
3,True,0.0,0.0,0.0,0.0,14.482537628572278,0.0,8.578115548314102
3,True,0.0,0.0,0.0,0.0,8.637559209003676,0.0,28.087238086466606
3,True,0.0,0.0,0.0,0.0,8.85926004558556,0.0,27.070712004135
3,True,0.0,0.0,0.0,0.0,13.100519004773636,0.0,12.208171808800971
3,True,0.0,0.0,0.0,0.0,16.493300377715403,0.0,3.9640783543527958
3,True,0.0,0.0,0.0,0.0,6.937189706174129,0.0,37.80465768768391
3,True,0.0,0.0,0.0,0.0,17.965137684298448,0.0,0.9793529037163462
3,True,0.0,0.0,0.0,0.0,6.795220904637079,0.0,38.75224167777175
3,True,0.0,0.0,0.0,0.0,14.739691960716673,0.0,7.946934008711559
3,True,0.0,0.0,0.0,0.0,17.342325398495806,0.0,2.2048249342876414
3,True,0.0,0.0,0.0,0.0,13.508484801911324,0.0,11.101833648416303
3,True,0.0,0.0,0.0,0.0,12.51576872473783,0.0,13.909636228986866
3,True,0.0,0.0,0.0,0.0,12.828448703674866,0.0,12.976043975729167
3,True,0.0,0.0,0.0,0.0,13.112995830532448,0.0,12.182217448675503
3,True,0.0,0.0,0.0,0.0,6.940338897579856,0.0,37.699062168180795
3,True,0.0,0.0,0.0,0.0,11.858102583384312,0.0,15.876349390831946
3,True,0.0,0.0,0.0,0.0,9.918043977730006,0.0,22.673167076378675
3,True,0.0,0.0,0.0,0.0,15.153995394297892,0.0,6.95874371587295
3,True,0.0,0.0,0.0,0.0,6.969055368775279,0.0,37.54925815083483
3,True,0.0,0.0,0.0,0.0,11.230396440267842,0.0,17.89711459802128
3,True,0.0,0.0,0.0,0.0,6.873976858985708,0.0,38.16306115407533
3,True,0.0,0.0,0.0,0.0,9.882380519413802,0.0,22.775135608398
3,True,0.0,0.0,0.0,0.0,10.184764480253605,0.0,21.613514303714076
3,True,0.0,0.0,0.0,0.0,7.615842848637233,0.0,33.475293614188686
3,True,0.0,0.0,0.0,0.0,6.734561171289954,0.0,39.198199797827726
3,True,0.0,0.0,0.0,0.0,11.903330150884084,0.0,15.735727522023135
3,True,0.0,0.0,0.0,0.0,7.99533914893058,0.0,31.293422092771163
3,True,0.0,0.0,0.0,0.0,14.088174873251557,0.0,9.586345546840757
3,True,0.0,0.0,0.0,0.0,17.21573091646097,0.0,2.457487187153584
3,True,0.0,0.0,0.0,0.0,17.253270034230372,0.0,2.4167225863199637
3,True,0.0,0.0,0.0,0.0,14.454868337870552,0.0,8.680731731239844
3,True,0.0,0.0,0.0,0.0,15.055788596159337,0.0,7.199714166113303
3,True,0.0,0.0,0.0,0.0,7.477920472619215,0.0,34.25326818595475
3,True,0.0,0.0,0.0,0.0,16.823662517481562,0.0,3.287632904662874
3,True,0.0,0.0,0.0,0.0,14.722872487923432,0.0,8.002736592995374
3,True,0.0,0.0,0.0,0.0,6.766050360031262,0.0,38.95738225614173
3,True,0.0,0.0,0.0,0.0,6.753340185450485,0.0,39.137270754991185
3,True,0.0,0.0,0.0,0.0,18.074933852077844,0.0,0.7738340433563473
3,True,0.0,0.0,0.0,0.0,16.783228172841547,0.0,3.3683363980290593
3,True,0.0,0.0,0.0,0.0,9.70819380736011,0.0,23.444268490793007
3,True,0.0,0.0,0.0,0.0,7.1840920035273985,0.0,36.08056824988962
3,True,0.0,0.0,0.0,0.0,9.401106148929806,0.0,24.742993383798094
3,True,0.0,0.0,0.0,0.0,7.135621582494133,0.0,36.382031568919196
3,True,0.0,0.0,0.0,0.0,6.786195752883339,0.0,38.83956512574914
3,True,0.0,0.0,0.0,0.0,8.387481181877632,0.0,29.289093667858157
3,True,0.0,0.0,0.0,0.0,14.66680992497854,0.0,8.141999129567667
3,True,0.0,0.0,0.0,0.0,9.697802504713849,0.0,23.52043766274513
3,True,0.0,0.0,0.0,0.0,8.606829955372408,0.0,28.286543266053656
3,True,0.0,0.0,0.0,0.0,18.389455972299885,0.0,0.16267164047646387
3,True,0.0,0.0,0.0,0.0,8.43964254595132,0.0,29.031409821737853
3,True,0.0,0.0,0.0,0.0,8.61983028095099,0.0,28.168046914934862
3,True,0.0,0.0,0.0,0.0,13.670819366791786,0.0,10.659344921188662
3,True,0.0,0.0,0.0,0.0,14.336975423134835,0.0,8.942008942556667
3,True,0.0,0.0,0.0,0.0,12.220486717651614,0.0,14.766231703641019
3,True,0.0,0.0,0.0,0.0,13.844119347447425,0.0,10.217451944079537
3,True,0.0,0.0,0.0,0.0,9.408472219125985,0.0,24.669542994036618
3,True,0.0,0.0,0.0,0.0,9.269190275678717,0.0,25.321788278805958
3,True,0.0,0.0,0.0,0.0,18.228126946243684,0.0,0.49247587002225757
3,True,0.0,0.0,0.0,0.0,14.618376804419754,0.0,8.266106117213546
3,True,0.0,0.0,0.0,0.0,7.824171211707032,0.0,32.27268644240296
3,True,0.0,0.0,0.0,0.0,14.172930327455314,0.0,9.366640341684985
3,True,0.0,0.0,0.0,0.0,7.193365553585485,0.0,36.004029712476104
3,True,0.0,0.0,0.0,0.0,9.311787716555697,0.0,25.073635304616605
3,True,0.0,0.0,0.0,0.0,15.871423610606517,0.0,5.33586122210955
3,True,0.0,0.0,0.0,0.0,9.897368646121885,0.0,22.70501112797092
3,True,0.0,0.0,0.0,0.0,15.707309774691803,0.0,5.68027890504813
3,True,0.0,0.0,0.0,0.0,10.267457685758007,0.0,21.392844500691087
3,True,0.0,0.0,0.0,0.0,7.251139403348706,0.0,35.6579020308161
3,True,0.0,0.0,0.0,0.0,12.733212642273884,0.0,13.250901523915504
3,True,0.0,0.0,0.0,0.0,7.58985542684173,0.0,33.58138191517995
3,True,0.0,0.0,0.0,0.0,8.252935386164062,0.0,29.96591798334105
3,True,0.0,0.0,0.0,0.0,8.947082382581407,0.0,26.661785048485786
3,True,0.0,0.0,0.0,0.0,9.719247553019084,0.0,23.431162862063694
3,True,0.0,0.0,0.0,0.0,18.2476214942074,0.0,0.44166852043353577
3,True,0.0,0.0,0.0,0.0,7.723922875867406,0.0,32.796442202980934
3,True,0.0,0.0,0.0,0.0,10.435779789557554,0.0,20.665255518712232
3,True,0.0,0.0,0.0,0.0,16.47625177980997,0.0,3.993108119376565
3,True,0.0,0.0,0.0,0.0,7.63481403530476,0.0,33.33495670743901
3,True,0.0,0.0,0.0,0.0,6.843012868338693,0.0,38.40473082214376
3,True,0.0,0.0,0.0,0.0,15.90593907118948,0.0,5.250361826896787
3,True,0.0,0.0,0.0,0.0,9.459859313554997,0.0,24.474099842771434
3,True,0.0,0.0,0.0,0.0,6.9143003777840555,0.0,37.895646858962095
3,True,0.0,0.0,0.0,0.0,11.620100700393232,0.0,16.699649825484443
3,True,0.0,0.0,0.0,0.0,8.200876772634036,0.0,30.254494883189796
3,True,0.0,0.0,0.0,0.0,10.08580853431913,0.0,22.019851845205118
3,True,0.0,0.0,0.0,0.0,14.070265678392923,0.0,9.622236442362741
3,True,0.0,0.0,0.0,0.0,12.632359581031272,0.0,13.546089917107885
3,True,0.0,0.0,0.0,0.0,13.648588798773375,0.0,10.726159652241996
3,True,0.0,0.0,0.0,0.0,9.80033652835849,0.0,23.09799628546436
3,True,0.0,0.0,0.0,0.0,11.344784120200247,0.0,17.528356210405526
3,True,0.0,0.0,0.0,0.0,16.740606264291557,0.0,3.430455194339632
3,True,0.0,0.0,0.0,0.0,16.512779276152322,0.0,3.9506649776748004
3,True,0.0,0.0,0.0,0.0,10.3051088464429,0.0,21.171487266524093
3,True,0.0,0.0,0.0,0.0,17.693114743408145,0.0,1.5026370223536478
3,True,0.0,0.0,0.0,0.0,13.560365881542802,0.0,10.962984063132453
3,True,0.0,0.0,0.0,0.0,10.278530680894027,0.0,21.285041051012787
3,True,0.0,0.0,0.0,0.0,11.027732301089221,0.0,18.58619866420892
3,True,0.0,0.0,0.0,0.0,9.092568838352022,0.0,26.02337500759707
3,True,0.0,0.0,0.0,0.0,14.844639709191942,0.0,7.719083250457926
3,True,0.0,0.0,0.0,0.0,14.703765001380598,0.0,8.07181337834736
3,True,0.0,0.0,0.0,0.0,13.169791297754818,0.0,12.057311622170042
3,True,0.0,0.0,0.0,0.0,18.31761268776605,0.0,0.3028641224166462
3,True,0.0,0.0,0.0,0.0,11.098042298999955,0.0,18.385078107115305
3,True,0.0,0.0,0.0,0.0,11.979851606128623,0.0,15.53547021684789
3,True,0.0,0.0,0.0,0.0,8.858713174538902,0.0,27.07144044224432
3,True,0.0,0.0,0.0,0.0,18.38881605743625,0.0,0.1864803224584266
3,True,0.0,0.0,0.0,0.0,14.925412312253938,0.0,7.50432578669794
3,True,0.0,0.0,0.0,0.0,8.004063180870602,0.0,31.257158298191257
3,True,0.0,0.0,0.0,0.0,16.099246474669727,0.0,4.824405669439436
3,True,0.0,0.0,0.0,0.0,8.680845002321114,0.0,27.922253405707163
3,True,0.0,0.0,0.0,0.0,17.81216753584448,0.0,1.2970940149548582
3,True,0.0,0.0,0.0,0.0,7.750881328184834,0.0,32.670559579616395
3,True,0.0,0.0,0.0,0.0,18.264822573038575,0.0,0.4073793408502113
3,True,0.0,0.0,0.0,0.0,8.280808846320674,0.0,29.83339889179667
3,True,0.0,0.0,0.0,0.0,17.049954258876653,0.0,2.790053421378569
3,True,0.0,0.0,0.0,0.0,7.407097507696703,0.0,34.64127367256413
3,True,0.0,0.0,0.0,0.0,9.953949870612488,0.0,22.522078625129215
3,True,0.0,0.0,0.0,0.0,10.216042166703442,0.0,21.486676146934936
3,True,0.0,0.0,0.0,0.0,14.360853310064659,0.0,8.888863877957176
3,True,0.0,0.0,0.0,0.0,17.88208369291131,0.0,1.1325822866233404
3,True,0.0,0.0,0.0,0.0,8.721097684776657,0.0,27.698465810350047
3,True,0.0,0.0,0.0,0.0,8.957879529542979,0.0,26.613759708960583
3,True,0.0,0.0,0.0,0.0,7.619826046248567,0.0,33.41895874280316
3,True,0.0,0.0,0.0,0.0,8.734735923594616,0.0,27.678097850953332
3,True,0.0,0.0,0.0,0.0,7.026599002412248,0.0,37.113101049068355
3,True,0.0,0.0,0.0,0.0,13.023811627538706,0.0,12.424372291457386
3,True,0.0,0.0,0.0,0.0,10.419146435370841,0.0,20.735776050427756
3,True,0.0,0.0,0.0,0.0,13.799003571231106,0.0,10.38112379752233
3,True,0.0,0.0,0.0,0.0,10.617458379724043,0.0,20.014102127965817
3,True,0.0,0.0,0.0,0.0,11.578311476117243,0.0,16.76171344996895
3,True,0.0,0.0,0.0,0.0,7.439834512906773,0.0,34.44384756452376
3,True,0.0,0.0,0.0,0.0,15.478752570776876,0.0,6.221052497593305
3,True,0.0,0.0,0.0,0.0,14.020196706015408,0.0,9.745549093268458
3,True,0.0,0.0,0.0,0.0,10.143913721880082,0.0,21.76509510082324
3,True,0.0,0.0,0.0,0.0,7.48820803388377,0.0,34.253091379785594
3,True,0.0,0.0,0.0,0.0,15.722391102678701,0.0,5.650956570493227
3,True,0.0,0.0,0.0,0.0,10.372332845234267,0.0,20.926190858709692
3,True,0.0,0.0,0.0,0.0,16.6369198213984,0.0,3.6786752493640162
3,True,0.0,0.0,0.0,0.0,11.92759920755334,0.0,15.657867089896339
3,True,0.0,0.0,0.0,0.0,10.003572810108729,0.0,22.294005439589426
3,True,0.0,0.0,0.0,0.0,18.293664023373758,0.0,0.34248786456818614
3,True,0.0,0.0,0.0,0.0,18.276277815374197,0.0,0.39141485765360473
3,True,0.0,0.0,0.0,0.0,13.670686731928495,0.0,10.663956776749451
3,True,0.0,0.0,0.0,0.0,8.612295544956138,0.0,28.27830332759913
3,True,0.0,0.0,0.0,0.0,12.700291742247394,0.0,13.347080420086687
3,True,0.0,0.0,0.0,0.0,6.852697055716927,0.0,38.35406990893989
3,True,0.0,0.0,0.0,0.0,17.047470153221667,0.0,2.848141369281687
3,True,0.0,0.0,0.0,0.0,9.082562474391553,0.0,26.08419800869197
3,True,0.0,0.0,0.0,0.0,13.877712655230901,0.0,10.163614143692822
3,True,0.0,0.0,0.0,0.0,15.443133320509828,0.0,6.294028219424474
3,True,0.0,0.0,0.0,0.0,18.006219983877937,0.0,0.8987798732903785
3,True,0.0,0.0,0.0,0.0,8.013047790353845,0.0,31.203777900988705
3,True,0.0,0.0,0.0,0.0,13.424383577834432,0.0,11.322793281331723
3,True,0.0,0.0,0.0,0.0,15.286501466184399,0.0,6.652336403978165
3,True,0.0,0.0,0.0,0.0,8.642760360424163,0.0,28.077411191179348
3,True,0.0,0.0,0.0,0.0,14.637685737540417,0.0,8.220933091098214
3,True,0.0,0.0,0.0,0.0,13.012508295072422,0.0,12.504045148619014
3,True,0.0,0.0,0.0,0.0,6.659307554028738,0.0,39.77503107005958
3,True,0.0,0.0,0.0,0.0,11.43717829144466,0.0,17.2133241524125
3,True,0.0,0.0,0.0,0.0,9.838540456782463,0.0,22.947159334148726
3,True,0.0,0.0,0.0,0.0,12.655774910553363,0.0,13.513973498594378
3,True,0.0,0.0,0.0,0.0,7.235358170806572,0.0,35.78162352771934
3,True,0.0,0.0,0.0,0.0,12.771430196097933,0.0,13.137192799811292
3,True,0.0,0.0,0.0,0.0,10.042740380741888,0.0,22.19171932917361
3,True,0.0,0.0,0.0,0.0,14.8110681937346,0.0,7.781815624349198
3,True,0.0,0.0,0.0,0.0,13.57676312048165,0.0,10.909148377209965
3,True,0.0,0.0,0.0,0.0,13.526928684804107,0.0,11.071168133120679
3,True,0.0,0.0,0.0,0.0,16.009760494350523,0.0,5.024491382486385
3,True,0.0,0.0,0.0,0.0,15.542192060298078,0.0,6.098616125856737
3,True,0.0,0.0,0.0,0.0,14.757206917632015,0.0,7.924421455256525
3,True,0.0,0.0,0.0,0.0,17.574160283068274,0.0,1.7321085537053693
3,True,0.0,0.0,0.0,0.0,13.184845163863324,0.0,12.017370479598899
3,True,0.0,0.0,0.0,0.0,11.01833335321134,0.0,18.633837581821446
3,True,0.0,0.0,0.0,0.0,15.581277242648728,0.0,5.972012031720486
3,True,0.0,0.0,0.0,0.0,18.441595887507223,0.0,0.07450253994349954
3,True,0.0,0.0,0.0,0.0,11.646897488835029,0.0,16.563184440157073
3,True,0.0,0.0,0.0,0.0,12.007390240958449,0.0,15.462948684627499
3,True,0.0,0.0,0.0,0.0,10.344484209739925,0.0,21.07185304728818
3,True,0.0,0.0,0.0,0.0,11.599826666040446,0.0,16.738244735161867
3,True,0.0,0.0,0.0,0.0,6.652542371243941,0.0,39.86042587520977
3,True,0.0,0.0,0.0,0.0,11.7297660962571,0.0,16.311511457991944
3,True,0.0,0.0,0.0,0.0,16.56872621632649,0.0,3.795184443926891
3,True,0.0,0.0,0.0,0.0,14.378294631156729,0.0,8.86189841118693
3,True,0.0,0.0,0.0,0.0,11.007101227297778,0.0,18.653876234850998
3,True,0.0,0.0,0.0,0.0,6.704223253535824,0.0,39.44405654963107
3,True,0.0,0.0,0.0,0.0,10.022264502841127,0.0,22.22536111764015
3,True,0.0,0.0,0.0,0.0,12.101311771128797,0.0,15.145288729299388
3,True,0.0,0.0,0.0,0.0,16.964056084548716,0.0,2.976823095435699
3,True,0.0,0.0,0.0,0.0,9.991285508829828,0.0,22.33749355530934
3,True,0.0,0.0,0.0,0.0,14.823889377678334,0.0,7.74394860355182
3,True,0.0,0.0,0.0,0.0,10.413403370756857,0.0,20.804195860639574
3,True,0.0,0.0,0.0,0.0,13.60993247780039,0.0,10.842148041325594
3,True,0.0,0.0,0.0,0.0,15.774770549822703,0.0,5.566739535242238
3,True,0.0,0.0,0.0,0.0,14.34656638700048,0.0,8.917533460905002
3,True,0.0,0.0,0.0,0.0,9.013361212281001,0.0,26.369964759531108
3,True,0.0,0.0,0.0,0.0,11.427164989548455,0.0,17.265572565081733
3,True,0.0,0.0,0.0,0.0,8.619674669139377,0.0,28.186999156810145
3,True,0.0,0.0,0.0,0.0,18.347733789920873,0.0,0.2422981968623894
3,True,0.0,0.0,0.0,0.0,12.01266820421585,0.0,15.440834385417457
3,True,0.0,0.0,0.0,0.0,7.625119683144598,0.0,33.360234166321945
3,True,0.0,0.0,0.0,0.0,9.621358235082056,0.0,23.807309064286574
3,True,0.0,0.0,0.0,0.0,6.696565427348333,0.0,39.50845264639137
3,True,0.0,0.0,0.0,0.0,12.03547495029662,0.0,15.344651649997365
3,True,0.0,0.0,0.0,0.0,7.489735823715515,0.0,34.149468219020484
3,True,0.0,0.0,0.0,0.0,15.069404273785503,0.0,7.15404919053505
3,True,0.0,0.0,0.0,0.0,10.924072108799121,0.0,18.94753297042814
3,True,0.0,0.0,0.0,0.0,18.33588439512609,0.0,0.26465109686857335
3,True,0.0,0.0,0.0,0.0,10.375975952126504,0.0,20.893418747884162
3,True,0.0,0.0,0.0,0.0,12.374307920467832,0.0,14.331331221237086
3,True,0.0,0.0,0.0,0.0,7.920493752564772,0.0,31.72114094097068
3,True,0.0,0.0,0.0,0.0,10.274138022905976,0.0,21.324440059591232
3,True,0.0,0.0,0.0,0.0,10.748700381689513,0.0,19.601798615378875
3,True,0.0,0.0,0.0,0.0,13.777611046178295,0.0,10.383424165770593
3,True,0.0,0.0,0.0,0.0,16.733891929428335,0.0,3.4647734667712426
3,True,0.0,0.0,0.0,0.0,10.518507625174733,0.0,20.406690942845472
3,True,0.0,0.0,0.0,0.0,7.584339259887296,0.0,33.62058215787202
3,True,0.0,0.0,0.0,0.0,12.428902848120272,0.0,14.174594517688776
3,True,0.0,0.0,0.0,0.0,10.730935493140038,0.0,19.609394912122667
3,True,0.0,0.0,0.0,0.0,17.800849267699437,0.0,1.3033299382716024
3,True,0.0,0.0,0.0,0.0,11.627836438187444,0.0,16.639526363940092
3,True,0.0,0.0,0.0,0.0,7.171750969142387,0.0,36.13606201058786
3,True,0.0,0.0,0.0,0.0,9.101571721814405,0.0,25.996272518039977
3,True,0.0,0.0,0.0,0.0,10.327521623776914,0.0,21.079377467331117
3,True,0.0,0.0,0.0,0.0,10.126746300575928,0.0,21.81713403894484
3,True,0.0,0.0,0.0,0.0,7.528494075622827,0.0,33.92863233805781
3,True,0.0,0.0,0.0,0.0,6.5091037972178745,0.0,40.97825388168326
3,True,0.0,0.0,0.0,0.0,13.413702368636905,0.0,11.363469253877467
3,True,0.0,0.0,0.0,0.0,7.673997891959727,0.0,33.06903666955097
3,True,0.0,0.0,0.0,0.0,12.721490137491376,0.0,13.305863087243331
3,True,0.0,0.0,0.0,0.0,13.855990728594614,0.0,10.174222011501577
3,True,0.0,0.0,0.0,0.0,8.344448087398536,0.0,29.543119880824044
3,True,0.0,0.0,0.0,0.0,18.1946623558635,0.0,0.5634940068289573
3,True,0.0,0.0,0.0,0.0,17.019248485700224,0.0,2.8566618337507177
3,True,0.0,0.0,0.0,0.0,16.59925844837543,0.0,3.7288530050070268
3,True,0.0,0.0,0.0,0.0,6.483709294767115,0.0,41.18629612735777
3,True,0.0,0.0,0.0,0.0,6.527699800486387,0.0,40.8493831731934
3,True,0.0,0.0,0.0,0.0,16.687487760588702,0.0,3.560737537890979
3,True,0.0,0.0,0.0,0.0,9.204600867881318,0.0,25.55570936752225
3,True,0.0,0.0,0.0,0.0,10.399593240946404,0.0,20.804675279585183
3,True,0.0,0.0,0.0,0.0,17.311665609185333,0.0,2.2645016531999462
3,True,0.0,0.0,0.0,0.0,6.859367804298932,0.0,38.317742259635466
3,True,0.0,0.0,0.0,0.0,11.848299305035514,0.0,15.948181785240267
3,True,0.0,0.0,0.0,0.0,9.614782453664805,0.0,23.82228930175547
3,True,0.0,0.0,0.0,0.0,12.468243731100337,0.0,14.022606451351717
3,True,0.0,0.0,0.0,0.0,9.19229799193414,0.0,25.609148053056508
3,True,0.0,0.0,0.0,0.0,10.56586850003579,0.0,20.214202125765457
3,True,0.0,0.0,0.0,0.0,14.529477855639318,0.0,8.468520419536407
3,True,0.0,0.0,0.0,0.0,11.753698717759132,0.0,16.224165634643107
3,True,0.0,0.0,0.0,0.0,14.009201480324506,0.0,9.784918295828671
3,True,0.0,0.0,0.0,0.0,15.302121904453792,0.0,6.625792559734123
3,True,0.0,0.0,0.0,0.0,7.2094735277965505,0.0,35.88121376620421
3,True,0.0,0.0,0.0,0.0,7.208943947273305,0.0,35.88474192234747
3,True,0.0,0.0,0.0,0.0,14.233647810748895,0.0,9.235888345257337
3,True,0.0,0.0,0.0,0.0,12.357327744353563,0.0,14.36137384192735
3,True,0.0,0.0,0.0,0.0,17.328055998060798,0.0,2.234291799409316
3,True,0.0,0.0,0.0,0.0,15.733260247866287,0.0,5.625950541573211
3,True,0.0,0.0,0.0,0.0,7.673730898774556,0.0,33.085044137863505
3,True,0.0,0.0,0.0,0.0,6.74009750503306,0.0,39.151581018075746
3,True,0.0,0.0,0.0,0.0,10.198184464401717,0.0,21.54614348173931
3,True,0.0,0.0,0.0,0.0,12.584260474708131,0.0,13.748861345484409
3,True,0.0,0.0,0.0,0.0,9.115538570594294,0.0,25.97096773346782
3,True,0.0,0.0,0.0,0.0,10.223700409474423,0.0,21.474110991208974
3,True,0.0,0.0,0.0,0.0,9.388128708262823,0.0,24.762426157200103
3,True,0.0,0.0,0.0,0.0,7.037001152626177,0.0,37.0887304151607
3,True,0.0,0.0,0.0,0.0,6.5093846561076525,0.0,40.970522633936966
3,True,0.0,0.0,0.0,0.0,15.423218747208821,0.0,6.327599014354501
3,True,0.0,0.0,0.0,0.0,16.049573112624984,0.0,4.922637666546581
3,True,0.0,0.0,0.0,0.0,6.931613379488677,0.0,37.83867192558552
3,True,0.0,0.0,0.0,0.0,8.157385359442271,0.0,30.44604941106954
3,True,0.0,0.0,0.0,0.0,11.037305124948904,0.0,18.545746722951396
3,True,0.0,0.0,0.0,0.0,10.345507803377018,0.0,21.00290092726067
3,True,0.0,0.0,0.0,0.0,8.065898018616979,0.0,30.929165845642736
3,True,0.0,0.0,0.0,0.0,11.226789228222922,0.0,17.951015754071832
3,True,0.0,0.0,0.0,0.0,18.18099464167996,0.0,0.5640044313395931
3,True,0.0,0.0,0.0,0.0,10.942836683270007,0.0,18.892439875589773
3,True,0.0,0.0,0.0,0.0,9.825413863046617,0.0,22.980015789079033
3,True,0.0,0.0,0.0,0.0,10.173438388565526,0.0,21.65962770398372
3,True,0.0,0.0,0.0,0.0,10.32184526414326,0.0,21.125381403774256
3,True,0.0,0.0,0.0,0.0,16.826423236239453,0.0,3.251905290122592
3,True,0.0,0.0,0.0,0.0,7.739054043744586,0.0,32.72878657574009
3,True,0.0,0.0,0.0,0.0,15.23782943723625,0.0,6.7655240952310125
3,True,0.0,0.0,0.0,0.0,10.20103177418543,0.0,21.54422301571105
3,True,0.0,0.0,0.0,0.0,7.582874059315214,0.0,33.69088110299916
3,True,0.0,0.0,0.0,0.0,7.506053105178001,0.0,34.081883380416635
3,True,0.0,0.0,0.0,0.0,11.98631773489417,0.0,15.488093823728333
3,True,0.0,0.0,0.0,0.0,11.843716871498644,0.0,15.955264416611959
3,True,0.0,0.0,0.0,0.0,13.409294731050924,0.0,11.402025875260113
3,True,0.0,0.0,0.0,0.0,7.927560999876915,0.0,31.66196311000904
3,True,0.0,0.0,0.0,0.0,9.605883266536352,0.0,23.882350102768957
3,True,0.0,0.0,0.0,0.0,7.373616965058294,0.0,34.85705249871502
3,True,0.0,0.0,0.0,0.0,11.518781923491373,0.0,16.9572275258695
3,True,0.0,0.0,0.0,0.0,13.154027050352667,0.0,12.114084359957012
3,True,0.0,0.0,0.0,0.0,10.357441729058337,0.0,20.973661094213025
3,True,0.0,0.0,0.0,0.0,9.553887291912211,0.0,24.073070727174116
3,True,0.0,0.0,0.0,0.0,14.410856882640955,0.0,8.75913873917239
3,True,0.0,0.0,0.0,0.0,6.343133531045919,0.0,42.42383264050113
3,True,0.0,0.0,0.0,0.0,9.511096256494444,0.0,24.245900714870515
3,True,0.0,0.0,0.0,0.0,8.918785355366731,0.0,26.869272788357502
3,True,0.0,0.0,0.0,0.0,7.525844415293504,0.0,33.97981590006284
3,True,0.0,0.0,0.0,0.0,13.021763206948822,0.0,12.469674423250687
3,True,0.0,0.0,0.0,0.0,9.811773779324051,0.0,23.04759882298094
3,True,0.0,0.0,0.0,0.0,18.235096742162938,0.0,0.46119100698024384
3,True,0.0,0.0,0.0,0.0,6.78807216974694,0.0,38.82674624139412
3,True,0.0,0.0,0.0,0.0,14.29076950547259,0.0,9.072763154452613
3,True,0.0,0.0,0.0,0.0,14.509044203584576,0.0,8.51215949788947
3,True,0.0,0.0,0.0,0.0,10.869500779897933,0.0,19.141498750693554
3,True,0.0,0.0,0.0,0.0,14.098246169246709,0.0,9.553913863195874
3,True,0.0,0.0,0.0,0.0,15.515682201821946,0.0,6.116701920150113
3,True,0.0,0.0,0.0,0.0,6.688654749965495,0.0,39.55716273607954
3,True,0.0,0.0,0.0,0.0,7.098474350307926,0.0,36.61117081386919
3,True,0.0,0.0,0.0,0.0,14.061456081275747,0.0,9.648471680527749
3,True,0.0,0.0,0.0,0.0,6.61038803898334,0.0,40.15699695510479
3,True,0.0,0.0,0.0,0.0,10.631592552164726,0.0,19.958809891636687
3,True,0.0,0.0,0.0,0.0,6.680974911199988,0.0,39.72938164765269
3,True,0.0,0.0,0.0,0.0,9.987245643775733,0.0,22.37461540338288
3,True,0.0,0.0,0.0,0.0,7.974852064779537,0.0,31.40911311405503
3,True,0.0,0.0,0.0,0.0,6.923811315423578,0.0,37.88210414407798
3,True,0.0,0.0,0.0,0.0,10.091894613967678,0.0,21.98712446875355
3,True,0.0,0.0,0.0,0.0,15.74438172885857,0.0,5.600218043104799
3,True,0.0,0.0,0.0,0.0,6.597735044384068,0.0,40.303963148319546
3,True,0.0,0.0,0.0,0.0,6.6625393562357305,0.0,39.74466917064803
3,True,0.0,0.0,0.0,0.0,9.081017692060412,0.0,26.127012710201203
3,True,0.0,0.0,0.0,0.0,12.747036984983872,0.0,13.235894037710095
3,True,0.0,0.0,0.0,0.0,6.480828012274264,0.0,41.2232333329887
3,True,0.0,0.0,0.0,0.0,7.110295326762516,0.0,36.55583486870471
3,True,0.0,0.0,0.0,0.0,12.71677066423874,0.0,13.324975302711795
3,True,0.0,0.0,0.0,0.0,9.467225827489889,0.0,24.439082045134207
3,True,0.0,0.0,0.0,0.0,10.602831676906966,0.0,20.07034735257961
3,True,0.0,0.0,0.0,0.0,7.491802811005021,0.0,34.129499986389156
3,True,0.0,0.0,0.0,0.0,16.22784335929849,0.0,4.550240398627448
3,True,0.0,0.0,0.0,0.0,14.181599014877989,0.0,9.34538256119194
3,True,0.0,0.0,0.0,0.0,14.521532739262478,0.0,8.49664350503614
3,True,0.0,0.0,0.0,0.0,9.506258134628599,0.0,24.273003205332333
3,True,0.0,0.0,0.0,0.0,17.959412401925277,0.0,0.9919920999797327
3,True,0.0,0.0,0.0,0.0,14.730865305560236,0.0,8.001748592586399
3,True,0.0,0.0,0.0,0.0,10.102454670477623,0.0,21.917865718408425
3,True,0.0,0.0,0.0,0.0,12.813030210221754,0.0,13.025749038056777
3,True,0.0,0.0,0.0,0.0,12.327807143397319,0.0,14.44370820099099
3,True,0.0,0.0,0.0,0.0,12.338346584714788,0.0,14.421357454436091
3,True,0.0,0.0,0.0,0.0,14.649389034077265,0.0,8.173375834985485
3,True,0.0,0.0,0.0,0.0,7.1178830469085135,0.0,36.49720537743863
3,True,0.0,0.0,0.0,0.0,10.922271239218917,0.0,18.956197081921378
3,True,0.0,0.0,0.0,0.0,14.423642038783836,0.0,8.728862490222655
3,True,0.0,0.0,0.0,0.0,7.6555607666611625,0.0,33.309573283315906
3,True,0.0,0.0,0.0,0.0,16.114435493545653,0.0,4.8020008742013065
3,True,0.0,0.0,0.0,0.0,17.89364413360246,0.0,1.1205489716680561
3,True,0.0,0.0,0.0,0.0,6.603890967164605,0.0,40.24641413529817
3,True,0.0,0.0,0.0,0.0,17.511127506528112,0.0,1.8911032093385627
3,True,0.0,0.0,0.0,0.0,6.606366498954152,0.0,40.22150133201651
3,True,0.0,0.0,0.0,0.0,11.687543056142868,0.0,16.407444162748007
3,True,0.0,0.0,0.0,0.0,11.372115535799953,0.0,17.45450767149508
3,True,0.0,0.0,0.0,0.0,13.157903312829323,0.0,12.076810127277637
3,True,0.0,0.0,0.0,0.0,17.78354327792758,0.0,1.3304469813177122
3,True,0.0,0.0,0.0,0.0,11.373500771367407,0.0,17.429011534899242
3,True,0.0,0.0,0.0,0.0,9.156973424446424,0.0,25.75762508855145
3,True,0.0,0.0,0.0,0.0,15.989080389095411,0.0,5.052439874068327
3,True,0.0,0.0,0.0,0.0,18.4600408771894,0.0,0.028458691944621695
3,True,0.0,0.0,0.0,0.0,9.873714034254688,0.0,22.7891064867223
3,True,0.0,0.0,0.0,0.0,7.8684421999525185,0.0,32.01116851551377
3,True,0.0,0.0,0.0,0.0,14.000415685216616,0.0,9.804773256545452
3,True,0.0,0.0,0.0,0.0,17.200706038269132,0.0,2.4883370001297367
3,True,0.0,0.0,0.0,0.0,18.29054773145605,0.0,0.352779335099096
3,True,0.0,0.0,0.0,0.0,9.633148146010207,0.0,23.750187153703138
3,True,0.0,0.0,0.0,0.0,11.609336827740869,0.0,16.73086428648103
3,True,0.0,0.0,0.0,0.0,10.683415527223318,0.0,19.789730908397207
3,True,0.0,0.0,0.0,0.0,6.652657411312313,0.0,39.852402120159326
3,True,0.0,0.0,0.0,0.0,9.167641003277216,0.0,25.703612772674955
3,True,0.0,0.0,0.0,0.0,17.152689911736317,0.0,2.576833574812898
3,True,0.0,0.0,0.0,0.0,8.515706154539837,0.0,28.667827133294377
3,True,0.0,0.0,0.0,0.0,14.108378305790692,0.0,9.538959311356464
3,True,0.0,0.0,0.0,0.0,10.613778557685405,0.0,20.042838181034917
3,True,0.0,0.0,0.0,0.0,17.55957965079937,0.0,1.7718696065152972
3,True,0.0,0.0,0.0,0.0,11.053378533726011,0.0,18.502105806984094
3,True,0.0,0.0,0.0,0.0,17.026297365319643,0.0,2.8514874563112302
3,True,0.0,0.0,0.0,0.0,8.073979766203943,0.0,30.89081892385407
3,True,0.0,0.0,0.0,0.0,16.033079254980322,0.0,4.9600571832112745
3,True,0.0,0.0,0.0,0.0,9.371290254287034,0.0,24.83804575181757
3,True,0.0,0.0,0.0,0.0,11.284975199146995,0.0,17.714102343973803
3,True,0.0,0.0,0.0,0.0,10.095800391289234,0.0,21.93732874356238
3,True,0.0,0.0,0.0,0.0,12.468086767992602,0.0,14.031131528600415
3,True,0.0,0.0,0.0,0.0,16.021941070634416,0.0,4.975798055506053
3,True,0.0,0.0,0.0,0.0,17.492838291007786,0.0,1.9085307045542677
3,True,0.0,0.0,0.0,0.0,12.319405549712158,0.0,14.468889183439948
3,True,0.0,0.0,0.0,0.0,13.209358423069107,0.0,11.912951940138317
3,True,0.0,0.0,0.0,0.0,17.780583831393628,0.0,1.344052588362732
3,True,0.0,0.0,0.0,0.0,9.41712351507208,0.0,24.637623439347156
3,True,0.0,0.0,0.0,0.0,18.451994031747766,0.0,0.04425347983129102
3,True,0.0,0.0,0.0,0.0,7.429446001980233,0.0,34.54206954371297
3,True,0.0,0.0,0.0,0.0,11.543753852200867,0.0,16.87661101501938
3,True,0.0,0.0,0.0,0.0,10.315323434735202,0.0,21.15901160729884
3,True,0.0,0.0,0.0,0.0,15.117118164004474,0.0,7.05491632515246
3,True,0.0,0.0,0.0,0.0,7.23935329214137,0.0,35.69887603694218
3,True,0.0,0.0,0.0,0.0,7.138989035173271,0.0,36.359981066464364
3,True,0.0,0.0,0.0,0.0,7.564411365545853,0.0,33.72043632845567
3,True,0.0,0.0,0.0,0.0,9.901708967547274,0.0,22.682749489869604
3,True,0.0,0.0,0.0,0.0,12.041805629761349,0.0,15.310619666654556
3,True,0.0,0.0,0.0,0.0,8.275332151812709,0.0,29.84773683543793
3,True,0.0,0.0,0.0,0.0,12.826889575468048,0.0,12.99476561791394
3,True,0.0,0.0,0.0,0.0,6.350951774507307,0.0,42.39227337765276
3,True,0.0,0.0,0.0,0.0,16.63550628943269,0.0,3.6985795963018875
3,True,0.0,0.0,0.0,0.0,15.436017805865976,0.0,6.306554417623211
3,True,0.0,0.0,0.0,0.0,16.789446809694375,0.0,3.3395470563006513
3,True,0.0,0.0,0.0,0.0,15.91770627789183,0.0,5.214894628235811
3,True,0.0,0.0,0.0,0.0,18.32396078547519,0.0,0.2948145385633594
3,True,0.0,0.0,0.0,0.0,11.10251028463891,0.0,18.34787706550426
3,True,0.0,0.0,0.0,0.0,13.203541132776097,0.0,11.951281712120265
3,True,0.0,0.0,0.0,0.0,10.012841420267893,0.0,22.26812817700904
3,True,0.0,0.0,0.0,0.0,13.739526936127977,0.0,10.50239224669295
3,True,0.0,0.0,0.0,0.0,10.523212670547599,0.0,20.3472527845041
3,True,0.0,0.0,0.0,0.0,10.820747098666905,0.0,19.29659789277305
3,True,0.0,0.0,0.0,0.0,16.613749607474194,0.0,3.7009402382877976
3,True,0.0,0.0,0.0,0.0,11.91904681017305,0.0,15.695790572221835
3,True,0.0,0.0,0.0,0.0,7.561245342586109,0.0,33.76600962055555
3,True,0.0,0.0,0.0,0.0,15.15558023545056,0.0,6.958057305552245
3,True,0.0,0.0,0.0,0.0,13.898785704144423,0.0,10.063762355983453
3,True,0.0,0.0,0.0,0.0,7.096754689439965,0.0,36.626297062006074
3,True,0.0,0.0,0.0,0.0,10.635246094060168,0.0,19.958654508690486
3,True,0.0,0.0,0.0,0.0,13.468494737140757,0.0,11.225944735771398
3,True,0.0,0.0,0.0,0.0,14.196362283286879,0.0,9.333389708031547
3,True,0.0,0.0,0.0,0.0,15.234694386670988,0.0,6.781707787470214
3,True,0.0,0.0,0.0,0.0,11.046416588577024,0.0,18.52775854285301
3,True,0.0,0.0,0.0,0.0,11.358909162382947,0.0,17.48998145138093
3,True,0.0,0.0,0.0,0.0,7.404402017675693,0.0,34.71211150440128
3,True,0.0,0.0,0.0,0.0,14.501632405692543,0.0,8.576064407513895
3,True,0.0,0.0,0.0,0.0,7.1759912880476335,0.0,36.107397037663205
3,True,0.0,0.0,0.0,0.0,6.497609016621819,0.0,41.15141492445845
3,True,0.0,0.0,0.0,0.0,7.32376457135997,0.0,35.163635104225385
3,True,0.0,0.0,0.0,0.0,8.202254886993664,0.0,30.22629884137241
3,True,0.0,0.0,0.0,0.0,7.726779764378133,0.0,32.77684734386504
3,True,0.0,0.0,0.0,0.0,15.753505856332882,0.0,5.580172867767185
3,True,0.0,0.0,0.0,0.0,10.429484605688867,0.0,20.713481282716206
3,True,0.0,0.0,0.0,0.0,7.503543021041237,0.0,34.082452112110296
3,True,0.0,0.0,0.0,0.0,11.875519687304081,0.0,15.843533318862146
3,True,0.0,0.0,0.0,0.0,11.640540814664568,0.0,16.58850841507771
3,True,0.0,0.0,0.0,0.0,7.238130219394002,0.0,35.71700236917357
3,True,0.0,0.0,0.0,0.0,9.203290164697242,0.0,25.59630107273364
3,True,0.0,0.0,0.0,0.0,8.10022272806834,0.0,30.75743960239764
3,True,0.0,0.0,0.0,0.0,12.411817919192314,0.0,14.187441113780807
3,True,0.0,0.0,0.0,0.0,13.726563318896156,0.0,10.545514584748028
3,True,0.0,0.0,0.0,0.0,11.63000330775964,0.0,16.600879915845866
3,True,0.0,0.0,0.0,0.0,9.254269014243189,0.0,25.3414646810066
3,True,0.0,0.0,0.0,0.0,9.155710607567203,0.0,25.779046924470894
3,True,0.0,0.0,0.0,0.0,16.040714059170412,0.0,4.934901113232715
3,True,0.0,0.0,0.0,0.0,9.57486422639593,0.0,24.028762818321127
3,True,0.0,0.0,0.0,0.0,14.440308408507319,0.0,8.698294631738335
3,True,0.0,0.0,0.0,0.0,11.907168467404794,0.0,15.721879668659177
3,True,0.0,0.0,0.0,0.0,15.412665093806876,0.0,6.36536211002019
3,True,0.0,0.0,0.0,0.0,12.500303460471262,0.0,13.926908106483138
3,True,0.0,0.0,0.0,0.0,7.570796085856458,0.0,33.69501760608481
3,True,0.0,0.0,0.0,0.0,12.061690511498558,0.0,15.260307718825484
3,True,0.0,0.0,0.0,0.0,11.867659117091234,0.0,15.847308561668626
3,True,0.0,0.0,0.0,0.0,11.21256291374484,0.0,17.957733523986608
3,True,0.0,0.0,0.0,0.0,13.5754556173313,0.0,10.936587131910136
3,True,0.0,0.0,0.0,0.0,10.14270712411297,0.0,21.786552091243482
3,True,0.0,0.0,0.0,0.0,15.06233374599999,0.0,7.191605725761563
3,True,0.0,0.0,0.0,0.0,12.051846651735708,0.0,15.298007991623741
3,True,0.0,0.0,0.0,0.0,7.16276730831037,0.0,36.19417877286364
3,True,0.0,0.0,0.0,0.0,6.356505442187821,0.0,42.33305321145914
3,True,0.0,0.0,0.0,0.0,7.75297258268941,0.0,32.62682272873454
3,True,0.0,0.0,0.0,0.0,14.65774886141732,0.0,8.147697900287309
3,True,0.0,0.0,0.0,0.0,7.871696364744696,0.0,32.00428290888201
3,True,0.0,0.0,0.0,0.0,13.71174842224926,0.0,10.563823165900033
3,True,0.0,0.0,0.0,0.0,15.311595041107651,0.0,6.587083146780537
3,True,0.0,0.0,0.0,0.0,10.267466190555341,0.0,21.381328678759647
3,True,0.0,0.0,0.0,0.0,9.336594608262615,0.0,24.980875830979965
3,True,0.0,0.0,0.0,0.0,9.166164360469754,0.0,25.70424747375517
3,True,0.0,0.0,0.0,0.0,16.015150608802177,0.0,5.003343135912342
3,True,0.0,0.0,0.0,0.0,6.945956682636778,0.0,37.66669297236831
3,True,0.0,0.0,0.0,0.0,7.736896894982448,0.0,32.7436728343863
3,True,0.0,0.0,0.0,0.0,18.01626708998515,0.0,0.8780491678716862
3,True,0.0,0.0,0.0,0.0,16.122321218869708,0.0,4.791960028886255
3,True,0.0,0.0,0.0,0.0,8.210105550964975,0.0,30.18834972748542
3,True,0.0,0.0,0.0,0.0,8.33025956553487,0.0,29.611758735403313
3,True,0.0,0.0,0.0,0.0,6.498133006995211,0.0,41.138114752249365
3,True,0.0,0.0,0.0,0.0,14.50247540339481,0.0,8.548572582465896
3,True,0.0,0.0,0.0,0.0,16.96109633681907,0.0,2.9953691888903067
3,True,0.0,0.0,0.0,0.0,11.283405997757267,0.0,17.732497234074962
3,True,0.0,0.0,0.0,0.0,14.43670401299062,0.0,8.712246491614561
3,True,0.0,0.0,0.0,0.0,14.638514376959733,0.0,8.194134486551208
3,True,0.0,0.0,0.0,0.0,8.68985537159601,0.0,27.870968091450663
3,True,0.0,0.0,0.0,0.0,13.731538094166018,0.0,10.52698731789028
3,True,0.0,0.0,0.0,0.0,13.187157650451075,0.0,11.97820989880033
3,True,0.0,0.0,0.0,0.0,13.538701017225808,0.0,11.066874948710348
3,True,0.0,0.0,0.0,0.0,12.348399269234134,0.0,14.401967764317458
3,True,0.0,0.0,0.0,0.0,14.375452167131975,0.0,8.869592627809164
3,True,0.0,0.0,0.0,0.0,15.765230673170649,0.0,5.575203053904298
3,True,0.0,0.0,0.0,0.0,11.354783829351522,0.0,17.49347825678057
3,True,0.0,0.0,0.0,0.0,17.312519918768665,0.0,2.261576398251819
3,True,0.0,0.0,0.0,0.0,8.337391335620703,0.0,29.556075748001653
3,True,0.0,0.0,0.0,0.0,11.52701102818039,0.0,16.92541725185379
3,True,0.0,0.0,0.0,0.0,13.868238949764521,0.0,10.17043627708134
3,True,0.0,0.0,0.0,0.0,9.82280211673573,0.0,23.01477286326965
3,True,0.0,0.0,0.0,0.0,10.129907893388356,0.0,21.80947490562055
3,True,0.0,0.0,0.0,0.0,10.046236636445173,0.0,22.168163123810004
3,True,0.0,0.0,0.0,0.0,10.176344080116706,0.0,21.636563642069895
3,True,0.0,0.0,0.0,0.0,17.375109007723523,0.0,2.131083716856119
3,True,0.0,0.0,0.0,0.0,11.272720721830554,0.0,17.760756619692376
3,True,0.0,0.0,0.0,0.0,7.110544750643655,0.0,36.537653610558316
3,True,0.0,0.0,0.0,0.0,12.595120232746403,0.0,13.703527995269782
3,True,0.0,0.0,0.0,0.0,17.196831671081426,0.0,2.5012895611356445
3,True,0.0,0.0,0.0,0.0,9.634353668311768,0.0,23.74313728733903
3,True,0.0,0.0,0.0,0.0,18.473058881808434,0.0,0.006883416935377085
3,True,0.0,0.0,0.0,0.0,13.195350931384642,0.0,11.96582660377734
3,True,0.0,0.0,0.0,0.0,7.9259397049113005,0.0,31.681261694035136
3,True,0.0,0.0,0.0,0.0,7.435968005231308,0.0,34.481442384610475
3,True,0.0,0.0,0.0,0.0,8.212147576082119,0.0,30.170573176590267
3,True,0.0,0.0,0.0,0.0,7.434865129676171,0.0,34.51013371335415
3,True,0.0,0.0,0.0,0.0,12.5853175069511,0.0,13.710880359887723
3,True,0.0,0.0,0.0,0.0,11.43677338278949,0.0,17.21957167644256
3,True,0.0,0.0,0.0,0.0,8.68965000555636,0.0,27.876000626150176
3,True,0.0,0.0,0.0,0.0,14.81900667136985,0.0,7.767116534389629
3,True,0.0,0.0,0.0,0.0,6.969339771375771,0.0,37.54134655393996
3,True,0.0,0.0,0.0,0.0,8.386088269176394,0.0,29.310488275909663
3,True,0.0,0.0,0.0,0.0,12.812485234741189,0.0,13.058701399023576
3,True,0.0,0.0,0.0,0.0,11.534595425281635,0.0,16.903215513666105
3,True,0.0,0.0,0.0,0.0,8.336887043073826,0.0,29.603711754485108
3,True,0.0,0.0,0.0,0.0,7.400797136610516,0.0,34.744911701458136
3,True,0.0,0.0,0.0,0.0,7.405139303954544,0.0,34.6605588830744
3,True,0.0,0.0,0.0,0.0,6.67985981352992,0.0,39.730602977537814
3,True,0.0,0.0,0.0,0.0,11.427804794087304,0.0,17.263735911068313
3,True,0.0,0.0,0.0,0.0,17.33682666390993,0.0,2.2188157724354673
3,True,0.0,0.0,0.0,0.0,13.563335842039558,0.0,10.955708178599233
3,True,0.0,0.0,0.0,0.0,7.974746138298572,0.0,31.438502194731278
3,True,0.0,0.0,0.0,0.0,12.64026009513387,0.0,13.534269101141295
3,True,0.0,0.0,0.0,0.0,6.3556523501049895,0.0,42.36412250663274
3,True,0.0,0.0,0.0,0.0,16.610752289736542,0.0,3.7127440195889094
3,True,0.0,0.0,0.0,0.0,9.600674060956727,0.0,23.89366130003233
3,True,0.0,0.0,0.0,0.0,15.909427183874858,0.0,5.245063315497934
3,True,0.0,0.0,0.0,0.0,6.693653974631153,0.0,39.543261076156725
3,True,0.0,0.0,0.0,0.0,10.5222965265095,0.0,20.362418037567988
3,True,0.0,0.0,0.0,0.0,10.018244720224212,0.0,22.24411139135625
3,True,0.0,0.0,0.0,0.0,17.55727767081914,0.0,1.7803978923941588
3,True,0.0,0.0,0.0,0.0,9.381731079709954,0.0,24.800206979159533
3,True,0.0,0.0,0.0,0.0,14.415197388537448,0.0,8.750374194672839
3,True,0.0,0.0,0.0,0.0,15.412917412026705,0.0,6.350444879219341
3,True,0.0,0.0,0.0,0.0,10.677079567174442,0.0,19.829028838616768
3,True,0.0,0.0,0.0,0.0,12.647431677859844,0.0,13.520154630095426
3,True,0.0,0.0,0.0,0.0,9.560472790992968,0.0,24.048443503679096
3,True,0.0,0.0,0.0,0.0,9.378538123301428,0.0,24.80396106025947
3,True,0.0,0.0,0.0,0.0,14.699796778399065,0.0,8.076115431379026
3,True,0.0,0.0,0.0,0.0,10.574129215700989,0.0,20.206324968537015
3,True,0.0,0.0,0.0,0.0,12.054629991662658,0.0,15.262353681775965
3,True,0.0,0.0,0.0,0.0,17.382516835588323,0.0,2.1234661660527676
3,True,0.0,0.0,0.0,0.0,9.256777654036307,0.0,25.33349663760611
3,True,0.0,0.0,0.0,0.0,15.307379339055194,0.0,6.597189415759397
3,True,0.0,0.0,0.0,0.0,12.357070545490767,0.0,14.398823467201327
3,True,0.0,0.0,0.0,0.0,9.815018933169705,0.0,23.030172801039704
3,True,0.0,0.0,0.0,0.0,12.50094220766772,0.0,13.922825292435947
3,True,0.0,0.0,0.0,0.0,8.522786514092129,0.0,28.64516713953894
3,True,0.0,0.0,0.0,0.0,12.938798578884336,0.0,12.68082759847613
3,True,0.0,0.0,0.0,0.0,10.354537388133512,0.0,20.983841020782744
3,True,0.0,0.0,0.0,0.0,9.344919779475603,0.0,24.97207980101015
3,True,0.0,0.0,0.0,0.0,9.765030990449574,0.0,23.218476112202822
3,True,0.0,0.0,0.0,0.0,10.434170705733381,0.0,20.690387730614358
3,True,0.0,0.0,0.0,0.0,10.786419618308418,0.0,19.448965980834267
3,True,0.0,0.0,0.0,0.0,13.714046382859035,0.0,10.561496836787876
3,True,0.0,0.0,0.0,0.0,10.943298011263437,0.0,18.892116400311842
3,True,0.0,0.0,0.0,0.0,9.566296761516979,0.0,24.04194416450933
3,True,0.0,0.0,0.0,0.0,11.980534843980939,0.0,15.490416544618114
3,True,0.0,0.0,0.0,0.0,13.110384021713362,0.0,12.199238227305809
3,True,0.0,0.0,0.0,0.0,13.906158817516989,0.0,10.059027237545248
3,True,0.0,0.0,0.0,0.0,7.057102535960979,0.0,36.9100527735909
