year,next_year,pair,main,university,initial_rank,k,alpha,epsilon,target_rank,target_university,feasible,planned_norm,achieved_rank,realized_next_rank,survived,resolved_norm,effort_ratio,competitors_moved,Prestiz,Absolwenci,PotencjalNaukowy,Innowacyjnosc,EfektywnoscNaukowa,WarunkiKsztalcenia,Umiedzynarodowienie
2022,2023,2022→2023,False,AGH,2,1,0.0,1e-06,1,Politechnika Warszawska,True,0.12443357866134916,1,2,True,0.09945551734944631,0.7992659089241368,False,6.192155637291924,3.407708452961211,2.8178471549794915,5.419175050672164,3.5494253100800566,4.278256412874737,6.05576319410509
2022,2023,2022→2023,False,AGH,2,1,0.25,0.00996198051395819,1,Politechnika Warszawska,True,0.1564681758399071,1,2,True,0.09945551734944631,0.6356277678548883,False,7.795906139666347,4.166732564737696,3.504809573320977,7.030233157838406,4.396564528166669,5.32711712074464,7.567645792112021
2022,2023,2022→2023,False,AGH,2,1,0.5,0.01992396102791638,1,Politechnika Warszawska,True,0.18766864728938956,1,2,True,0.09945551734944631,0.5299527586836789,False,9.4497681840581,4.927510512811617,4.1312565688261245,8.40441007260183,5.246630872392622,6.323367906738331,9.132536693983528
2022,2023,2022→2023,False,Politechnika Gdanska,3,1,0.0,1e-06,2,AGH,True,0.04742403515368729,2,3,True,0.09508569950590189,2.0050107334341587,False,2.893205312166014,1.31206699030183,1.2330447039032966,0.0,1.4691388881063139,2.222260890906169,1.9444851646579941
2022,2023,2022→2023,False,Politechnika Gdanska,3,1,0.25,0.00996198051395819,2,AGH,True,0.07846193566306657,1,3,True,0.09508569950590189,1.2118704273906973,False,4.807180924917937,2.2350943563698267,2.0972291412887367,0.0,2.431318813920569,3.5973056508122103,3.1949693366009946
2022,2023,2022→2023,False,Politechnika Gdanska,3,1,0.5,0.01992396102791638,2,AGH,True,0.1101823627911894,1,3,True,0.09508569950590189,0.8629847563362046,False,6.788596012137537,3.1319479320995214,2.8522667691530335,0.0,3.3644051889415105,5.138103742915467,4.433129703307525
2022,2023,2022→2023,False,Politechnika Gdanska,3,2,0.0,1e-06,1,Politechnika Warszawska,True,0.17416433991740427,1,3,True,0.19596329732241807,1.125163150018837,False,11.057824216846745,4.562161204509064,4.233778086127593,0.0,5.161042451924969,8.216113977640592,6.941009779226248
2022,2023,2022→2023,False,Politechnika Gdanska,3,2,0.25,0.00996198051395819,1,Politechnika Warszawska,True,0.20584544043001538,1,3,True,0.19596329732241807,0.9519924119428961,False,13.150471896251858,5.427628493009551,4.923182148591742,0.0,6.038868613199721,9.624784912512963,8.245438138643257
2022,2023,2022→2023,False,Politechnika Gdanska,3,2,0.5,0.01992396102791638,1,Politechnika Warszawska,True,0.23831920196719275,1,3,True,0.19596329732241807,0.8222723796691572,False,15.370656276100348,6.182617889728292,5.586085578939526,0.0,6.884542245528513,11.216703710945753,9.437312423012056
2022,2023,2022→2023,False,Politechnika Wroclawska,4,1,0.0,1e-06,3,Politechnika Gdanska,True,0.14504617718668708,2,6,True,0.14116981368857134,0.9732749695765748,False,6.830654797235009,3.897415671058524,4.157132247195894,6.628784378995256,4.962520079887289,6.159274246579765,4.974981973933501
2022,2023,2022→2023,False,Politechnika Wroclawska,4,1,0.25,0.0037755731720638674,3,Politechnika Gdanska,True,0.154665150012855,2,6,True,0.14116981368857134,0.9127448146970278,False,7.358286391830932,4.127919346952503,4.404349116474071,6.785414847127502,5.396263022743197,6.677014217348659,5.374632105468658
2022,2023,2022→2023,False,Politechnika Wroclawska,4,1,0.5,0.007551146344127735,3,Politechnika Gdanska,True,0.16676328625701664,2,6,True,0.14116981368857134,0.8465281349217328,False,7.9825927247698605,4.335809266141033,4.727863672788912,7.412863777025658,5.736377790948055,7.20439662490841,5.785006711820106
2022,2023,2022→2023,False,Politechnika Wroclawska,4,2,0.0,1e-06,2,AGH,True,0.18899300469044938,2,6,True,0.23278956588063376,1.231736414064206,False,9.061153410370071,4.8774837945229965,5.284044778984054,8.396906075823896,6.504383621497867,8.184865653457768,6.600076968783575
2022,2023,2022→2023,False,Politechnika Wroclawska,4,2,0.25,0.00996198051395819,2,AGH,True,0.21932175873306292,1,6,True,0.23278956588063376,1.061406616586376,False,10.67782668546543,5.614207057987897,5.99009892450213,9.7074109308253,7.482560522635362,9.620961424125824,7.537792257564102
2022,2023,2022→2023,False,Politechnika Wroclawska,4,2,0.5,0.01992396102791638,2,AGH,True,0.2496419119622401,1,6,True,0.23278956588063376,0.9324939231992609,False,12.212373094758867,6.232572726182461,6.728355767153282,11.216567190875503,8.469754362609638,10.939829892243964,8.527898614424034
2022,2023,2022→2023,False,Politechnika Wroclawska,4,3,0.0,1e-06,1,Politechnika Warszawska,True,0.31059464929955505,1,6,True,0.3292307605216864,1.060001391730859,False,15.382296453919642,7.4658385422147315,8.104579553365376,14.142672778576937,10.41610333834374,13.694706366494309,10.516509788050577
2022,2023,2022→2023,False,Politechnika Wroclawska,4,3,0.25,0.00996198051395819,1,Politechnika Warszawska,True,0.3413104392518645,1,6,True,0.3292307605216864,0.9646079423862448,False,17.01499348958453,8.00065841793468,8.787397362701855,15.661355077687134,11.379341547292022,15.078449119050157,11.491831172045952
2022,2023,2022→2023,False,Politechnika Wroclawska,4,3,0.5,0.01992396102791638,1,Politechnika Warszawska,True,0.37169751946396934,1,6,True,0.3292307605216864,0.8857491462317939,False,18.635876900180847,8.557199928303316,9.54723855319065,17.04248782660467,12.340327814090635,16.518433556276385,12.422978237169824
2022,2023,2022→2023,False,Politechnika Lodzka,5,1,0.0,1e-06,4,Politechnika Wroclawska,True,0.024437411996823463,4,5,True,0.008745345522244945,0.3578670901559348,False,1.2785525574907393,0.7796815234399901,0.7300419293803428,0.9741256276347199,0.8234139083007297,1.0347572824536244,0.706155843793066
2022,2023,2022→2023,False,Politechnika Lodzka,5,1,0.25,0.012230677295829773,4,Politechnika Wroclawska,True,0.0628256414711716,3,5,True,0.008745345522244945,0.1392002583253824,False,3.436114174384597,1.9148029479154838,1.861365850324892,2.4749934418043518,2.1434940483111786,2.538264395627998,1.8356560328397387
2022,2023,2022→2023,False,Politechnika Lodzka,5,1,0.5,0.024461354591659545,4,Politechnika Wroclawska,True,0.10258365030169206,3,5,True,0.008745345522244945,0.08525087084077662,False,5.721413083281016,2.962010953439065,2.949683044086082,4.33856018188144,3.4466234622745784,4.077879550200725,2.773792909599304
2022,2023,2022→2023,False,Politechnika Lodzka,5,2,0.0,1e-06,3,Politechnika Gdanska,True,0.18086551408430698,2,5,True,0.11479813925902353,0.6347154671261023,False,10.511902927813344,4.810460579657249,4.943636484992742,7.530780635141859,6.036458300414893,7.274115353399768,4.79363390759101
2022,2023,2022→2023,False,Politechnika Lodzka,5,2,0.25,0.0037755731720638674,3,Politechnika Gdanska,True,0.19375375364262948,2,5,True,0.11479813925902353,0.5924950464225007,False,11.337230228582506,5.162861258027229,5.288370740734982,8.114375648823163,6.391507430589016,7.750456303734865,5.0484004860460345
2022,2023,2022→2023,False,Politechnika Lodzka,5,2,0.5,0.007551146344127735,3,Politechnika Gdanska,True,0.2063815790878164,2,5,True,0.11479813925902353,0.556242179008507,False,12.180017265033516,5.429717544716395,5.561789866569777,8.705582111854321,6.776848472190555,8.23344322784899,5.259560784754802
2022,2023,2022→2023,False,Politechnika Lodzka,5,3,0.0,1e-06,2,AGH,True,0.23081898564569298,2,5,True,0.2151017744420477,0.9319067659894703,False,13.729032285062704,5.905539199706455,6.174422671061164,9.729352096969773,7.553996538367958,9.238689684202594,5.849126626353018
2022,2023,2022→2023,False,Politechnika Lodzka,5,3,0.25,0.00996198051395819,2,AGH,True,0.26383858097718554,1,5,True,0.2151017744420477,0.8152779386751168,False,15.879120490723581,6.671132812503688,6.886812171815359,11.116735934818228,8.548954651181727,10.630291246702338,6.508438384708503
2022,2023,2022→2023,False,Politechnika Lodzka,5,3,0.5,0.01992396102791638,2,AGH,True,0.2969403800151492,1,5,True,0.2151017744420477,0.7243938141086561,False,18.093369559582744,7.3355407723349035,7.589216687014588,12.60432864319599,9.535009293442076,11.906725678434338,7.169650153077434
2022,2023,2022→2023,False,Politechnika Slaska,6,1,0.0,1e-06,5,Politechnika Lodzka,True,0.09546745407969029,4,7,True,0.11323677306175743,1.1861295993840415,False,4.73039021803846,3.0768500049036973,2.9193523248619013,3.347056083150357,3.5630617815628596,3.6900906961239155,3.6413142258947317
2022,2023,2022→2023,False,Politechnika Slaska,6,1,0.25,0.0019207209812317771,5,Politechnika Lodzka,True,0.10078302807549623,4,7,True,0.11323677306175743,1.1235698631413629,False,4.949992782332291,3.33068231671535,3.0021970058799696,3.6401894854826478,3.7943687749411814,3.8306944734477044,3.8263158964147226
2022,2023,2022→2023,False,Politechnika Slaska,6,1,0.5,0.0038414419624635543,5,Politechnika Lodzka,True,0.10684184309141104,4,7,True,0.11323677306175743,1.0598541712246115,False,5.228976569574417,3.5176676324849776,3.2216663092561326,3.7203064915926176,3.9515727832023617,4.236532660234015,4.080767350897241
2022,2023,2022→2023,False,Politechnika Slaska,6,2,0.0,1e-06,4,Politechnika Wroclawska,True,0.11792299379334581,4,7,True,0.12073488195331761,1.0238451218843672,False,5.875868598226752,3.7955118859367643,3.4883807508682363,4.206402713266256,4.365045295291415,4.593408569725998,4.484521783240725
2022,2023,2022→2023,False,Politechnika Slaska,6,2,0.25,0.012230677295829773,4,Politechnika Wroclawska,True,0.15307917007402325,3,7,True,0.12073488195331761,0.7887087570107338,False,7.878301515477099,4.837324218754824,4.400094009178379,5.404876804102554,5.646204917924247,5.894837299486633,5.801958757148529
2022,2023,2022→2023,False,Politechnika Slaska,6,2,0.5,0.024461354591659545,4,Politechnika Wroclawska,True,0.1881348927144316,3,7,True,0.12073488195331761,0.641746356623915,False,9.650606781132776,5.831364566002573,5.263605281578343,6.679199565389338,6.952343812286744,7.411746404020514,7.156957313322554
2022,2023,2022→2023,False,Politechnika Slaska,6,3,0.0,1e-06,3,Politechnika Gdanska,True,0.25867388747247644,2,7,True,0.21869133579266486,0.8454325944126625,False,13.942137159751622,7.755884128469381,6.877982122741977,8.920501804090541,9.478137121015283,10.100396974967795,9.790290115794132
2022,2023,2022→2023,False,Politechnika Slaska,6,3,0.25,0.0037755731720638674,3,Politechnika Gdanska,True,0.26944327507387517,2,7,True,0.21869133579266486,0.8116414697405409,False,14.508127812474946,8.096601562499384,7.1268969418204815,9.286712741593739,9.871445090535802,10.527486014793219,10.229710250493085
2022,2023,2022→2023,False,Politechnika Slaska,6,3,0.5,0.007551146344127735,3,Politechnika Gdanska,True,0.28044018525568426,2,7,True,0.21869133579266486,0.779814546168833,False,15.218396302235249,8.352949218754802,7.342203239214551,9.652923679080716,10.263663103672183,10.969448017736106,10.598923262287308
2022,2023,2022→2023,False,Politechnika Poznanska,7,1,0.0,1e-06,6,Politechnika Slaska,True,0.062924677314851,5,4,True,0.0,0.0,False,2.96613938690852,1.9401899622289887,2.1341232808185895,2.379966467877337,2.22526860581459,2.518653129409665,2.3491857481722334
2022,2023,2022→2023,False,Politechnika Poznanska,7,1,0.25,0.008379890417788388,6,Politechnika Slaska,True,0.08862259675465455,4,4,True,0.0,0.0,False,4.226100908575889,2.73123200922446,2.8980779490639708,3.4419926433504724,3.0854335835336033,3.5750088654036007,3.2670064946158095
2022,2023,2022→2023,False,Politechnika Poznanska,7,1,0.5,0.016759780835576776,6,Politechnika Slaska,True,0.11349617332586116,4,4,True,0.0,0.0,False,5.459179687500201,3.358034336017357,3.712713154453706,4.381534445344027,3.9591574623093706,4.5766095524666985,4.258216793890801
2022,2023,2022→2023,False,Politechnika Poznanska,7,2,0.0,1e-06,5,Politechnika Lodzka,True,0.16456735321748872,4,4,True,0.0,0.0,False,8.148685291033472,4.646504294567055,5.216153348181929,6.485293208070708,5.6958000014210475,6.6874284680904506,6.033402224280215
2022,2023,2022→2023,False,Politechnika Poznanska,7,2,0.25,0.0019207209812317771,5,Politechnika Lodzka,True,0.17115819678191374,4,4,True,0.0,0.0,False,8.506233633440793,4.77154122070057,5.420311128295252,6.828935437345873,5.858551342698359,6.964667865719348,6.24374188760738
2022,2023,2022→2023,False,Politechnika Poznanska,7,2,0.5,0.0038414419624635543,5,Politechnika Lodzka,True,0.17606506582640172,4,4,True,0.0,0.0,False,8.776818009785488,4.893964374929349,5.598269102173104,6.855040747009278,6.091759267536656,7.229790387013185,6.426044799665553
2022,2023,2022→2023,False,Politechnika Poznanska,7,3,0.0,1e-06,4,Politechnika Wroclawska,True,0.18803942870062754,4,4,True,0.0,0.0,False,9.407086919788101,5.1773994529561,5.906003789808123,7.470742197158797,6.482921737052683,7.642224505450379,6.867661804906522
2022,2023,2022→2023,False,Politechnika Poznanska,7,3,0.25,0.012230677295829773,4,Politechnika Wroclawska,True,0.2259201315762023,3,4,True,0.0,0.0,False,11.466600799664981,5.959006886263019,7.038800887415286,8.936200426315189,7.693389359006608,9.364326705031555,8.193113637981641
2022,2023,2022→2023,False,Politechnika Poznanska,7,3,0.5,0.024461354591659545,4,Politechnika Wroclawska,True,0.2641512747882311,3,4,True,0.0,0.0,False,13.683483633464308,6.777444314049541,8.027443171201687,10.4899279869192,8.880203301982469,10.932019093013757,9.578204360576493
2022,2023,2022→2023,False,PJATK,8,1,0.0,1e-06,7,Politechnika Poznanska,True,0.09192260015774727,7,10,True,0.16267777140547404,1.76972552045204,True,3.985546874999964,2.897340463196907,3.2796591160024704,3.9781339144344,2.8545638702934473,3.9823438499106993,3.1030900338619216
2022,2023,2022→2023,False,PJATK,8,1,0.25,0.005290357830101372,7,Politechnika Poznanska,True,0.11113812294382881,7,10,True,0.16267777140547404,1.4637440969530706,True,4.874613424700669,3.4198828124991865,4.038155062983178,4.75677720288981,3.4202868080534743,4.823393487463858,3.7632774237882693
2022,2023,2022→2023,False,PJATK,8,1,0.5,0.010580715660202744,7,Politechnika Poznanska,True,0.13151654751393066,7,10,True,0.16267777140547404,1.2369376666327307,True,5.731399411325065,4.005820312502717,4.594226155235631,5.78477453943398,3.9855002874465417,5.8248114088796985,4.437039123543629
2022,2023,2022→2023,False,PJATK,8,2,0.0,1e-06,6,Politechnika Slaska,True,0.17249904923422027,6,10,True,0.2599584475285915,1.5070137991057464,False,7.683714009573574,4.9960883112316505,6.043549674517629,7.813915948443503,5.024678775812818,7.622978072776957,5.711382832266876
2022,2023,2022→2023,False,PJATK,8,2,0.25,0.008379890417788388,6,Politechnika Slaska,True,0.20430965162172537,5,10,True,0.2599584475285915,1.2723747775259222,False,9.233797568827905,5.8123021711703915,7.118025458428373,9.192143944444636,5.864142197804889,9.15252056459607,6.712664915156208
2022,2023,2022→2023,False,PJATK,8,2,0.5,0.016759780835576776,6,Politechnika Slaska,True,0.23760446066478608,4,10,True,0.2599584475285915,1.0940806700398717,False,10.845898437500022,6.591072964270939,8.21212211617492,10.74420647406756,6.630434369272898,10.851360288440207,7.674075781355905
2022,2023,2022→2023,False,PJATK,8,3,0.0,1e-06,5,Politechnika Lodzka,True,0.3053667964819365,4,10,True,0.302770369927127,0.9914973514320407,False,14.215039062500228,7.960898437499475,10.420772397251405,14.192652454669377,8.066759955537062,14.101178596379588,9.64913620041793
2022,2023,2022→2023,False,PJATK,8,3,0.25,0.0019207209812317771,5,Politechnika Lodzka,True,0.31303339468458025,4,10,True,0.302770369927127,0.9672142815056698,False,14.695343892689412,8.112181844255206,10.567256772250083,14.524048191401015,8.25419597990662,14.526765758226171,9.816560968739052
2022,2023,2022→2023,False,PJATK,8,3,0.5,0.0038414419624635543,5,Politechnika Lodzka,True,0.32162641863113745,4,10,True,0.302770369927127,0.9413728238362291,False,14.984082031250107,8.290488281239561,10.890339579045733,15.062292984868916,8.38782297078674,15.024719095945748,9.980515875645802
2022,2023,2022→2023,False,Politechnika Czestochowska,9,1,0.0,1e-06,8,PJATK,True,0.023851959991434666,8,14,True,0.15036685863684773,6.304172013153011,False,0.9736262327112583,0.8288759773265486,0.8507177160249069,0.9786747647427874,0.8720280227333621,0.8675461393277573,0.9271366801716474
2022,2023,2022→2023,False,Politechnika Czestochowska,9,1,0.25,0.006340410004935515,8,PJATK,True,0.04372701441787982,8,14,True,0.15036685863684773,3.438763442659448,False,1.8810219389063478,1.5868903975557624,1.4969274633046203,1.7475467642895093,1.553841030263614,1.5696445322329944,1.7003340265486222
2022,2023,2022→2023,False,Politechnika Czestochowska,9,1,0.5,0.01268082000987103,8,PJATK,True,0.06362165146794828,8,14,True,0.15036685863684773,2.3634541884314415,False,2.742402213172553,2.2608764782432123,2.2057787582452915,2.487003291479822,2.219866557936112,2.3442629718193997,2.5240426478487734
2022,2023,2022→2023,False,Politechnika Czestochowska,9,2,0.0,1e-06,7,Politechnika Poznanska,True,0.10399647915734797,7,14,True,0.2255566262474858,2.168887139979189,True,4.719609375000031,3.636657943108168,3.5281712438921864,4.052713641462125,3.526212198031431,3.7553196026152036,4.152542011134214
2022,2023,2022→2023,False,Politechnika Czestochowska,9,2,0.25,0.005290357830101372,7,Politechnika Poznanska,True,0.119962550215199,7,14,True,0.2255566262474858,1.8802253356807035,True,5.551724956074419,4.188839777678,4.035650765056098,4.612725275993535,4.116584846848248,4.2455516489551375,4.79660449650069
2022,2023,2022→2023,False,Politechnika Czestochowska,9,2,0.5,0.010580715660202744,7,Politechnika Poznanska,True,0.13711671426759994,7,14,True,0.2255566262474858,1.6449973108842486,True,6.42859375,4.663398536604513,4.587730627647613,5.271904963493995,4.6262332161298385,4.8649966176053105,5.57004036667415
2022,2023,2022→2023,False,Politechnika Czestochowska,9,3,0.0,1e-06,6,Politechnika Slaska,True,0.17054925938222568,6,14,True,0.3074265174339779,1.802567296671693,False,8.14417191474659,5.825659182385179,5.57350468939336,6.569265176420592,5.716986766340115,5.916774486061271,6.97805848254121
2022,2023,2022→2023,False,Politechnika Czestochowska,9,3,0.25,0.008379890417788388,6,Politechnika Slaska,True,0.1979887477355289,5,14,True,0.3074265174339779,1.5527474210031105,False,9.67566406249987,6.655928659797706,6.318337979670274,7.6388205008260215,6.517425772785723,6.843082032231351,8.154630405564568
2022,2023,2022→2023,False,Politechnika Czestochowska,9,3,0.5,0.016759780835576776,6,Politechnika Slaska,True,0.22516734068278085,4,14,True,0.3074265174339779,1.3653246358986184,False,11.131120617250467,7.581007298844467,7.083825331740701,8.693896351286822,7.33377575993841,7.756996870339039,9.268770835423867
2022,2023,2022→2023,False,Politechnika Krakowska,10,1,0.0,1e-06,9,Politechnika Czestochowska,True,0.02309348927948583,8,8,True,0.0,0.0,False,0.9242057291667133,0.7820758065402056,0.8914629112325545,0.950635045428172,0.809499368472022,0.8462005047266352,0.8930487335870985
2022,2023,2022→2023,False,Politechnika Krakowska,10,1,0.25,0.0019429951319429595,9,Politechnika Czestochowska,True,0.029283052206699325,8,8,True,0.0,0.0,False,1.2171744791666161,1.0610173683751611,1.0172018530298588,1.1830260880726695,1.011465827926461,1.1061263551028766,1.134403335366424
2022,2023,2022→2023,False,Politechnika Krakowska,10,1,0.5,0.003885990263885919,9,Politechnika Czestochowska,True,0.03395959969399519,8,8,True,0.0,0.0,False,1.354165236878249,1.1956640624999237,1.3200405046923658,1.2436037954298262,1.2603336097644524,1.2665319920868168,1.3369991195671727
2022,2023,2022→2023,False,Politechnika Krakowska,10,2,0.0,1e-06,8,PJATK,True,0.04612909171122102,8,8,True,0.0,0.0,False,1.9366036983693657,1.626481891305065,1.6908761209665113,1.6545756032236736,1.6498141554511014,1.7710340655952006,1.851465068932695
2022,2023,2022→2023,False,Politechnika Krakowska,10,2,0.25,0.006340410004935515,8,PJATK,True,0.06505235402452204,8,8,True,0.0,0.0,False,2.755703024280656,2.214503167654025,2.419533513509242,2.2888978082894584,2.3337479747693624,2.556234290119691,2.597355433556936
2022,2023,2022→2023,False,Politechnika Krakowska,10,2,0.5,0.01268082000987103,8,PJATK,True,0.085023150323846,8,8,True,0.0,0.0,False,3.560924479166558,2.9600567496096075,3.02295880315121,3.1041088124010074,2.9749534804621613,3.360595735407884,3.4539134977798094
2022,2023,2022→2023,False,Politechnika Krakowska,10,3,0.0,1e-06,7,Politechnika Poznanska,True,0.1229933330087818,7,8,True,0.0812724382107706,0.6607873469447949,True,5.4400793785628485,4.103471017018345,4.436498185350956,4.203687520389277,4.307253536354261,4.909839812399058,4.982790050359603
2022,2023,2022→2023,False,Politechnika Krakowska,10,3,0.25,0.005290357830101372,7,Politechnika Poznanska,True,0.13945667088023886,7,8,True,0.0812724382107706,0.5827791363280491,True,6.197643229166694,4.645745534401247,5.014717597243279,4.73236508219097,4.812247970666517,5.5519494908413405,5.741371946866752
2022,2023,2022→2023,False,Politechnika Krakowska,10,3,0.5,0.010580715660202744,7,Politechnika Poznanska,True,0.15604348252307046,7,8,True,0.0812724382107706,0.5208319943689719,True,6.98375860562088,5.2172159388022665,5.617247443643658,5.353091588025416,5.3213760073205325,6.130810810289572,6.433546127124767
2022,2023,2022→2023,False,Politechnika Lubelska,11,1,0.0,1e-06,10,Politechnika Krakowska,True,0.005826739818544015,9,9,True,0.0,0.0,True,0.2014453188629417,0.15044541652315946,0.26587717033029756,0.2785188829073637,0.1749806604686821,0.2553732259957475,0.17943738560595723
2022,2023,2022→2023,False,Politechnika Lubelska,11,1,0.25,0.0018968040702895816,10,Politechnika Krakowska,True,0.011247838360491515,9,9,True,0.0,0.0,True,0.4189566883743376,0.414126030146289,0.36260268989249944,0.39470386072113506,0.39543377185956574,0.49631994993204476,0.4776404434782
2022,2023,2022→2023,False,Politechnika Lubelska,11,1,0.5,0.0037936081405791633,10,Politechnika Krakowska,True,0.01683924523628951,8,9,True,0.0,0.0,True,0.7007961611926448,0.5393165400405464,0.6073425365455853,0.6305890883008036,0.6171712878642932,0.6761522823059529,0.6701002529189592
2022,2023,2022→2023,False,Politechnika Lubelska,11,2,0.0,1e-06,9,Politechnika Czestochowska,True,0.028740514421454495,8,9,True,0.0,0.0,False,1.2094893563325104,0.9922265625023741,0.98048542846082,1.06604487323273,1.0275636416332778,1.1679517301958597,1.1379771565534602
2022,2023,2022→2023,False,Politechnika Lubelska,11,2,0.25,0.0019429951319429595,9,Politechnika Czestochowska,True,0.03408331248370539,8,9,True,0.0,0.0,False,1.4073177083334165,1.2485742187555937,1.22644493490226,1.1860146169349939,1.2660758674754358,1.3515014782566837,1.3179298117974914
2022,2023,2022→2023,False,Politechnika Lubelska,11,2,0.5,0.003885990263885919,9,Politechnika Czestochowska,True,0.04002147350800756,8,9,True,0.0,0.0,False,1.7002864583332833,1.4972961238318483,1.4084156579826757,1.3731781292711576,1.4834857972043758,1.5689373376766902,1.5338729980886812
2022,2023,2022→2023,False,Politechnika Lubelska,11,3,0.0,1e-06,8,PJATK,True,0.05265787904262095,8,9,True,0.018106438866868153,0.34385051574547687,False,2.2216568972107984,1.8711328125007975,1.855431218789505,1.851368830435851,1.8723172737705185,2.1614442579488466,2.06010195715744
2022,2023,2022→2023,False,Politechnika Lubelska,11,3,0.25,0.006340410004935515,8,PJATK,True,0.07147817832134211,8,9,True,0.018106438866868153,0.25331421829845224,False,3.102477792689029,2.5446374037765174,2.4763724236841145,2.390033383657064,2.5988205378055906,2.9164766099675496,2.8082677633306963
2022,2023,2022→2023,False,Politechnika Lubelska,11,3,0.5,0.01268082000987103,8,PJATK,True,0.09062652739629587,8,9,True,0.018106438866868153,0.1997918201995259,False,3.9957021152930023,3.196591479323796,3.131102833096022,3.0005000913325586,3.306582412003223,3.666771662436419,3.5724410111223346
2022,2023,2022→2023,False,ZUT,12,1,0.0,1e-06,11,Politechnika Lubelska,True,0.09194533371350352,9,13,True,0.04508650716211417,0.49036210257935636,False,3.6969086284293,3.3873431049494807,3.3823815988044847,3.3642214871645315,3.425190797955169,3.4188855805309837,3.6357963487359033
2022,2023,2022→2023,False,ZUT,12,1,0.25,0.00043076516837053935,11,Politechnika Lubelska,True,0.09320114339905881,9,13,True,0.04508650716211417,0.4837548716443051,False,3.795302970066241,3.3930189735252303,3.454424283411661,3.4374636746658527,3.482111161781354,3.455506674280673,3.623920633257771
2022,2023,2022→2023,False,ZUT,12,1,0.5,0.0008615303367410787,11,Politechnika Lubelska,True,0.09450189365275549,9,13,True,0.04508650716211417,0.47709633552723557,False,3.826960123621987,3.4952374165058253,3.4689942086430503,3.5107058621644205,3.530019494044956,3.455506674283393,3.699085046257089
2022,2023,2022→2023,False,ZUT,12,2,0.0,1e-06,10,Politechnika Krakowska,True,0.09721684368306874,9,13,True,0.06465165786769006,0.6650252715306965,True,3.9799102848498946,3.5347505749909525,3.5778338159972445,3.510705862162622,3.608598336704283,3.6643981039463647,3.8211586683547125
2022,2023,2022→2023,False,ZUT,12,2,0.25,0.0018968040702895816,10,Politechnika Krakowska,True,0.1023917326927781,9,13,True,0.06465165786769006,0.631414823906482,True,4.232263663221325,3.7136932178070237,3.724318190990117,3.6571902371624776,3.8461970361341025,3.8408098985023065,4.043075249305566
2022,2023,2022→2023,False,ZUT,12,2,0.5,0.0037936081405791633,10,Politechnika Krakowska,True,0.1088604956292534,8,13,True,0.06465165786769006,0.5938945757501827,True,4.395542257678051,4.0038843955684245,3.915033111878252,4.023401174662034,4.021637667542011,4.07898585866543,4.339038678186324
2022,2023,2022→2023,False,ZUT,12,3,0.0,1e-06,9,Politechnika Czestochowska,True,0.1194554165486203,8,13,True,0.11927458306592346,0.9984861843194592,False,4.977526631101232,4.32904296874963,4.3102556909817125,4.243127737160723,4.463170463337828,4.459267760853369,4.774116083228491
2022,2023,2022→2023,False,ZUT,12,3,0.25,0.0019429951319429595,9,Politechnika Czestochowska,True,0.12580458077358272,8,13,True,0.11927458306592346,0.9480941181353988,False,5.31214110257852,4.512148437502573,4.50262699072802,4.609338674662933,4.663007219831217,4.627381674278519,5.001364663107993
2022,2023,2022→2023,False,ZUT,12,3,0.5,0.003885990263885919,9,Politechnika Czestochowska,True,0.13128877955636004,8,13,True,0.11927458306592346,0.908490302590717,False,5.52164062500007,4.743802431682842,4.758222002203006,4.6498741562011725,4.861814248496177,4.8422262576518165,5.2942289772510085
2022,2023,2022→2023,False,WAT,13,1,0.0,1e-06,12,ZUT,True,0.08657667246461637,11,11,True,0.0,0.0,False,3.1728415725607197,3.3317931192529793,3.3307913837106184,3.230153995865512,3.290424473471587,3.3299100905074375,3.216235782882329
2022,2023,2022→2023,False,WAT,13,1,0.25,0.007703007399180159,12,ZUT,True,0.11119193926115142,11,11,True,0.0,0.0,False,4.157879300086583,4.258876070038708,4.191215681600546,4.222491847308299,4.203285836882142,4.2183154268578775,4.165688989259578
2022,2023,2022→2023,False,WAT,13,1,0.5,0.015406014798360318,12,ZUT,True,0.13580855967746058,10,11,True,0.0,0.0,False,5.231094330632074,5.03004786850868,5.079409629087561,5.171071964615612,5.0920829564018995,5.106033137367061,5.218491035072661
2022,2023,2022→2023,False,WAT,13,2,0.0,1e-06,11,Politechnika Lubelska,True,0.18582530088385585,9,11,True,0.0,0.0,False,7.350328547159196,6.568647592628829,6.8189359711515625,7.331716495865537,6.8460305133493,6.853322353620395,7.351724145509639
2022,2023,2022→2023,False,WAT,13,2,0.25,0.00043076516837053935,11,Politechnika Lubelska,True,0.18699054119385486,9,11,True,0.0,0.0,False,7.495651784677304,6.608776792339832,6.8550866469975436,7.305185891203678,6.901854314216493,6.88215618426119,7.378094471439292
2022,2023,2022→2023,False,WAT,13,2,0.5,0.0008615303367410787,11,Politechnika Lubelska,True,0.18863884957753738,9,11,True,0.0,0.0,False,7.5052744328501255,6.488573105491014,6.910143608746189,7.505843936031339,6.9492688950752335,6.9865716458801135,7.498208520509575
2022,2023,2022→2023,False,WAT,13,3,0.0,1e-06,10,Politechnika Krakowska,True,0.1913647361958428,9,11,True,0.02091896650894933,0.10931463614874606,True,7.610773985897107,6.677146748202656,6.95529488558897,7.648503776325918,7.061053905052983,7.0286405592572265,7.586860082295707
2022,2023,2022→2023,False,WAT,13,3,0.25,0.0018968040702895816,10,Politechnika Krakowska,True,0.19794150901648724,9,11,True,0.02091896650894933,0.10568256558661941,True,7.927661436510524,6.886285734547826,7.121224897239642,7.917653995865545,7.251514509577772,7.284988215508159,7.904622573497544
2022,2023,2022→2023,False,WAT,13,3,0.5,0.0037936081405791633,10,Politechnika Krakowska,True,0.20356617395194818,8,11,True,0.02091896650894933,0.10276248800494357,True,8.127453614249092,7.00492115300313,7.387741648767021,8.13738055836657,7.483639988657442,7.468093684258214,8.166668193669171
2022,2023,2022→2023,False,Politechnika Bialostocka,14,1,0.0,1e-06,13,WAT,True,0.016119415304273507,16,16,False,0.08103320742637503,5.0270562484293,True,0.548520512896606,0.6464012945828657,0.6401850703145029,0.6387428850186394,0.6156613599843708,0.5788062861762144,0.5897127150564785
2022,2023,2022→2023,False,Politechnika Bialostocka,14,1,0.25,0.006863533291791832,13,WAT,True,0.03592147775906179,15,16,False,0.08103320742637503,2.255842812756584,True,1.2020716690964348,1.4884065528300905,1.4016939170591214,1.3404137420159723,1.3560755296127158,1.31828884957495,1.3801862591556302
2022,2023,2022→2023,False,Politechnika Bialostocka,14,1,0.5,0.013727066583583664,13,WAT,True,0.055364514361386584,14,16,False,0.08103320742637503,1.4636307815767786,True,1.945567257478277,2.1431835937530175,2.1391706447578596,2.1658082823097393,2.142312217873882,2.014089630826227,2.088298683581807
2022,2023,2022→2023,False,Politechnika Bialostocka,14,2,0.0,1e-06,12,ZUT,True,0.09553582488201659,12,16,True,0.09423760761637047,0.9864111994924483,False,3.5719270833333203,3.7062035387552705,3.6363244946966855,3.585677654037039,3.619872690200726,3.6254177558241842,3.5283506533001
2022,2023,2022→2023,False,Politechnika Bialostocka,14,2,0.25,0.007703007399180159,12,ZUT,True,0.11827981189273613,11,16,True,0.09423760761637047,0.7967345069996501,False,4.482240196848237,4.468343317354773,4.457588956196201,4.546516709188447,4.445462564512498,4.479357409831736,4.413261393005252
2022,2023,2022→2023,False,Politechnika Bialostocka,14,2,0.5,0.015406014798360318,12,ZUT,True,0.14004247824162874,10,16,True,0.09423760761637047,0.6729215935023177,False,5.365328871719606,5.232317531280262,5.278428494515975,5.323971777345443,5.299521145177194,5.249707447779545,5.301341430013601
2022,2023,2022→2023,False,Politechnika Bialostocka,14,3,0.0,1e-06,11,Politechnika Lubelska,True,0.18514964615833965,9,16,True,0.1258408140069627,0.6796708317732558,False,7.473387508495513,6.751680732964715,6.84236466490562,6.931492080828799,6.932508681903332,6.929551305857007,7.101077844542269
2022,2023,2022→2023,False,Politechnika Bialostocka,14,3,0.25,0.00043076516837053935,11,Politechnika Lubelska,True,0.18653650320238715,9,16,True,0.1258408140069627,0.674617631651585,False,7.462632040237195,6.883447664431463,6.929818044441916,6.894348828349045,6.96837900062674,7.0895617473105075,7.107132051078368
2022,2023,2022→2023,False,Politechnika Bialostocka,14,3,0.5,0.0008615303367410787,11,Politechnika Lubelska,True,0.1878701615147718,9,16,True,0.1258408140069627,0.6698286358638603,False,7.462766085982335,6.799806446442924,6.910146018038265,7.107426020813273,7.028627677537597,7.141042755824683,7.23602164250371
2022,2023,2022→2023,False,Politechnika Swietokrzyska,15,1,0.0,1e-06,14,Politechnika Bialostocka,True,0.01058328304499362,16,20,False,0.1712462464699803,16.180824583633115,False,0.3757812500000013,0.35465625596884376,0.39991140655956103,0.38328479339615473,0.4410774136968221,0.414988244361264,0.42363344837063055
2022,2023,2022→2023,False,Politechnika Swietokrzyska,15,1,0.25,0.0013987044281451172,14,Politechnika Bialostocka,True,0.015023028088955783,16,20,False,0.1712462464699803,11.398916746742449,False,0.5222656250000041,0.586465424103011,0.6657341277518491,0.5458477342025092,0.5814763674050538,0.55357719143177,0.5044764636521537
2022,2023,2022→2023,False,Politechnika Swietokrzyska,15,1,0.5,0.0027974088562902344,14,Politechnika Bialostocka,True,0.019219764507848968,16,20,False,0.1712462464699803,8.909903469423194,False,0.6199218749999978,0.7620351080229404,0.7742882015278174,0.7625983219433752,0.7540540992088895,0.7197768478653666,0.6791451431733098
2022,2023,2022→2023,False,Politechnika Swietokrzyska,15,2,0.0,1e-06,13,WAT,True,0.02761745779063157,16,20,False,0.1926598381459568,6.976016388130812,True,0.9128906249999961,1.0764678455528975,1.1083190544494137,1.089794952816281,1.0762214189180108,1.0314288203215005,0.9984815035261302
2022,2023,2022→2023,False,Politechnika Swietokrzyska,15,2,0.25,0.006863533291791832,13,WAT,True,0.04806823665570805,15,20,False,0.1926598381459568,4.00804879791817,True,1.6709307442545551,1.8559483586556458,1.8850599151937653,1.8759952623370046,1.882725209928371,1.7972473844306558,1.73822852487123
2022,2023,2022→2023,False,Politechnika Swietokrzyska,15,2,0.5,0.013727066583583664,13,WAT,True,0.06849397950154214,14,20,False,0.1926598381459568,2.8127996000235185,True,2.3289062500000077,2.6699707727921407,2.762410606947796,2.581323562179838,2.6723395887492507,2.6083391956517543,2.474414698370331
2022,2023,2022→2023,False,Politechnika Swietokrzyska,15,3,0.0,1e-06,12,ZUT,True,0.11044796017357973,12,20,True,0.2073893255378679,1.8777107808232525,False,4.037890625000065,4.273765733070611,4.235824292500478,4.232691656602727,4.226128606110668,4.124434002689287,4.085202551854261
2022,2023,2022→2023,False,Politechnika Swietokrzyska,15,3,0.25,0.007703007399180159,12,ZUT,True,0.13399828740748737,11,20,True,0.2073893255378679,1.5477013143250045,False,5.073767757446925,5.09984675459777,5.065021638018963,4.9853095183628575,5.0797942495144905,5.125867646711929,5.021680014498958
2022,2023,2022→2023,False,Politechnika Swietokrzyska,15,3,0.5,0.015406014798360318,12,ZUT,True,0.15774582277079602,10,20,True,0.2073893255378679,1.3147056568287305,False,6.0886718749999975,5.8934153013381785,5.951161325902343,5.900753411096571,5.908279247027625,5.941001239681876,6.049355797491865
2022,2023,2022→2023,False,Politechnika Opolska,16,1,0.0,1e-06,15,Politechnika Swietokrzyska,True,0.004340822355266935,15,15,True,0.0,0.0,False,0.11588395796136869,0.25704044451358987,0.16486143938244657,0.1529522779975756,0.19004746687079077,0.092616429395731,0.11687159267074754
2022,2023,2022→2023,False,Politechnika Opolska,16,1,0.25,0.0009106707698155192,15,Politechnika Swietokrzyska,True,0.0070785182852666495,15,15,True,0.0,0.0,False,0.21490237047266883,0.3237715502377947,0.30514376416691524,0.24531858414509888,0.2734061617219341,0.2411181944794616,0.25270601112146185
2022,2023,2022→2023,False,Politechnika Opolska,16,1,0.5,0.0018213415396310384,15,Politechnika Swietokrzyska,True,0.009760205066854308,15,15,True,0.0,0.0,False,0.32245586978670077,0.41442959755313424,0.35160334012784844,0.3373691005839341,0.3847122774660372,0.40738521830492314,0.35422772172460926
2022,2023,2022→2023,False,Politechnika Opolska,16,2,0.0,1e-06,14,Politechnika Bialostocka,True,0.014722231789163369,15,15,False,0.013197232633907556,0.8964152190309677,False,0.5259448915082883,0.6022974292841488,0.5676318380616996,0.4930146102808508,0.5987863933248461,0.5433922704760896,0.555851825882353
2022,2023,2022→2023,False,Politechnika Opolska,16,2,0.25,0.0013987044281451172,14,Politechnika Bialostocka,True,0.019043335458159134,15,15,False,0.013197232633907556,0.6930105633492473,False,0.534256345834015,0.7507861130343962,0.7696559287566074,0.7860417589985291,0.7606656218556163,0.7307975482685358,0.6741420345465821
2022,2023,2022→2023,False,Politechnika Opolska,16,2,0.5,0.0027974088562902344,14,Politechnika Bialostocka,True,0.022971781863131226,15,15,False,0.013197232633907556,0.5744975602040073,False,0.7454747477734247,0.893867187499553,0.9338776628209589,0.8481743061910407,0.8993515790279072,0.822864890313435,0.9191460373670302
2022,2023,2022→2023,False,Politechnika Opolska,16,3,0.0,1e-06,13,WAT,True,0.030918519212355503,15,15,False,0.034127875332509085,1.1038004471724854,True,0.9807335409970573,1.2596989779945278,1.2401401445197857,1.1310896145988403,1.2339174068835446,1.1558483888348958,1.1554304608956512
2022,2023,2022→2023,False,Politechnika Opolska,16,3,0.25,0.006863533291791832,13,WAT,True,0.0512512527369538,15,15,False,0.034127875332509085,0.6658934857196532,True,1.73602512533923,2.0433308241709414,2.0480827885832498,1.8890072144013559,1.994302199814646,1.9716149267624272,1.8575324841535623
2022,2023,2022→2023,False,Politechnika Opolska,16,3,0.5,0.013727066583583664,13,WAT,True,0.07080263077949434,14,15,False,0.034127875332509085,0.48201422682719164,True,2.5047042974863096,2.7981640625035276,2.7089798854388225,2.5885287361868903,2.7831714737257984,2.6258225049436925,2.71050165043929
2022,2023,2022→2023,False,Politechnika Rzeszowska,17,1,0.0,1e-06,16,Politechnika Opolska,True,0.015105241380673031,17,19,False,0.10480394534592538,6.938250287083841,True,0.49941632785601986,0.5566015624988707,0.6210256269174264,0.5542451163033424,0.6195278842381247,0.6090415904793922,0.5242654549577632
2022,2023,2022→2023,False,Politechnika Rzeszowska,17,1,0.25,0.0003841488524654879,16,Politechnika Opolska,True,0.016656061401001957,16,19,True,0.10480394534592538,6.292240573730163,True,0.48641718014583585,0.686909414258996,0.6901226826862783,0.6677091883863451,0.6451029900450544,0.6357466391475664,0.568648452943167
2022,2023,2022→2023,False,Politechnika Rzeszowska,17,1,0.5,0.0007682977049309758,16,Politechnika Opolska,True,0.017466954179510125,16,19,True,0.10480394534592538,6.000127112537299,True,0.5619401849319015,0.7138846699839552,0.7448997954520697,0.6327364614698627,0.6943921063291114,0.6385537572748068,0.6167449686959523
2022,2023,2022→2023,False,Politechnika Rzeszowska,17,2,0.0,1e-06,15,Politechnika Swietokrzyska,True,0.020429074143177725,16,19,False,0.15394643573051112,7.535654070839104,False,0.7356442603721064,0.8495703125005027,0.7477032877737044,0.858433352947896,0.77490880689004,0.7142753763975274,0.70985034299446
2022,2023,2022→2023,False,Politechnika Rzeszowska,17,2,0.25,0.0009106707698155192,15,Politechnika Swietokrzyska,True,0.02296032358738313,16,19,False,0.15394643573051112,6.704889639060045,False,0.7509730147026537,0.8861914062477272,1.0483982037034267,0.8624400166620694,0.8635337261209464,0.8712714508327779,0.7581048093774925
2022,2023,2022→2023,False,Politechnika Rzeszowska,17,2,0.5,0.0018213415396310384,15,Politechnika Swietokrzyska,True,0.02488951009297932,16,19,False,0.15394643573051112,6.185193487353349,False,0.7880478148751437,1.0326757812474385,1.0483927657228387,0.9837028670722892,1.0156738019546974,0.7916142201420451,0.8845300625565335
2022,2023,2022→2023,False,Politechnika Rzeszowska,17,3,0.0,1e-06,14,Politechnika Bialostocka,True,0.031107413461098018,16,19,False,0.16692947060730434,5.366227919144137,False,1.0539058557081649,1.2890234375004361,1.2870948553961536,1.2123250251920237,1.2005548823654122,1.1537285013969334,1.0028190929945904
2022,2023,2022→2023,False,Politechnika Rzeszowska,17,3,0.25,0.0013987044281451172,14,Politechnika Bialostocka,True,0.03515002238295795,16,19,False,0.16692947060730434,4.749057306098274,False,1.1566743081814908,1.40581304938997,1.438836170736324,1.4331513663036588,1.380366110759157,1.300212876397,1.149303467994446
2022,2023,2022→2023,False,Politechnika Rzeszowska,17,3,0.5,0.0027974088562902344,14,Politechnika Bialostocka,True,0.03908396774271823,16,19,False,0.16692947060730434,4.271047190146275,False,1.3213522317619506,1.5866909113206429,1.5346826888820386,1.5063935538033812,1.5530570480279948,1.4833183451464282,1.3324089367445044
2022,2023,2022→2023,False,Politechnika Bydgoska,18,1,0.0,1e-06,17,Politechnika Rzeszowska,True,0.0276162339531492,17,17,True,0.0,0.0,False,0.8840820836933269,1.1793164062445127,1.1114191058825273,1.0616222738024372,1.0724133053595875,1.002561851410444,0.9678226161005499
2022,2023,2022→2023,False,Politechnika Bydgoska,18,1,0.25,0.0012894021811828832,17,Politechnika Rzeszowska,True,0.03198683045603199,17,17,True,0.0,0.0,False,0.9822249244545285,1.3954351333621773,1.29220033645705,1.29742419982119,1.2109789430432838,1.1856673201620038,1.0460401302877398
2022,2023,2022→2023,False,Politechnika Bydgoska,18,1,0.5,0.0025788043623657664,17,Politechnika Rzeszowska,True,0.03499375425092262,17,17,True,0.0,0.0,False,1.1231357393327062,1.452264919006252,1.4047417871605683,1.2974241998218339,1.3927872816930753,1.334189930694324,1.2241702723504138
2022,2023,2022→2023,False,Politechnika Bydgoska,18,2,0.0,1e-06,16,Politechnika Opolska,True,0.04265858568564653,17,17,False,0.042489480243460734,0.9960358403948986,True,1.3711435905997358,1.804697690920709,1.7029764204068876,1.6553104424896548,1.7024796724319557,1.5299293753260057,1.4769152133188301
2022,2023,2022→2023,False,Politechnika Bydgoska,18,2,0.25,0.0003841488524654879,16,Politechnika Opolska,True,0.04357005393274931,16,17,True,0.042489480243460734,0.9751991656710719,True,1.4363460370420917,1.8057040291975524,1.776800104203624,1.5903929498219116,1.7534824803441262,1.645246646225934,1.4805179286004333
2022,2023,2022→2023,False,Politechnika Bydgoska,18,2,0.5,0.0007682977049309758,16,Politechnika Opolska,True,0.045429081297739926,16,17,True,0.042489480243460734,0.9352925269385662,True,1.5017082506903912,1.9187669641718363,1.8175736641729112,1.8101195123207459,1.7765545551626571,1.631948641468417,1.5171390223505554
2022,2023,2022→2023,False,Politechnika Bydgoska,18,3,0.0,1e-06,15,Politechnika Swietokrzyska,True,0.04762554390347122,16,17,False,0.09212108529816972,1.9342789131161062,False,1.5425992063795908,2.0956765781117825,1.8711801276315776,1.8101195123207459,1.8648761137251002,1.7342734948829208,1.6270023036006802
2022,2023,2022→2023,False,Politechnika Bydgoska,18,3,0.25,0.0009106707698155192,15,Politechnika Swietokrzyska,True,0.05011318128602979,16,17,False,0.09212108529816972,1.8382605720513419,False,1.5960647465159814,2.146989912220987,2.0085200119814295,1.9566038873217895,1.9923289846003778,1.8321713965432196,1.6636233973506553
2022,2023,2022→2023,False,Politechnika Bydgoska,18,3,0.5,0.0018213415396310384,15,Politechnika Swietokrzyska,True,0.052853485908936244,16,17,False,0.09212108529816972,1.7429519304911971,False,1.7396060560663458,2.183060709560214,2.041260333748185,2.103088262322311,2.1033560562693676,1.9304707435262303,1.8445537278771795
2022,2023,2022→2023,False,Politechnika Koszalinska,19,1,0.0,1e-06,18,Politechnika Bydgoska,True,0.010390397607420807,18,18,True,0.0,0.0,True,0.2900174631668133,0.4367382812541565,0.44309694423527723,0.4144848941920076,0.4282966928764287,0.37324571263240847,0.33744647059504307
2022,2023,2022→2023,False,Politechnika Koszalinska,19,1,0.25,0.0023021252617862753,18,Politechnika Bydgoska,True,0.01720057153641004,17,18,True,0.0,0.0,True,0.5053385416666667,0.7297070312506149,0.7056293155210835,0.6835335221232752,0.6919779057529607,0.6452885106793815,0.5571316969865764
2022,2023,2022→2023,False,Politechnika Koszalinska,19,1,0.5,0.004604250523572551,18,Politechnika Bydgoska,True,0.023619097301601114,17,18,True,0.0,0.0,True,0.6908183003754447,1.0072051214217503,0.9319632494161345,0.8896028553120661,0.9648235745038924,0.8794038736266441,0.8501417830947461
2022,2023,2022→2023,False,Politechnika Koszalinska,19,2,0.0,1e-06,17,Politechnika Rzeszowska,True,0.037106122731670584,17,18,True,0.0022797886131812445,0.06143968826027231,False,1.2007485669690308,1.549511238187562,1.5112933780213833,1.3835517591424429,1.4876981042327264,1.377762142874206,1.2712843612181612
2022,2023,2022→2023,False,Politechnika Koszalinska,19,2,0.25,0.0012894021811828832,17,Politechnika Rzeszowska,True,0.04083093953335032,17,18,True,0.0022797886131812445,0.055834831116710774,False,1.305230314991909,1.6901185456702938,1.6577777530194404,1.521616576336704,1.6397109595415293,1.549467656911263,1.3994581893450957
2022,2023,2022→2023,False,Politechnika Koszalinska,19,2,0.5,0.0025788043623657664,17,Politechnika Rzeszowska,True,0.04472446309250903,17,18,True,0.0022797886131812445,0.05097408566908185,False,1.41982620601699,1.8649609374993714,1.8042621280192073,1.6707105674747036,1.7747194712597225,1.6757140791239356,1.5825636580947626
2022,2023,2022→2023,False,Politechnika Koszalinska,19,3,0.0,1e-06,16,Politechnika Opolska,True,0.052244081344853845,17,18,False,0.041299884733270904,0.7905179624206184,True,1.7338701440157422,2.114817832450744,2.0923190308676842,1.942544790984202,2.0805424585388366,2.021755193382008,1.8022902205958202
2022,2023,2022→2023,False,Politechnika Koszalinska,19,3,0.25,0.0003841488524654879,16,Politechnika Opolska,True,0.05343805693259906,16,18,True,0.041299884733270904,0.772855285239171,True,1.7663135664781133,2.1937028750046106,2.0972308780231708,2.0356470162078475,2.1238124600288955,2.0133618797601285,1.8755324080947988
2022,2023,2022→2023,False,Politechnika Koszalinska,19,3,0.5,0.0007682977049309758,16,Politechnika Opolska,True,0.05470728731741269,16,18,True,0.041299884733270904,0.7549247414452889,True,1.727247172745182,2.2106664831441636,2.1704730655200177,2.1576559027519204,2.1558872632199466,2.0254297082433705,1.985395689344907
2022,2023,2022→2023,False,Uniwersytet Morski w Gdyni,20,1,0.0,1e-06,19,Politechnika Koszalinska,True,0.03291436995109127,18,12,True,0.0,0.0,True,0.910185846321096,1.476692361529297,1.2824359644593553,1.3117049657179247,1.3291606148421953,1.2155201574631846,1.1023292493878178
2022,2023,2022→2023,False,Uniwersytet Morski w Gdyni,20,1,0.25,0.0009068513766719299,19,Politechnika Koszalinska,True,0.035340481311432234,18,12,True,0.0,0.0,True,1.0563996308957682,1.5612695312476554,1.4050094643799083,1.39775338660576,1.4442180216385991,1.2516147256105226,1.164423558556818
2022,2023,2022→2023,False,Uniwersytet Morski w Gdyni,20,1,0.5,0.0018137027533438599,19,Politechnika Koszalinska,True,0.03854866110093736,18,12,True,0.0,0.0,True,1.145402421815284,1.671132812502485,1.531187502187098,1.6183525846639235,1.5350165309617636,1.3614780068610555,1.2577212621212308
2022,2023,2022→2023,False,Uniwersytet Morski w Gdyni,20,2,0.0,1e-06,18,Politechnika Bydgoska,True,0.0436233964450789,18,12,True,0.0,0.0,True,1.3485402495222305,1.8353069268002287,1.7315501850337922,1.8012431309221977,1.7617361161881395,1.5445834756106724,1.4528935741156905
2022,2023,2022→2023,False,Uniwersytet Morski w Gdyni,20,2,0.25,0.0023021252617862753,18,Politechnika Bydgoska,True,0.05076793457964384,16,12,True,0.0,0.0,True,1.6307643977482502,2.171338783660137,2.0148578394600936,2.0359969748375786,2.0074692676033457,1.800931131860517,1.7092412303657378
2022,2023,2022→2023,False,Uniwersytet Morski w Gdyni,20,2,0.5,0.004604250523572551,18,Politechnika Bydgoska,True,0.057135462329703464,16,12,True,0.0,0.0,True,1.8088960194329977,2.4167584743301163,2.239157272758374,2.23220878015829,2.3015246868916983,2.093899881860101,1.963102211789927
2022,2023,2022→2023,False,Uniwersytet Morski w Gdyni,20,3,0.0,1e-06,17,Politechnika Rzeszowska,True,0.07085965834605223,16,12,True,0.0,0.0,False,2.2657402896312693,2.977621720841983,2.821939476978863,2.789359041008815,2.8311910089127257,2.5333530068600285,2.4563622247135655
2022,2023,2022→2023,False,Uniwersytet Morski w Gdyni,20,3,0.25,0.0012894021811828832,17,Politechnika Rzeszowska,True,0.07491188782559709,16,12,True,0.0,0.0,False,2.3302266595244774,3.1359765625021407,2.9067822846709723,3.08833277086808,2.9977301017922287,2.679837381860728,2.588147480365624
2022,2023,2022→2023,False,Uniwersytet Morski w Gdyni,20,3,0.5,0.0025788043623657664,17,Politechnika Rzeszowska,True,0.07830358037342008,16,12,True,0.0,0.0,False,2.5296356615764157,3.3190820312500535,3.090443530365933,3.036757030070497,3.1409822085254,2.7897006631112164,2.734631855365721
2022,2023,2022→2023,False,Politechnika Morska w Szczecinie,21,1,0.0,1e-06,20,Uniwersytet Morski w Gdyni,True,0.14691569932511456,19,21,True,0.06646234426988312,0.4523842215310593,True,4.311718750000009,6.449804687499661,6.168259881629595,5.100298181926666,5.763505268141866,5.434894523197686,5.36980307179058
2022,2023,2022→2023,False,Politechnika Morska w Szczecinie,21,1,0.25,0.0027863596917329647,20,Uniwersytet Morski w Gdyni,True,0.1550573375236215,19,21,True,0.06646234426988312,0.42863075899106173,True,4.709846884817269,6.842877721930263,6.381757922566761,5.320024744426402,6.056870033348688,5.7638437117319254,5.6993929155418455
2022,2023,2022→2023,False,Politechnika Morska w Szczecinie,21,1,0.5,0.005572719383465929,20,Uniwersytet Morski w Gdyni,True,0.16286742544799665,19,21,True,0.06646234426988312,0.40807634852129754,True,4.939756214225797,7.058476573843331,6.764278408393359,5.686235681926591,6.358454508388678,6.020191367982636,6.022733039248651
2022,2023,2022→2023,False,Politechnika Morska w Szczecinie,21,2,0.0,1e-06,19,Politechnika Koszalinska,True,0.17889595961474267,19,21,True,0.0692171703368355,0.3869129883419199,True,5.6205987374639985,7.675743347679154,7.35438931690659,6.272173181926438,6.954413677986137,6.606128867982375,6.640592645548738
2022,2023,2022→2023,False,Politechnika Morska w Szczecinie,21,2,0.25,0.0009068513766719299,19,Politechnika Koszalinska,True,0.18098787663481852,19,21,True,0.0692171703368355,0.3824409215899905,True,5.598200932792624,7.7896216489681365,7.527635871988664,6.1989309944268935,7.050751114153131,6.715992149231553,6.7556174146129075
2022,2023,2022→2023,False,Politechnika Morska w Szczecinie,21,2,0.5,0.0018137027533438599,19,Politechnika Koszalinska,True,0.18343656674634393,19,21,True,0.0692171703368355,0.3773357273555441,True,5.667065284543464,7.8475635124775405,7.565713238722332,6.345415369425949,7.177612268371469,6.86821897949354,6.826052690152268
2022,2023,2022→2023,False,Politechnika Morska w Szczecinie,21,3,0.0,1e-06,18,Politechnika Bydgoska,True,0.18897777081758138,19,21,False,0.13017662123412296,0.6888462101703027,True,5.952175338763594,8.05218390966801,7.775874749245598,6.6383841194269095,7.358756116464315,6.994813151708018,7.017752290541335
2022,2023,2022→2023,False,Politechnika Morska w Szczecinie,21,3,0.25,0.0023021252617862753,18,Politechnika Bydgoska,True,0.1953930410184831,17,21,True,0.13017662123412296,0.66622956762216,True,6.275138021808267,8.305405776932396,7.963625922568202,6.796995508567328,7.622960051294692,7.301929649231082,7.237478853041362
2022,2023,2022→2023,False,Politechnika Morska w Szczecinie,21,3,0.5,0.004604250523572551,18,Politechnika Bydgoska,True,0.202075792520474,17,21,True,0.13017662123412296,0.644197009500451,True,6.431479848598094,8.559437762332323,8.288570061743044,7.077837244426838,7.852594970707949,7.521656211731814,7.528852350067855
2022,2023,2022→2023,False,Uniwersytet Radomski,22,1,0.0,1e-06,21,Politechnika Morska w Szczecinie,True,0.03829771552747255,22,22,False,0.071931611924061,1.8782220018439861,True,0.8679845283613852,1.8536691144345085,1.7366615043565015,1.3340958631638395,1.4903322485387172,1.4593918279792784,1.1536655267091689
2022,2023,2022→2023,False,Uniwersytet Radomski,22,1,0.25,0.013124134117468003,21,Politechnika Morska w Szczecinie,True,0.07581338442029309,22,22,False,0.071931611924061,0.9487983220124777,True,1.916276041666666,3.684785156249659,3.3679106176812357,2.5559947665419886,2.9897205034930154,2.8876144842293003,2.2526117693003527
2022,2023,2022→2023,False,Uniwersytet Radomski,22,1,0.5,0.026248268234936006,21,Politechnika Morska w Szczecinie,True,0.11356757187570259,21,22,True,0.071931611924061,0.6333816135717747,True,2.9786877640061,5.369355468751014,4.894860589806038,3.8478422946300856,4.480714961012078,4.406169974814839,3.60786418056514
2022,2023,2022→2023,False,Uniwersytet Radomski,22,2,0.0,1e-06,20,Uniwersytet Morski w Gdyni,True,0.1900224854602723,19,22,True,0.14077795229091353,0.7408489155897592,True,5.6191746096897655,8.520786010968173,7.949065608111294,6.658938156205266,7.411338469470541,7.289806015226347,6.4271472059688115
2022,2023,2022→2023,False,Uniwersytet Radomski,22,2,0.25,0.0027863596917329647,20,Uniwersytet Morski w Gdyni,True,0.19833963190369466,19,22,True,0.14077795229091353,0.7097822605583404,True,6.002699930518056,8.928139887164887,8.26002353531865,6.997256357130347,7.707032301204175,7.4652512029801334,6.7323175645155775
2022,2023,2022→2023,False,Uniwersytet Radomski,22,2,0.5,0.005572719383465929,20,Uniwersytet Morski w Gdyni,True,0.2057753011952975,19,22,True,0.14077795229091353,0.6841343517573268,True,6.23953705339697,9.163115818080103,8.538615183486687,7.216982919629719,8.056037380812226,7.818081634223384,7.0374214915385815
2022,2023,2022→2023,False,Uniwersytet Radomski,22,3,0.0,1e-06,19,Politechnika Koszalinska,True,0.22236695273799376,19,22,True,0.14282191511237596,0.6422803089839407,True,6.9108618598106935,9.810057140093464,9.124568427396584,7.876162607130219,8.679485625123778,8.490641827979328,7.599817642191506
2022,2023,2022→2023,False,Uniwersytet Radomski,22,3,0.25,0.0009068513766719299,19,Politechnika Koszalinska,True,0.22472225823556372,19,22,True,0.14282191511237596,0.6355485933336598,True,6.935426034212351,9.927731551321573,9.247098855136294,7.949404794630236,8.783675761453875,8.527262921730916,7.7312288020433915
2022,2023,2022→2023,False,Uniwersytet Radomski,22,3,0.5,0.0018137027533438599,19,Politechnika Koszalinska,True,0.22798100587358075,19,22,True,0.14282191511237596,0.6264640975905382,True,7.143964993152517,9.983613281251335,9.342346914698552,8.187962757811947,8.873386009690066,8.6737472967287,7.7943292832651805
2022,2023,2022→2023,False,Uniwersytet Bielsko-Bialski,23,1,0.0,1e-06,22,Uniwersytet Radomski,True,0.025726284736440834,23,23,False,0.034998527732481785,1.3604190457748833,True,0.5850260416666664,1.317813370423071,1.1820908281291342,0.8010798366553218,0.9730072572048165,0.9299783857437738,0.8299753993605663
2022,2023,2022→2023,False,Uniwersytet Bielsko-Bialski,23,1,0.25,0.0033207036508360738,22,Uniwersytet Radomski,True,0.035177220357742935,23,23,False,0.034998527732481785,0.994920217588431,True,0.7315104166666667,1.8651953124982246,1.658165046877147,0.9765196936931619,1.3208565397525518,1.2350719138563726,1.1777693372028524
2022,2023,2022→2023,False,Uniwersytet Bielsko-Bialski,23,1,0.5,0.0066414073016721475,22,Uniwersytet Radomski,True,0.04471518059460449,23,23,False,0.034998527732481785,0.7826990133347431,True,0.975651041666669,2.268027343748036,2.097618171876592,1.4411567623019539,1.7078752863854796,1.5646617576061617,1.434116993452722
2022,2023,2022→2023,False,Uniwersytet Bielsko-Bialski,23,2,0.0,1e-06,21,Politechnika Morska w Szczecinie,True,0.0640158325991551,22,23,False,0.10781798620201152,1.6842393799223123,True,1.5195293333292816,3.2297808880241585,2.944424627344844,2.1350059612821104,2.440529251156004,2.1967771658875037,2.056675587203399
2022,2023,2022→2023,False,Uniwersytet Bielsko-Bialski,23,2,0.25,0.013124134117468003,21,Politechnika Morska w Szczecinie,True,0.10211575637162987,22,23,False,0.10781798620201152,1.0558408421285108,True,2.5381510416666617,5.047616541465683,4.562178341726808,3.252893699455778,3.885490283064158,3.798548476356589,3.3815439705572214
2022,2023,2022→2023,False,Uniwersytet Bielsko-Bialski,23,2,0.5,0.026248268234936006,21,Politechnika Morska w Szczecinie,True,0.14032953210913135,21,23,True,0.10781798620201152,0.7683200006550561,True,3.8234949738475814,6.6991796874973915,6.199180671879101,4.668622096421079,5.333541753108056,5.129872385788792,4.7368261431939835
2022,2023,2022→2023,False,Uniwersytet Bielsko-Bialski,23,3,0.0,1e-06,20,Uniwersytet Morski w Gdyni,True,0.21649503659508254,19,23,True,0.17658373646756204,0.8156479670147456,True,6.444401041666696,9.869251187352146,9.238731453128612,7.481685648782566,8.274595410956625,7.936732070104724,7.548387956398011
2022,2023,2022→2023,False,Uniwersytet Bielsko-Bialski,23,3,0.25,0.0027863596917329647,20,Uniwersytet Morski w Gdyni,True,0.2245677353634389,19,23,True,0.17658373646756204,0.7863272797482689,True,6.761106641312104,10.176151908254083,9.553364020857536,7.773112458336351,8.58384249731316,8.229700820105656,7.870303550403335
2022,2023,2022→2023,False,Uniwersytet Bielsko-Bialski,23,3,0.5,0.005572719383465929,20,Uniwersytet Morski w Gdyni,True,0.23242861296482614,19,23,True,0.17658373646756204,0.7597332110495569,True,7.072917805338802,10.412399356005874,9.819014869469633,8.070059050698863,8.920183660370618,8.595911757604874,8.172398243453033
2023,2024,2023→2024,False,AGH,2,1,0.0,1e-06,1,Politechnika Warszawska,True,0.09945551734944631,3,3,False,0.09278942569925476,0.9329741393152718,True,4.43917334437614,3.766791403236891,2.7450358837111333,3.955616017946917,2.960835319666666,3.175123890802656,4.79467874409848
2023,2024,2023→2024,False,AGH,2,1,0.25,0.008200455824298486,1,Politechnika Warszawska,True,0.1252485355057441,2,3,False,0.09278942569925476,0.7408424004686209,True,5.666788155665675,4.710039062498284,3.4114185536909925,5.086933673293226,3.6456283894661823,3.9635984346540365,6.004965515442912
2023,2024,2023→2024,False,AGH,2,1,0.5,0.016400911648596972,1,Politechnika Warszawska,True,0.1498370017392632,2,3,False,0.09278942569925476,0.6192691032400729,True,6.910455766898233,5.641505897477151,4.022623211967435,5.97658388737049,4.353662841195183,4.56611566010654,7.295576631088424
2023,2024,2023→2024,False,Politechnika Gdanska,3,1,0.0,1e-06,2,AGH,True,0.09508569950590189,3,2,False,0.0,0.0,True,5.245262733211814,3.6621383984003275,2.0758166755711516,0.0,3.4525540051606574,4.102917098871062,4.052874407931883
2023,2024,2023→2024,False,Politechnika Gdanska,3,1,0.25,0.008200455824298486,2,AGH,True,0.1202263943697338,3,2,False,0.0,0.0,True,6.709186197917827,4.600896821246736,2.4482966165730424,0.0,4.3245231340622965,5.238196809068663,5.121334353767393
2023,2024,2023→2024,False,Politechnika Gdanska,3,1,0.5,0.016400911648596972,2,AGH,True,0.14557077881899314,3,2,False,0.0,0.0,True,8.247272135417056,5.578718159644547,2.787492755606946,0.0,5.171050571962965,6.308696032714933,6.201564074147337
2023,2024,2023→2024,False,Politechnika Gdanska,3,2,0.0,1e-06,1,Politechnika Warszawska,True,0.19596329732241807,3,2,False,0.0867757904594754,0.44281654598158415,True,11.236407523981718,7.510173243952146,3.5442310629645424,0.0,6.866046439717244,8.518359273496278,8.312037687786312
2023,2024,2023→2024,False,Politechnika Gdanska,3,2,0.25,0.008200455824298486,1,Politechnika Warszawska,True,0.22134081499833794,2,2,False,0.0867757904594754,0.39204604202856574,True,12.816155779267108,8.459463700336055,3.8372082213546266,0.0,7.688971384904175,9.597611512282466,9.388428737170873
2023,2024,2023→2024,False,Politechnika Gdanska,3,2,0.5,0.016400911648596972,1,Politechnika Warszawska,True,0.2467332050653927,2,2,False,0.0867757904594754,0.3516988742414174,True,14.446929570878359,9.346779584722587,4.105754500480496,0.0,8.519298101705687,10.732865418515336,10.395509700404325
2023,2024,2023→2024,False,Politechnika Poznanska,4,1,0.0,1e-06,3,Politechnika Gdanska,True,0.11196861705724474,5,4,False,0.17363880099573048,1.5507809738058693,True,5.604636423588058,3.7480524692583894,2.901917437724555,4.667165381357585,3.4400016070410877,4.525016977196483,4.170961291060027
2023,2024,2023→2024,False,Politechnika Poznanska,4,1,0.25,0.007881213846097357,3,Politechnika Gdanska,True,0.13778931992836316,4,4,False,0.17363880099573048,1.2601760505531598,True,6.965031003196229,4.625969759428871,3.4787377501162786,5.617081534744867,4.212412475085136,5.671523977827081,5.13652502955032
2023,2024,2023→2024,False,Politechnika Poznanska,4,1,0.5,0.015762427692194714,3,Politechnika Gdanska,True,0.16326394015019083,4,4,False,0.17363880099573048,1.063546554346266,True,8.445339328739445,5.37888427103762,4.05105090824488,6.525601867211478,4.9804267884335225,6.684031206689717,6.149761930139075
2023,2024,2023→2024,False,Politechnika Poznanska,4,2,0.0,1e-06,2,AGH,True,0.21661202373968164,4,4,False,0.18970385248228117,0.8757771115709718,True,11.312949462592018,7.0294649324727505,5.087147646698231,8.852324416769303,6.443940336884113,8.932937253052787,8.139227955687268
2023,2024,2023→2024,False,Politechnika Poznanska,4,2,0.25,0.008200455824298486,2,AGH,True,0.24481896712616988,4,4,False,0.18970385248228117,0.7748740006100728,True,12.961904152723777,7.744825554357659,5.5846095526040145,9.984820132811672,7.159661519455041,10.229340059438075,9.197028675120567
2023,2024,2023→2024,False,Politechnika Poznanska,4,2,0.5,0.016400911648596972,2,AGH,True,0.2732368670434896,4,4,False,0.18970385248228117,0.6942835150136861,True,14.573209491602714,8.669798083157943,6.065882213724672,11.267505415199636,7.8715742914930775,11.366964472750551,10.203864609300982
2023,2024,2023→2024,False,Politechnika Poznanska,4,3,0.0,1e-06,1,Politechnika Warszawska,True,0.3299170644682367,3,4,False,0.27037177280356006,0.8195143626151855,True,17.92176662939316,10.241058918365631,6.912153889344152,13.68630879176777,9.271991885866626,13.796704902167845,12.287060997766963
2023,2024,2023→2024,False,Politechnika Poznanska,4,3,0.25,0.008200455824298486,1,Politechnika Warszawska,True,0.35808799623179705,2,4,False,0.27037177280356006,0.7550428264804033,True,19.597508046496294,11.13073471919832,7.309174704044697,14.834089501777543,9.960047245314897,14.972405188896332,13.321593334169624
2023,2024,2023→2024,False,Politechnika Poznanska,4,3,0.5,0.016400911648596972,1,Politechnika Warszawska,True,0.3860063166659963,2,4,False,0.27037177280356006,0.7004335450746197,True,21.29846486886593,11.900630851532512,7.731819168394372,15.938083357829107,10.654418172934365,16.177245344183323,14.343490590585517
2023,2024,2023→2024,False,Politechnika Lodzka,5,1,0.0,1e-06,4,Politechnika Poznanska,True,0.008745345522244945,7,5,False,0.011387736581171697,1.3021482744398698,True,0.4199520510906024,0.36367603807541116,0.2090184379538118,0.3848319088408769,0.2708775791234519,0.31469713487191076,0.3033108011824326
2023,2024,2023→2024,False,Politechnika Lodzka,5,1,0.25,0.008569123634570602,4,Politechnika Poznanska,True,0.03485869999166215,6,5,False,0.011387736581171697,0.3266827673979675,True,1.6888932291664687,1.2616080570152066,0.9771085201956575,1.3896341616378094,1.1928465394499987,1.2504344268619239,1.3546147555847488
2023,2024,2023→2024,False,Politechnika Lodzka,5,1,0.5,0.017138247269141205,4,Politechnika Poznanska,True,0.06169600125908507,6,5,False,0.011387736581171697,0.18457819548709878,True,3.1537369791666547,2.264917381264653,1.6215788564648226,2.354897521640309,2.084685100602224,2.221321066947235,2.3521943923907274
2023,2024,2023→2024,False,Politechnika Lodzka,5,2,0.0,1e-06,3,Politechnika Gdanska,True,0.11479813925902353,5,5,False,0.18008584931291954,1.568717493813944,True,5.971492110875354,4.149318090233778,2.8829255299091416,4.253412452386329,3.884857153605503,4.213926422107206,4.433790819736949
2023,2024,2023→2024,False,Politechnika Lodzka,5,2,0.25,0.007881213846097357,3,Politechnika Gdanska,True,0.1396988658001594,5,5,False,0.18008584931291954,1.2891002964228366,True,7.396423869107155,4.991649592344749,3.467085978698292,5.099253092051715,4.656520215712556,5.0940312131208865,5.466139181742546
2023,2024,2023→2024,False,Politechnika Lodzka,5,2,0.5,0.015762427692194714,3,Politechnika Gdanska,True,0.16459979226514435,4,5,False,0.18008584931291954,1.0940830898670248,True,8.867877464359106,5.840772454632182,3.976199029681149,5.9248632111571276,5.449004219061759,6.050812399566096,6.3999142243433615
2023,2024,2023→2024,False,Politechnika Lodzka,5,3,0.0,1e-06,2,AGH,True,0.2151017744420477,4,5,False,0.19538270554334017,0.9083267957697848,True,11.848291440478704,7.623006841139912,4.836050529906755,7.82386466503956,7.001276377468846,7.83400707841605,8.318996903446163
2023,2024,2023→2024,False,Politechnika Lodzka,5,3,0.25,0.008200455824298486,2,AGH,True,0.24111690853253845,4,5,False,0.19538270554334017,0.8103235344732097,True,13.370859411682023,8.411303755911081,5.251089592386848,8.84530497228293,7.809351265821796,8.7457506198516,9.41043253331757
2023,2024,2023→2024,False,Politechnika Lodzka,5,3,0.5,0.016400911648596972,2,AGH,True,0.26758604104100825,4,5,False,0.19538270554334017,0.7301677799904266,True,15.034968115202563,9.315444250784278,5.654460866807332,9.797453409784218,8.583423688974069,9.648150844471138,10.414899319346095
2023,2024,2023→2024,False,Politechnika Wroclawska,6,1,0.0,1e-06,5,Politechnika Lodzka,True,0.034680553269871156,7,6,False,0.04754402861687045,1.3709132102622619,True,1.4499208348969228,1.2747255733162155,1.0183099624905267,1.4345307464445012,1.2801438245475416,1.3125934948950424,1.3578322796793052
2023,2024,2023→2024,False,Politechnika Wroclawska,6,1,0.25,0.0006673886868077405,5,Politechnika Lodzka,True,0.03663082596726905,7,6,False,0.04754402861687045,1.2979240123974474,True,1.5035476590699703,1.407122599488675,1.0889279985755507,1.421020823709035,1.3407985755532925,1.456610921301038,1.4328307553934327
2023,2024,2023→2024,False,Politechnika Wroclawska,6,1,0.5,0.001334777373615481,5,Politechnika Lodzka,True,0.03819991457544756,7,6,False,0.04754402861687045,1.2446108622302703,True,1.5876692708331808,1.4166774999901155,1.065694552197094,1.4949788254869811,1.4335425824624881,1.506247773610525,1.5395364967131564
2023,2024,2023→2024,False,Politechnika Wroclawska,6,2,0.0,1e-06,4,Politechnika Poznanska,True,0.042355785320785856,7,6,False,0.05798774032063768,1.3690630425445218,True,1.7973607937245895,1.5416908983462374,1.2342456931027979,1.7256495851439457,1.559973964432071,1.6178462004370786,1.667523562927431
2023,2024,2023→2024,False,Politechnika Wroclawska,6,2,0.25,0.008569123634570602,4,Politechnika Poznanska,True,0.06684364097500178,7,6,False,0.05798774032063768,0.8675131916037303,True,2.8984143931908344,2.4454430262737192,1.8641611314216044,2.7400356792137757,2.4846433765017495,2.5159634821145027,2.610231522211681
2023,2024,2023→2024,False,Politechnika Wroclawska,6,2,0.5,0.017138247269141205,4,Politechnika Poznanska,True,0.09147524108336529,6,6,False,0.05798774032063768,0.6339173270698568,True,3.931419270834807,3.203675507765036,2.4998806972287735,3.7847862224406112,3.4050622598851055,3.564107177409903,3.617496904593176
2023,2024,2023→2024,False,Politechnika Wroclawska,6,3,0.0,1e-06,3,Politechnika Gdanska,True,0.14116981368857134,6,6,False,0.21129329372629746,1.4967314059960617,True,6.1581779655651925,5.046211753570362,3.6813561094484637,5.838372787715479,5.216272835277891,5.5013174677084775,5.548763670019885
2023,2024,2023→2024,False,Politechnika Wroclawska,6,3,0.25,0.007881213846097357,3,Politechnika Gdanska,True,0.16384575979645088,6,6,False,0.21129329372629746,1.2895865842899545,True,7.262024925229787,5.837727265675174,4.092155942410525,6.774379453017193,6.054775717420946,6.33652584495662,6.49526276505854
2023,2024,2023→2024,False,Politechnika Wroclawska,6,3,0.5,0.015762427692194714,3,Politechnika Gdanska,True,0.18677098105190534,5,6,False,0.21129329372629746,1.1312961603364773,True,8.435813802085757,6.6692153147502875,4.603867681045171,7.647622550068683,6.871406671231773,7.2105334193857455,7.369047162729592
2023,2024,2023→2024,False,Politechnika Slaska,7,1,0.0,1e-06,6,Politechnika Wroclawska,True,0.07858212846549976,7,7,False,0.0627228445128295,0.7981820515381811,True,3.435785726054025,2.766523437501245,2.5150828459419627,2.832860927434011,2.9206229541666406,2.973641612462885,3.2511394956496464
2023,2024,2023→2024,False,Politechnika Slaska,7,1,0.25,0.003016126330320862,6,Politechnika Wroclawska,True,0.087228146425781,7,7,False,0.0627228445128295,0.7190665752160388,True,3.861727799702047,3.087459962352712,2.787890149268657,3.197157470979417,3.2442120904640714,3.235040612777351,3.55775173920152
2023,2024,2023→2024,False,Politechnika Slaska,7,1,0.5,0.006032252660641724,6,Politechnika Wroclawska,True,0.0954924482587533,7,7,False,0.0627228445128295,0.6568356519970155,True,4.225986590434733,3.4266223278009322,3.0699060743713535,3.410433193118656,3.5548063056352497,3.4732906263907015,3.978894317325282
2023,2024,2023→2024,False,Politechnika Slaska,7,2,0.0,1e-06,5,Politechnika Lodzka,True,0.11323677306175743,7,7,False,0.11084193099564608,0.978851021612871,True,5.116001375945567,4.082451704501855,3.5135545604801477,4.122435515205147,4.200283249070413,4.1871714873983334,4.568529421196043
2023,2024,2023→2024,False,Politechnika Slaska,7,2,0.25,0.0006673886868077405,5,Politechnika Lodzka,True,0.11476833635300986,7,7,False,0.11084193099564608,0.9657884266503023,True,5.2308194854115255,4.058467865723814,3.5453997923818092,4.138914001972038,4.265337273745706,4.157276421401546,4.765349754216941
2023,2024,2023→2024,False,Politechnika Slaska,7,2,0.5,0.001334777373615481,5,Politechnika Lodzka,True,0.1168302674051694,7,7,False,0.11084193099564608,0.9487432790960268,True,5.222656536961484,4.105611813458243,3.6152891190511127,4.250769224136974,4.3417541125520875,4.366313565384994,4.827633666449027
2023,2024,2023→2024,False,Politechnika Slaska,7,3,0.0,1e-06,4,Politechnika Poznanska,True,0.12073488195331761,7,7,False,0.1211348402987594,1.003312699188263,True,5.508085937500207,4.236636228038593,3.7274921007499406,4.38098687981342,4.473724969971049,4.438679686295599,4.96766384857838
2023,2024,2023→2024,False,Politechnika Slaska,7,3,0.25,0.008569123634570602,4,Politechnika Poznanska,True,0.1451808525918607,7,7,False,0.1211348402987594,0.8343720135002886,True,6.6433398437510895,5.0581177502517445,4.28676375899304,5.212212450298425,5.3823089371903166,5.453986841207914,6.066098913315166
2023,2024,2023→2024,False,Politechnika Slaska,7,3,0.5,0.017138247269141205,4,Politechnika Poznanska,True,0.16961519677707165,7,7,False,0.1211348402987594,0.7141744525283847,True,7.919401442445595,5.830619718597352,5.037262933869069,6.091118700289988,6.261835582235687,6.204481598665446,7.1272843786856885
2023,2024,2023→2024,False,Politechnika Krakowska,8,1,0.0,1e-06,7,Politechnika Slaska,True,0.0812724382107706,9,9,False,0.16069596335151445,1.9772504294108686,True,3.433548870343148,3.0162808083481982,2.5869487786504997,3.1033317864763155,2.828040636445861,3.187464587232708,3.2686645393529776
2023,2024,2023→2024,False,Politechnika Krakowska,8,1,0.25,0.006899675056094373,7,Politechnika Slaska,True,0.10333168704010225,8,9,False,0.16069596335151445,1.555147002382237,True,4.3798758204925345,3.8637950737978652,3.253945951318671,4.044658541792728,3.584336700793289,3.9878257212555166,4.118798410791147
2023,2024,2023→2024,False,Politechnika Krakowska,8,1,0.5,0.013799350112188746,7,Politechnika Slaska,True,0.12533598875042065,8,9,False,0.16069596335151445,1.2821214796614044,True,5.393190104166509,4.704346376797125,3.842166898212196,4.77763208663427,4.302622066689354,4.845466294371715,5.127827155850961
2023,2024,2023→2024,False,Politechnika Krakowska,8,2,0.0,1e-06,6,Politechnika Wroclawska,True,0.1709827054528719,8,9,False,0.2331510772344651,1.3635945028295784,True,7.574550787599393,6.32965839120288,5.002444127333883,6.521810968607383,5.686125862107161,6.716755816140924,7.064499917606076
2023,2024,2023→2024,False,Politechnika Krakowska,8,2,0.25,0.003016126330320862,6,Politechnika Wroclawska,True,0.17997172707828316,8,9,False,0.2331510772344651,1.2954872469110121,True,8.06983766946665,6.67851450350912,5.201029216619435,6.802145250849478,6.059163387602872,7.066075469093203,7.362786230219159
2023,2024,2023→2024,False,Politechnika Krakowska,8,2,0.5,0.006032252660641724,6,Politechnika Wroclawska,True,0.19086664341821735,8,9,False,0.2331510772344651,1.2215391493190155,True,8.55422763282645,7.065246243376216,5.43661518437677,7.396136407060178,6.317898088556861,7.450097474577172,7.844031729326906
2023,2024,2023→2024,False,Politechnika Krakowska,8,3,0.0,1e-06,5,Politechnika Lodzka,True,0.21047626888196086,8,9,False,0.2900712758853459,1.378166181993769,True,9.552066017564295,7.745101071084975,5.895785511780072,8.0553160945603,6.922808692416482,8.256024961987057,8.720000531567528
2023,2024,2023→2024,False,Politechnika Krakowska,8,3,0.25,0.0006673886868077405,5,Politechnika Lodzka,True,0.21328921062899142,8,9,False,0.2900712758853459,1.359990385964314,True,9.677858072916546,7.856620816540766,5.851662108871258,8.265542381883712,6.974474891978888,8.37739986155373,8.840258899525805
2023,2024,2023→2024,False,Politechnika Krakowska,8,3,0.5,0.001334777373615481,5,Politechnika Lodzka,True,0.2151820278157371,8,9,False,0.2900712758853459,1.3480274297523462,True,9.740502123617576,7.8861814726879755,6.049947561662727,8.226095002481076,7.033289766649176,8.516108064564786,8.92760018766805
2023,2024,2023→2024,False,Politechnika Lubelska,9,1,0.0,1e-06,8,Politechnika Krakowska,True,0.018106438866868153,11,11,False,0.09359987407349162,5.169424797537864,True,0.681573510242002,0.762877604168477,0.5598410635695994,0.7380071987892811,0.6854666837179835,0.703035642496197,0.6400830138036662
2023,2024,2023→2024,False,Politechnika Lubelska,9,1,0.25,0.006429134376620627,8,Politechnika Krakowska,True,0.037754996235633984,11,11,False,0.09359987407349162,2.4791387473414717,True,1.5700382982522103,1.4424023437507816,1.2778093294262494,1.3195397795324304,1.4275705613095213,1.5117218095288154,1.418312440624775
2023,2024,2023→2024,False,Politechnika Lubelska,9,1,0.5,0.012858268753241253,8,Politechnika Krakowska,True,0.05774391358998138,11,11,False,0.09359987407349162,1.620947875790173,True,2.493657321230795,2.191833117197506,1.8571797170715887,2.019308751215132,2.183022163410475,2.2959884601890748,2.181115129469741
2023,2024,2023→2024,False,Politechnika Lubelska,9,2,0.0,1e-06,7,Politechnika Slaska,True,0.09821090899821959,10,11,False,0.23050312416213853,2.347021593765283,True,4.339169764646952,3.822773437501148,3.1657702769074203,3.226818032408152,3.614912125539449,3.909707694567005,3.771468609033035
2023,2024,2023→2024,False,Politechnika Lubelska,9,2,0.25,0.006899675056094373,7,Politechnika Slaska,True,0.12009364097460976,8,11,False,0.23050312416213853,1.9193616105857894,True,5.429103545400584,4.699311106499077,3.784052899878787,3.770516252494127,4.396821476520596,4.951082517496724,4.503890484034889
2023,2024,2023→2024,False,Politechnika Lubelska,9,2,0.5,0.013799350112188746,7,Politechnika Slaska,True,0.14218092678003724,8,11,False,0.23050312416213853,1.6211958198777339,True,6.4700693537695395,5.540090323483976,4.309416091568763,4.44039696769315,5.168060828908915,5.976246506267769,5.374680813723154
2023,2024,2023→2024,False,Politechnika Lubelska,9,3,0.0,1e-06,6,Politechnika Wroclawska,True,0.18613824020888517,8,11,False,0.2982444887536706,1.602274140010023,True,8.808684466735766,7.263661684473033,5.402672324626323,5.671532208266738,6.691070140647604,7.786850382507405,7.025676994873942
2023,2024,2023→2024,False,Politechnika Lubelska,9,3,0.25,0.003016126330320862,6,Politechnika Wroclawska,True,0.1957404288023123,8,11,False,0.2982444887536706,1.5236734208592242,True,9.287450730015223,7.631367187498922,5.551935948399489,5.86941814409665,7.0296652109976705,8.305998554103782,7.414093429366053
2023,2024,2023→2024,False,Politechnika Lubelska,9,3,0.5,0.006032252660641724,6,Politechnika Wroclawska,True,0.20590859585496443,8,11,False,0.2982444887536706,1.4484314630737645,True,9.848104223108711,8.05692242263431,5.786476009648556,6.169365771660784,7.3404426975541615,8.772590306860529,7.72654673403288
2023,2024,2023→2024,False,PJATK,10,1,0.0,1e-06,9,Politechnika Lubelska,True,0.05783083113679764,10,8,False,0.0,0.0,True,2.350260416666741,2.0825116164512214,2.0378017856955033,2.268601320041023,2.1201032193604474,2.3657561284501716,2.0475946507562237
2023,2024,2023→2024,False,PJATK,10,1,0.25,0.0014405888579656079,9,Politechnika Lubelska,True,0.06233909084919134,10,8,False,0.0,0.0,True,2.4708271614838324,2.2555544211675826,2.192125983653148,2.463913820041017,2.2920527457127804,2.561068628450199,2.231646011513644
2023,2024,2023→2024,False,PJATK,10,1,0.5,0.0028811777159312157,9,Politechnika Lubelska,True,0.06697897814374315,10,8,False,0.0,0.0,True,2.692057291666722,2.47598448402917,2.4074579708057264,2.7080544450409296,2.449030910766825,2.596457887784392,2.3696845320843707
2023,2024,2023→2024,False,PJATK,10,2,0.0,1e-06,8,Politechnika Krakowska,True,0.07661203588438102,10,8,False,0.0,0.0,True,3.0459676053275446,2.7979168302360913,2.682933377841079,3.04985132004102,2.7644510054222637,3.14700612845021,2.7463105548536593
2023,2024,2023→2024,False,PJATK,10,2,0.25,0.006429134376620627,8,Politechnika Krakowska,True,0.09758659059907802,10,8,False,0.0,0.0,True,3.9615885416667203,3.5617448397299523,3.4046414013303994,3.954552667167719,3.4972783723948186,3.9770842534502395,3.401909982435436
2023,2024,2023→2024,False,PJATK,10,2,0.5,0.012858268753241253,8,Politechnika Krakowska,True,0.11925592043077755,9,8,False,0.0,0.0,True,4.842984112655184,4.211484789356468,4.130793519404962,5.002976320041098,4.207526374179982,4.926742999052843,4.118172459298142
2023,2024,2023→2024,False,PJATK,10,3,0.0,1e-06,7,Politechnika Slaska,True,0.16267777140547404,8,8,False,0.16055859472544287,0.9869731638089071,True,6.807458244553409,5.711535007960677,5.415181548169112,6.931588148425064,5.619525655763702,6.8249572456210075,5.490650028608535
2023,2024,2023→2024,False,PJATK,10,3,0.25,0.006899675056094373,7,Politechnika Slaska,True,0.1863759735746489,8,8,False,0.16055859472544287,0.8614768934319453,True,7.90445963541684,6.483576000785829,6.095675969712266,7.986839502644741,6.367810581245159,7.959586670330382,6.163756406869858
2023,2024,2023→2024,False,PJATK,10,3,0.5,0.013799350112188746,7,Politechnika Slaska,True,0.21057991675081114,8,8,False,0.16055859472544287,0.7624591993520408,True,9.029463929824653,7.153889020238413,6.757352796516402,9.230871585905371,7.109285097900964,9.079623315950297,6.8467046963517575
2023,2024,2023→2024,False,WAT,11,1,0.0,1e-06,10,PJATK,True,0.02091896650894933,12,10,False,0.0,0.0,True,0.7575486851324191,0.8002404142217312,0.7819596105012594,0.8261906393092489,0.7596273279319998,0.8120311532702762,0.7945355819381161
2023,2024,2023→2024,False,WAT,11,1,0.25,0.0045507373212628766,10,PJATK,True,0.03482273731425635,11,10,False,0.0,0.0,True,1.3109890587744948,1.393620451448807,1.2188866969101597,1.2583221014498103,1.336751059575847,1.345621421913945,1.3411563549272394
2023,2024,2023→2024,False,WAT,11,1,0.5,0.009101474642525753,10,PJATK,True,0.04978300639049462,11,10,False,0.0,0.0,True,1.952251236463104,1.8759673646688957,1.8467500101324141,1.9295479088210221,1.8445504910881927,1.8008006845302793,1.9167807535677457
2023,2024,2023→2024,False,WAT,11,2,0.0,1e-06,9,Politechnika Lubelska,True,0.0794290144465398,10,10,False,0.036818409831263395,0.46353854555307694,True,3.1992343994887915,2.938494111196499,2.899626007771172,3.090900426751786,2.8912610385963045,2.8942232176190075,3.085841881129056
2023,2024,2023→2024,False,WAT,11,2,0.25,0.0014405888579656079,9,Politechnika Lubelska,True,0.08394178259439446,10,10,False,0.036818409831263395,0.43861839352601606,True,3.3975011758059477,3.0757845993021116,2.9630643871081386,3.3106269892512143,3.0725832400287256,3.019862798198958,3.3404225480289846
2023,2024,2023→2024,False,WAT,11,2,0.5,0.0028811777159312157,9,Politechnika Lubelska,True,0.0886818354560631,10,10,False,0.036818409831263395,0.4151741970823874,True,3.6412451007514766,3.2682848659793873,3.192112555172333,3.386362407592025,3.2060883933393347,3.1745085501860393,3.562413129898781
2023,2024,2023→2024,False,WAT,11,3,0.0,1e-06,8,Politechnika Krakowska,True,0.09753363711059654,10,10,False,0.05627445794540338,0.5769748736181339,True,4.032552083333341,3.5539993340629294,3.5874142471908566,3.717407372581427,3.5582368803776188,3.4345104788567005,3.8846036642073143
2023,2024,2023→2024,False,WAT,11,3,0.25,0.006429134376620627,8,Politechnika Krakowska,True,0.11924727046650506,10,10,False,0.05627445794540338,0.47191401300216856,True,4.95267255295297,4.3635018493281,4.1913440746793595,4.60240080103369,4.257468421054589,4.2825097171317665,4.83886517811194
2023,2024,2023→2024,False,WAT,11,3,0.5,0.012858268753241253,8,Politechnika Krakowska,True,0.14026713274652428,10,10,False,0.05627445794540338,0.4011948975038689,True,5.9188135297726445,5.111917150324441,4.902142594175974,5.398029333003429,4.968321818236465,4.968525293893455,5.7484299385211655
2023,2024,2023→2024,False,Uniwersytet Morski w Gdyni,12,1,0.0,1e-06,11,WAT,True,0.03359273944842395,13,14,False,0.09355786273877717,2.7850620186073147,True,1.2935941265768354,1.3270963541665015,1.2863517250449874,1.2197936189139946,1.2726549138335597,1.2144044802747,1.2700885537061557
2023,2024,2023→2024,False,Uniwersytet Morski w Gdyni,12,1,0.25,0.0016177776014888318,11,WAT,True,0.039266967155687796,13,14,False,0.09355786273877717,2.3826098503567614,True,1.3888020833333319,1.4905193942094441,1.5505520030559605,1.5509654609776713,1.4596430929446291,1.4848931555576372,1.4571742474198957
2023,2024,2023→2024,False,Uniwersytet Morski w Gdyni,12,1,0.5,0.0032355552029776635,11,WAT,True,0.04412212867746194,12,14,False,0.09355786273877717,2.120429488402438,True,1.6546147151150068,1.7000789326286403,1.6871283102441015,1.5899971713474292,1.6642358177384797,1.688191195306693,1.6868434570485757
2023,2024,2023→2024,False,Uniwersytet Morski w Gdyni,12,2,0.0,1e-06,10,PJATK,True,0.05462728083032911,12,14,False,0.1388421073616895,2.541625818662463,True,2.078594591928703,2.002634402196546,2.0764090646622657,2.114758022056129,2.074110676231511,2.0342095618081313,2.0704295082007773
2023,2024,2023→2024,False,Uniwersytet Morski w Gdyni,12,2,0.25,0.0045507373212628766,10,PJATK,True,0.07012820952804702,12,14,False,0.1388421073616895,1.9798324853304732,True,2.707161458333333,2.6169726562524365,2.6216919373277303,2.6389563573140373,2.579577863176963,2.6902320089796374,2.6969351469120664
2023,2024,2023→2024,False,Uniwersytet Morski w Gdyni,12,2,0.5,0.009101474642525753,10,PJATK,True,0.08541210383002727,12,14,False,0.1388421073616895,1.6255554088445074,True,3.3118859484605565,3.166289062500638,3.1354355414602963,3.303505250323263,3.113308246710278,3.2427056555573266,3.3175847634398847
2023,2024,2023→2024,False,Uniwersytet Morski w Gdyni,12,3,0.0,1e-06,9,Politechnika Lubelska,True,0.11597385706170105,11,14,False,0.17731968602440124,1.528962565503557,True,4.709114583333334,4.312341982729623,4.215504674582449,4.325030899220433,4.148756024828549,4.461143319090787,4.487421695700772
2023,2024,2023→2024,False,Uniwersytet Morski w Gdyni,12,3,0.25,0.0014405888579656079,9,Politechnika Lubelska,True,0.1208039873254023,11,14,False,0.17731968602440124,1.4678297459401406,True,4.904427083333321,4.484648437501281,4.363511925236208,4.4513558992863524,4.3027521375399225,4.679607636120703,4.743769351951036
2023,2024,2023→2024,False,Uniwersytet Morski w Gdyni,12,3,0.5,0.0028811777159312157,9,Politechnika Lubelska,True,0.12573228153316113,11,14,False,0.17731968602440124,1.4102956206806303,True,5.099739583333319,4.638084964238059,4.513701948096283,4.622836712531414,4.46996583442213,4.951007214913111,4.932514439110525
2023,2024,2023→2024,False,ZUT,13,1,0.0,1e-06,12,Uniwersytet Morski w Gdyni,True,0.01439989047651385,14,12,False,0.0,0.0,True,0.5331018940169969,0.5543822742379745,0.5566843384486653,0.5793601954909744,0.5331479402502004,0.546709408456092,0.5033264643165059
2023,2024,2023→2024,False,ZUT,13,1,0.25,0.002603049753034048,12,Uniwersytet Morski w Gdyni,True,0.02210180573540095,14,12,False,0.0,0.0,True,0.791606702169579,0.8827734375010499,0.8792649280136677,0.8716440725791086,0.8241875289609069,0.8013579891299694,0.7903405229662208
2023,2024,2023→2024,False,ZUT,13,1,0.5,0.005206099506068096,12,Uniwersytet Morski w Gdyni,True,0.029867218294127924,14,12,False,0.0,0.0,True,1.0704071498529095,1.1350365872939139,1.135662295669404,1.1584066417416217,1.1146611507970472,1.1326469084537272,1.1530110439959662
2023,2024,2023→2024,False,ZUT,13,2,0.0,1e-06,11,WAT,True,0.04508650716211417,13,12,False,0.04559226065689336,1.0112174024250913,True,1.6883750331431018,1.7588191249431673,1.7146402528886107,1.6614010934848322,1.7128507628109468,1.6914729820676988,1.6996155268181545
2023,2024,2023→2024,False,ZUT,13,2,0.25,0.0016177776014888318,11,WAT,True,0.05001128802961836,13,12,False,0.04559226065689336,0.9116394008866978,True,1.8922864970388011,1.821275119160859,1.939798347346322,1.9487415593181623,1.8990574590445286,1.8674358543922298,1.859933025907412
2023,2024,2023→2024,False,ZUT,13,2,0.5,0.0032355552029776635,11,WAT,True,0.05484550312661971,13,12,False,0.04559226065689336,0.8312853024911862,True,2.0241501172104317,2.0546484374989236,2.0311518214450763,2.1391587471526865,2.100915414114257,2.131346212727525,2.0257018809169356
2023,2024,2023→2024,False,ZUT,13,3,0.0,1e-06,10,PJATK,True,0.06465165786769006,13,12,False,0.08681068008295392,1.3427448412941307,True,2.499712837333052,2.4941015625020047,2.4544454204195487,2.3665529199446365,2.418293684359052,2.418770664809733,2.4506715120011346
2023,2024,2023→2024,False,ZUT,13,3,0.25,0.0045507373212628766,10,PJATK,True,0.07800187379166,12,12,False,0.08681068008295392,1.1129307010601042,True,2.9704687500000584,2.933554687498802,2.959756824134252,2.8817818699607143,2.9475606298386747,2.979566531751343,2.9635684340126534
2023,2024,2023→2024,False,ZUT,13,3,0.5,0.009101474642525753,10,PJATK,True,0.09188612454282678,12,12,False,0.08681068008295392,0.9447637552990139,True,3.5564062499999944,3.465872322140928,3.3984669553647873,3.3762203652858256,3.4306662920001174,3.478898507555539,3.5985628842583828
2023,2024,2023→2024,False,Politechnika Czestochowska,14,1,0.0,1e-06,13,ZUT,True,0.02005728951900195,15,16,False,0.11891887300497299,5.928960286100033,True,0.7033638072685006,0.7090974002328554,0.7607980509272694,0.8843696403753099,0.7458386222913838,0.7593407651850126,0.7291171900407123
2023,2024,2023→2024,False,Politechnika Czestochowska,14,1,0.25,0.0011906503635423366,13,ZUT,True,0.022758396846312312,15,16,False,0.11891887300497299,5.225274601195918,True,0.7388775233233988,0.849326095593006,0.9072824259335088,0.8699865132944296,0.8970807751366161,0.9179572066519093,0.8274745766056635
2023,2024,2023→2024,False,Politechnika Czestochowska,14,1,0.5,0.002381300727084673,13,ZUT,True,0.02641707596561948,15,16,False,0.11891887300497299,4.50159106025739,True,0.9870521345715144,0.9520594242532376,1.053766800929834,0.9638943853019777,0.9963446832654266,1.0417029497579722,0.9902349932703836
2023,2024,2023→2024,False,Politechnika Czestochowska,14,2,0.0,1e-06,12,Uniwersytet Morski w Gdyni,True,0.03282390813044614,15,16,False,0.12980184319564272,3.9544908144330244,True,1.2269922289062012,1.2632080794055922,1.2654850183726696,1.2024686200802714,1.274399392876524,1.231614410858406,1.2184144960916743
2023,2024,2023→2024,False,Politechnika Czestochowska,14,2,0.25,0.002603049753034048,12,Uniwersytet Morski w Gdyni,True,0.040765282450763385,15,16,False,0.12980184319564272,3.1841271639027244,True,1.591339181191144,1.4982356770813332,1.4921915796416552,1.6000923447129278,1.5415133287816185,1.537972106471075,1.5206772287947479
2023,2024,2023→2024,False,Politechnika Czestochowska,14,2,0.5,0.005206099506068096,12,Uniwersytet Morski w Gdyni,True,0.04765008260396632,15,16,False,0.12980184319564272,2.7240633405499746,True,1.7946366870293078,1.76679036458392,1.8594308634256596,1.7591418345615728,1.822032107379179,1.8057203449946102,1.797371579895879
2023,2024,2023→2024,False,Politechnika Czestochowska,14,3,0.0,1e-06,11,WAT,True,0.06294681843969237,14,16,False,0.17363051146395758,2.758368345976187,True,2.348289773672671,2.348658854167046,2.335505082176892,2.4748645388957713,2.375693476681595,2.3784280093517296,2.3899745766072233
2023,2024,2023→2024,False,Politechnika Czestochowska,14,3,0.25,0.0016177776014888318,11,WAT,True,0.06728014278565683,14,16,False,0.17363051146395758,2.580709616165873,True,2.4689701381525264,2.5797890460270425,2.4819894571814327,2.622482476481547,2.5697119066846796,2.5539428105529227,2.520182909939106
2023,2024,2023→2024,False,Politechnika Czestochowska,14,3,0.5,0.0032355552029776635,11,WAT,True,0.07157320537816036,14,16,False,0.17363051146395758,2.4259149851759845,True,2.6867013894158784,2.7067317708335317,2.7624601831296003,2.6397305610990185,2.7215094858579647,2.697270377500971,2.720520350296746
2023,2024,2023→2024,False,Politechnika Opolska,15,1,0.0,1e-06,14,Politechnika Czestochowska,True,0.013197232633907556,14,13,True,0.0,0.0,False,0.47224013298524936,0.5260546874998939,0.5773381201357064,0.5054289465554529,0.5286054544931584,0.44791551023175,0.4160474236047318
2023,2024,2023→2024,False,Politechnika Opolska,15,1,0.25,0.0017376234535246976,14,Politechnika Czestochowska,True,0.018180827071762107,14,13,True,0.0,0.0,False,0.6024864068904922,0.7091601562455141,0.7414437055074385,0.6932811502375957,0.7315727319320953,0.6711921727400039,0.650731600488097
2023,2024,2023→2024,False,Politechnika Opolska,15,1,0.5,0.003475246907049395,14,Politechnika Czestochowska,True,0.02309873216849079,14,13,True,0.0,0.0,False,0.804005716078686,0.9655078124994054,0.970876951207611,0.7665233377344594,0.9172672592561271,0.799179252972243,0.8640931462925994
2023,2024,2023→2024,False,Politechnika Opolska,15,2,0.0,1e-06,13,ZUT,True,0.034127875332509085,14,13,False,0.0,0.0,True,1.2257885454352537,1.2584765625004934,1.3171033354003714,1.3524608377348257,1.3088505636156156,1.347250271493028,1.2119048333039062
2023,2024,2023→2024,False,Politechnika Opolska,15,2,0.25,0.0011906503635423366,13,ZUT,True,0.037183465353048076,14,13,False,0.0,0.0,True,1.3063435941569113,1.423271484373928,1.5002088041492834,1.3803183330986901,1.4361816055906584,1.3821111296677124,1.4018244243352351
2023,2024,2023→2024,False,Politechnika Opolska,15,2,0.5,0.002381300727084673,13,ZUT,True,0.04142498101040765,14,13,False,0.0,0.0,True,1.465143708407201,1.6332441839491396,1.6100720854020922,1.6454295877353697,1.5606634668248964,1.5681613009857487,1.4668288569087362
2023,2024,2023→2024,False,Politechnika Opolska,15,3,0.0,1e-06,12,Uniwersytet Morski w Gdyni,True,0.04790720636230555,14,13,False,0.012138866368767855,0.2533828893500036,True,1.7245637742659254,1.807792968749261,1.8482658618030778,1.9383983377354475,1.8613863110440443,1.740661197191018,1.7437411995605445
2023,2024,2023→2024,False,Politechnika Opolska,15,3,0.25,0.002603049753034048,12,Uniwersytet Morski w Gdyni,True,0.0560696028364373,14,13,False,0.012138866368767855,0.21649638582564226,True,1.954781838231523,2.137382812501393,2.1960095854026696,2.2313670877354586,2.1126148136007883,2.072531773215447,2.11859383060074
2023,2024,2023→2024,False,Politechnika Opolska,15,3,0.5,0.005206099506068096,12,Uniwersytet Morski w Gdyni,True,0.06338837997649142,14,13,False,0.012138866368767855,0.19149986753518142,True,2.2770871277833207,2.393730468749683,2.495790188194147,2.3770430218075567,2.404692534445385,2.3720605510055,2.4448468626970197
2023,2024,2023→2024,False,Politechnika Bialostocka,16,1,0.0,1e-06,15,Politechnika Opolska,True,0.04798157149103913,15,15,True,0.0,0.0,True,1.6952431491859425,1.7895703124996831,1.982455822917839,1.804511861032937,1.8339652772796144,1.8146149079869722,1.761604592486532
2023,2024,2023→2024,False,Politechnika Bialostocka,16,1,0.25,0.0011375841813282134,15,Politechnika Opolska,True,0.05155407473163481,15,15,True,0.0,0.0,True,1.8914278538690974,1.9360546875005546,2.0175372321093454,1.9970796522430223,1.9594983992376358,1.9284355889228055,1.9066037127247193
2023,2024,2023→2024,False,Politechnika Bialostocka,16,1,0.5,0.0022751683626564267,15,Politechnika Opolska,True,0.05385872658180184,15,15,True,0.0,0.0,True,1.9187282594962163,2.0825390624983733,2.1386580697270063,2.0025298438257124,2.121555904285888,1.9522512058519792,2.023083999523995
2023,2024,2023→2024,False,Politechnika Bialostocka,16,2,0.0,1e-06,14,Politechnika Czestochowska,True,0.060747909475816216,15,15,False,0.07154224870631504,1.177690711065474,False,2.1345721001677163,2.2767542880405447,2.438451497350791,2.2612314678741976,2.352845694782635,2.3108490291441686,2.2864726901285435
2023,2024,2023→2024,False,Politechnika Bialostocka,16,2,0.25,0.0017376234535246976,14,Politechnika Czestochowska,True,0.06575068912279493,15,15,False,0.07154224870631504,1.0880836332027468,False,2.2342821748332415,2.5219921874988893,2.595004390214928,2.484910586363015,2.5494329152221606,2.4919407581401543,2.5021719429106417
2023,2024,2023→2024,False,Politechnika Bialostocka,16,2,0.5,0.003475246907049395,14,Politechnika Czestochowska,True,0.07099890846727208,15,15,False,0.07154224870631504,1.0076527970749496,False,2.498969836654661,2.668476562501243,2.8838921964730813,2.701686150110066,2.7240267878862023,2.6647220723494014,2.6278935876001386
2023,2024,2023→2024,False,Politechnika Bialostocka,16,3,0.0,1e-06,13,ZUT,True,0.08103320742637503,15,15,False,0.10042650428399515,1.2393253022255157,True,2.8896576086515835,3.0666297111981877,3.1806168160807835,3.058839134873165,3.10691042056086,3.056069673207168,3.0731407036717395
2023,2024,2023→2024,False,Politechnika Bialostocka,16,3,0.25,0.0011906503635423366,13,ZUT,True,0.08423442554561937,15,15,False,0.10042650428399515,1.1922263805266473,True,2.9610887561599886,3.154413927731153,3.3202755003584716,3.2136707185223603,3.268042187641107,3.2398479848969375,3.115667990956672
2023,2024,2023→2024,False,Politechnika Bialostocka,16,3,0.5,0.002381300727084673,13,ZUT,True,0.08827203074401906,15,15,False,0.10042650428399515,1.137693371700295,True,3.1923636389300745,3.299711822185114,3.4169173983536583,3.4391156009959625,3.367865560270189,3.319007377787897,3.313466670127996
2023,2024,2023→2024,False,Politechnika Bydgoska,17,1,0.0,1e-06,16,Politechnika Bialostocka,True,0.042489480243460734,17,17,False,0.03525355781233223,0.8297008485472792,True,1.3126973983211185,1.688024909865088,1.7555585766302118,1.7493664927737518,1.6542933982896524,1.547894619250656,1.4852687688634125
2023,2024,2023→2024,False,Politechnika Bydgoska,17,1,0.25,0.004174263613698867,16,Politechnika Bialostocka,True,0.05437800108371144,17,17,False,0.03525355781233223,0.6483055115994727,True,1.7466705926469075,2.15041015625585,2.242420185279137,2.1155774302720753,2.147315199059685,2.008997746652208,1.934786127267074
2023,2024,2023→2024,False,Politechnika Bydgoska,17,1,0.5,0.008348527227397734,16,Politechnika Bialostocka,True,0.06702364453113598,17,17,False,0.03525355781233223,0.5259868820764456,True,2.220095895547764,2.5766381867232733,2.758630765225356,2.62068037071429,2.6024067336718915,2.463421963000545,2.4565873182329225
2023,2024,2023→2024,False,Politechnika Bydgoska,17,2,0.0,1e-06,15,Politechnika Opolska,True,0.09212108529816972,16,17,False,0.05618802367110491,0.6099366229700864,True,3.197153180683412,3.5644707958857715,3.7107792027297526,3.58042118027051,3.550190029568412,3.415570400500928,3.3281277804921574
2023,2024,2023→2024,False,Politechnika Bydgoska,17,2,0.25,0.0011375841813282134,15,Politechnika Opolska,True,0.0954480540365775,15,17,True,0.05618802367110491,0.5886764715975519,True,3.303811655847577,3.618194586104667,3.85726357773033,3.7269055552726305,3.689778624238149,3.5986758692502785,3.4298053938447786
2023,2024,2023→2024,False,Politechnika Bydgoska,17,2,0.5,0.0022751683626564267,15,Politechnika Opolska,True,0.09878799136236616,15,17,True,0.05618802367110491,0.5687738245937254,True,3.39999006016263,3.8311400916207496,3.9671268589760333,3.800147742772797,3.8207163754873097,3.7451602442506227,3.5425680380393954
2023,2024,2023→2024,False,Politechnika Bydgoska,17,3,0.0,1e-06,14,Politechnika Czestochowska,True,0.10545195935877603,15,17,False,0.13013929472874666,1.234109783451037,False,3.6870434651959987,4.071692335020188,4.2600956089773545,4.093116492773097,4.08081018491705,3.8916446192508616,3.785269146551759
2023,2024,2023→2024,False,Politechnika Bydgoska,17,3,0.25,0.0017376234535246976,14,Politechnika Czestochowska,True,0.1112341844678198,15,17,False,0.13013929472874666,1.1699577369257033,False,3.8070256563965037,4.306616748788445,4.406579983975778,4.3860852427748735,4.2605229632798665,4.184613369252538,4.0461475368525095
2023,2024,2023→2024,False,Politechnika Bydgoska,17,3,0.5,0.003475246907049395,14,Politechnika Czestochowska,True,0.1159875917029682,15,17,False,0.13013929472874666,1.122010491105113,False,4.05101191297596,4.494160156256494,4.553064358980374,4.459327430274551,4.469248801624537,4.367718837999446,4.272691467369724
2023,2024,2023→2024,False,Politechnika Koszalinska,18,1,0.0,1e-06,17,Politechnika Bydgoska,True,0.0022797886131812445,19,18,False,0.0256288302482822,11.241757284031443,True,-0.042054794863046877,0.02083874428312482,0.08391380825814032,-0.15628229897216572,0.04495382584948637,0.1258707123947711,-0.021012741086201547
2023,2024,2023→2024,False,Politechnika Koszalinska,18,1,0.25,0.0035834721522793322,17,Politechnika Bydgoska,True,0.010744816457355377,18,18,False,0.0256288302482822,2.3852273652136655,True,0.3450753843599315,0.38326171874754067,0.43720191151677135,0.32763387746065353,0.44866451008111485,0.48593429476582184,0.39066966934274694
2023,2024,2023→2024,False,Politechnika Koszalinska,18,1,0.5,0.0071669443045586645,17,Politechnika Bydgoska,True,0.0211495789803124,18,18,False,0.0256288302482822,1.2117891458803705,True,0.6436051688946659,0.7888926207866909,0.8837918517064947,0.69786167273303,0.8198578906799314,0.8787902536955938,0.8508404712823936
2023,2024,2023→2024,False,Politechnika Koszalinska,18,2,0.0,1e-06,16,Politechnika Bialostocka,True,0.041299884733270904,17,18,False,0.06010446558962061,1.4553179985318667,True,1.314037768165697,1.5842901103804319,1.7547800782566458,1.4465062779359383,1.6124132910195377,1.5288309760489005,1.6466025841902265
2023,2024,2023→2024,False,Politechnika Koszalinska,18,2,0.25,0.004174263613698867,16,Politechnika Bialostocka,True,0.05381500728621266,17,18,False,0.06010446558962061,1.1168718285209505,True,1.7360366340181872,2.0312109375002163,2.157612109498419,2.068728951979021,2.0798874254836286,2.0602831204359964,2.077325514701217
2023,2024,2023→2024,False,Politechnika Koszalinska,18,2,0.5,0.008348527227397734,16,Politechnika Bialostocka,True,0.06533334084857816,17,18,False,0.06010446558962061,0.9199662042221841,True,2.108183634370107,2.4706640625013208,2.7224021976618773,2.398654715434645,2.529986639750531,2.4363284900659865,2.5757111716706413
2023,2024,2023→2024,False,Politechnika Koszalinska,18,3,0.0,1e-06,15,Politechnika Opolska,True,0.08911033880043442,16,18,False,0.07977519272452693,0.8952405949570693,True,3.025380431214814,3.3566014586570936,3.544678644522581,3.277560965434112,3.4871964399492974,3.4216041673130135,3.4368238304872403
2023,2024,2023→2024,False,Politechnika Koszalinska,18,3,0.25,0.0011375841813282134,15,Politechnika Opolska,True,0.09260134495120552,16,18,False,0.07977519272452693,0.8614906486138287,True,3.152828987782518,3.4729210116523856,3.699132726675758,3.570529715434123,3.6084138389332834,3.4125147420079993,3.5567410943944666
2023,2024,2023→2024,False,Politechnika Koszalinska,18,3,0.5,0.0022751683626564267,15,Politechnika Opolska,True,0.0957894488845469,15,18,True,0.07977519272452693,0.832818161639894,True,3.2423085588823506,3.6527329302073532,3.893024970007042,3.570529715434123,3.724638324380453,3.595945009568929,3.632228723586328
2023,2024,2023→2024,False,Politechnika Rzeszowska,19,1,0.0,1e-06,18,Politechnika Koszalinska,True,0.06227236455646945,20,20,False,0.06252621333131216,1.0040764274273304,True,2.0301511931151985,2.4882617187477862,2.752672332946293,2.3625825176787574,2.4662907261848055,2.216332245471259,2.0764859577794974
2023,2024,2023→2024,False,Politechnika Rzeszowska,19,1,0.25,7.142620057019877e-05,18,Politechnika Koszalinska,True,0.06218103580391986,20,20,False,0.06252621333131216,1.0055511704321036,True,2.0405570579346026,2.4882617187525713,2.6474162144013103,2.3625825176786797,2.4996379543416882,2.2163322454719747,2.1350797077784174
2023,2024,2023→2024,False,Politechnika Rzeszowska,19,1,0.5,0.00014285240114039754,18,Politechnika Koszalinska,True,0.06271113925087685,20,20,False,0.06252621333131216,0.9970511471841567,True,2.0778844512881034,2.524882812497725,2.6884647949603546,2.4358247051793236,2.4948009922435013,2.1942640164410223,2.1057828327791017
2023,2024,2023→2024,False,Politechnika Rzeszowska,19,2,0.0,1e-06,17,Politechnika Bydgoska,True,0.06340850578656003,20,20,False,0.0894467683543305,1.4106430556086296,True,2.0881310564245887,2.524882812497725,2.729250917637116,2.4358247051793236,2.4987000624400793,2.3261955267216026,2.105782832779357
2023,2024,2023→2024,False,Politechnika Rzeszowska,19,2,0.25,0.0035834721522793322,17,Politechnika Bydgoska,True,0.0736596516704226,19,20,False,0.0894467683543305,1.2143251607344634,True,2.4437377929688835,2.9381737325088695,3.191439865490453,2.802035642678863,2.8947272751481954,2.6557853704714196,2.4866422077791994
2023,2024,2023→2024,False,Politechnika Rzeszowska,19,2,0.5,0.0071669443045586645,17,Politechnika Bydgoska,True,0.08412896762204553,18,20,False,0.0894467683543305,1.0632101032806622,True,2.759594726562459,3.2958253262431847,3.545474642857349,3.3147309551794732,3.312696752865479,3.058617401721592,2.9003572815440193
2023,2024,2023→2024,False,Politechnika Rzeszowska,19,3,0.0,1e-06,16,Politechnika Bialostocka,True,0.10480394534592538,17,20,False,0.12349480447590662,1.1783411785528541,True,3.566784667968828,4.053781640638493,4.4085522453243815,4.085502734495644,4.1235647115077265,3.827660370471947,3.5919543159793452
2023,2024,2023→2024,False,Politechnika Rzeszowska,19,3,0.25,0.004174263613698867,16,Politechnika Bialostocka,True,0.11650616322383675,17,20,False,0.12349480447590662,1.0599851635200017,True,3.9879272460931645,4.54961198603609,4.900622455127712,4.413363767678991,4.584098907970074,4.2099638282348915,4.111288036748964
2023,2024,2023→2024,False,Politechnika Rzeszowska,19,3,0.5,0.008348527227397734,16,Politechnika Bialostocka,True,0.12935591426731613,17,20,False,0.12349480447590662,0.95469005167172,True,4.444165039062392,5.048259578523212,5.351022187147214,4.9993012676802175,5.031010545355624,4.719915905860378,4.569340544817443
2023,2024,2023→2024,False,Politechnika Swietokrzyska,20,1,0.0,1e-06,19,Politechnika Rzeszowska,True,0.0021130477069073524,20,19,False,0.0,0.0,True,0.11176183316228376,0.06847656249889811,0.11066243215498428,-0.016308683830346116,0.09763960923678261,0.021807073249924258,0.07034749717531319
2023,2024,2023→2024,False,Politechnika Swietokrzyska,20,1,0.25,0.005438886803381879,19,Politechnika Rzeszowska,True,0.018373018099370808,19,19,True,0.0,0.0,True,0.5393229166666673,0.6342052361917927,0.8272132098669283,0.7290970660300822,0.6981359090662831,0.7411349688762114,0.6557845948573171
2023,2024,2023→2024,False,Politechnika Swietokrzyska,20,1,0.5,0.010877773606763758,19,Politechnika Rzeszowska,True,0.03291792309829265,19,19,True,0.0,0.0,True,0.9299479166666652,1.2381998061756716,1.5408302611018776,1.2230603072064528,1.3753167362453966,1.1805880938766888,1.1325351837067315
2023,2024,2023→2024,False,Politechnika Swietokrzyska,20,2,0.0,1e-06,18,Politechnika Koszalinska,True,0.06468494487973744,19,19,False,0.012442196279064552,0.19235072863086058,True,2.0378731078364556,2.5220898437477546,2.8354871262651793,2.396223005000686,2.6238729173475637,2.3524630938768274,2.2642644125665856
2023,2024,2023→2024,False,Politechnika Swietokrzyska,20,2,0.25,7.142620057019877e-05,18,Politechnika Koszalinska,True,0.06536808044390847,19,19,False,0.012442196279064552,0.19034054839259115,True,2.058705656844962,2.595332031251113,2.8838893924690634,2.3962230050010525,2.598697617172313,2.389084187627227,2.2882715740248276
2023,2024,2023→2024,False,Politechnika Swietokrzyska,20,2,0.5,0.00014285240114039754,18,Politechnika Koszalinska,True,0.06538028302987574,19,19,False,0.012442196279064552,0.19030502320369352,True,2.096315879029212,2.5843435186205577,2.8838893924632347,2.3962230050005697,2.61650661068058,2.3524630938757785,2.287695398063688
2023,2024,2023→2024,False,Politechnika Swietokrzyska,20,3,0.0,1e-06,17,Politechnika Bydgoska,True,0.06587968222570166,19,19,False,0.038619221590984736,0.5862083769420219,True,2.0230530870359087,2.595332031251113,2.8838893924632347,2.3962230050005697,2.6371087288066475,2.4989474688768,2.3054391205973914
2023,2024,2023→2024,False,Politechnika Swietokrzyska,20,3,0.25,0.0035834721522793322,17,Politechnika Bydgoska,True,0.0761598431529288,19,19,False,0.038619221590984736,0.5070811597318737,True,2.4656740860529456,2.998164062498676,3.3874088541980374,2.7049500307363807,3.0342945283789833,2.7919162188764277,2.6723861573581917
2023,2024,2023→2024,False,Politechnika Swietokrzyska,20,3,0.5,0.0071669443045586645,17,Politechnika Bydgoska,True,0.08699312072502571,18,19,False,0.038619221590984736,0.4439342015681358,True,2.8109492225185737,3.4610260103964006,3.7454744956188057,3.1371678667657497,3.4404691631715725,3.2559385035706487,3.0805079021492348
2023,2024,2023→2024,False,Politechnika Morska w Szczecinie,21,1,0.0,1e-06,20,Politechnika Swietokrzyska,True,0.06646234426988312,21,21,False,0.03191946947824209,0.48026397246276703,True,1.8874942730161142,2.5394127414032077,3.0716488449869295,2.242319339522397,2.6179735193476272,2.3624339757167325,2.6950469516658138
2023,2024,2023→2024,False,Politechnika Morska w Szczecinie,21,1,0.25,0.000191504039477583,20,Politechnika Swietokrzyska,True,0.06690709471524278,21,21,False,0.03191946947824209,0.4770715215492714,True,1.9015380948195284,2.5749023437504626,3.0350277512379176,2.318036456948702,2.6668791295347383,2.3990550694633628,2.6584258579185116
2023,2024,2023→2024,False,Politechnika Morska w Szczecinie,21,1,0.5,0.000383008078955166,20,Politechnika Swietokrzyska,True,0.06762216819635386,21,21,False,0.03191946947824209,0.4720267085426457,True,2.097917200903997,2.5749023437498684,3.054693613145032,2.316546967458427,2.678798511104258,2.3990550694633628,2.6584258579129436
2023,2024,2023→2024,False,Politechnika Morska w Szczecinie,21,2,0.0,1e-06,19,Politechnika Rzeszowska,True,0.0692171703368355,21,21,False,0.08154826272756191,1.1781507728605332,True,1.9831989505709393,2.64814453124681,3.108269938738095,2.5293961379091567,2.707576090673547,2.472297256965411,2.7316680454163023
2023,2024,2023→2024,False,Politechnika Morska w Szczecinie,21,2,0.25,0.005438886803381879,19,Politechnika Rzeszowska,True,0.083774486407421,21,21,False,0.08154826272756191,0.9734259942933905,True,2.467743157687148,3.2340820312510346,3.767449626230479,2.8406979365755203,3.325445856967635,3.0502892806178625,3.317605545416008
2023,2024,2023→2024,False,Politechnika Morska w Szczecinie,21,2,0.5,0.010877773606763758,19,Politechnika Rzeszowska,True,0.09912150267127322,20,21,False,0.08154826272756191,0.8227101136471746,True,2.99459181816164,3.7833984374983034,4.430146138050917,3.4159999044679203,3.9329279854872725,3.6404369178344775,3.8669219516656304
2023,2024,2023→2024,False,Politechnika Morska w Szczecinie,21,3,0.0,1e-06,18,Politechnika Koszalinska,True,0.13017662123412296,20,21,False,0.09367831365309773,0.7196247126787617,True,4.011264828455921,5.007247280876942,5.667970563017777,4.58787490446742,5.11456693120641,4.742805069466193,5.144829933092421
2023,2024,2023→2024,False,Politechnika Morska w Szczecinie,21,3,0.25,7.142620057019877e-05,18,Politechnika Koszalinska,True,0.13020912032208518,20,21,False,0.09367831365309773,0.7194451004766419,True,4.075376691607369,4.959637932658422,5.725602920738426,4.566576070087547,5.121882890731644,4.706183975716504,5.1302484130329065
2023,2024,2023→2024,False,Politechnika Morska w Szczecinie,21,3,0.5,0.00014285240114039754,18,Politechnika Koszalinska,True,0.1304906073130353,20,21,False,0.09367831365309773,0.7178931540135439,True,4.093791545954923,4.9709668247587935,5.744054797691245,4.586425467128041,5.125046246833653,4.706183975717476,5.134648463602853
2023,2024,2023→2024,False,Uniwersytet Radomski,22,1,0.0,1e-06,21,Politechnika Morska w Szczecinie,True,0.071931611924061,22,23,False,0.13869129585647963,1.9280993730947884,True,1.8639322916666674,2.8830055962733026,3.5272222502589767,2.428676775573102,2.9341926934985274,2.6704910203664003,2.423804106875871
2023,2024,2023→2024,False,Uniwersytet Radomski,22,1,0.25,0.005976008780225639,21,Politechnika Morska w Szczecinie,True,0.08901069314744968,22,23,False,0.13869129585647963,1.558141959716369,True,2.413061978345711,3.583679670640799,4.310013083755415,2.9966966113893183,3.615440518464247,3.329670707864424,2.9747077712901664
2023,2024,2023→2024,False,Uniwersytet Radomski,22,1,0.5,0.011952017560451278,21,Politechnika Morska w Szczecinie,True,0.10606512050667552,22,23,False,0.13869129585647963,1.307605131582825,True,2.938151041666664,4.283629306555081,5.076238497010421,3.600551775574079,4.293024726236644,3.9234907874820033,3.599982593662901
2023,2024,2023→2024,False,Uniwersytet Radomski,22,2,0.0,1e-06,20,Politechnika Swietokrzyska,True,0.14077795229091353,21,23,False,0.17231875491848728,1.2240464654749033,True,4.11002604166667,5.561855468750688,6.591533998450105,4.931502304672971,5.63957145121019,5.233967582866994,4.836377771457795
2023,2024,2023→2024,False,Uniwersytet Radomski,22,2,0.25,0.000191504039477583,20,Politechnika Swietokrzyska,True,0.14119270134040462,21,23,False,0.17231875491848728,1.220450868087297,True,4.061197916666668,5.598476562500265,6.58507958838025,4.962857607248508,5.679557657136291,5.28737619235784,4.828102089168159
2023,2024,2023→2024,False,Uniwersytet Radomski,22,2,0.5,0.000383008078955166,20,Politechnika Swietokrzyska,True,0.14144986180490834,21,23,False,0.17231875491848728,1.2182320485837885,True,4.061197916666647,5.5984765624989885,6.650232813744084,4.8391503900612225,5.69774257547731,5.343830864116766,4.85598537598361
2023,2024,2023→2024,False,Uniwersytet Radomski,22,3,0.0,1e-06,19,Politechnika Rzeszowska,True,0.14282191511237596,21,23,False,0.22220632242595276,1.5558279151425403,True,4.256510416666669,5.679581377812504,6.64981173742758,4.885748109224888,5.7299119950946,5.343830864117488,4.911875232885402
2023,2024,2023→2024,False,Uniwersytet Radomski,22,3,0.25,0.005438886803381879,19,Politechnika Rzeszowska,True,0.15897492035176986,21,23,False,0.22220632242595276,1.397744511739766,True,4.66603476809427,6.267005408109788,7.344789939944574,5.594047989873049,6.323844318842725,5.96044335780424,5.56109805710239
2023,2024,2023→2024,False,Uniwersytet Radomski,22,3,0.5,0.010877773606763758,19,Politechnika Rzeszowska,True,0.1749245319002631,20,23,False,0.22220632242595276,1.2702982252520667,True,5.281901041666686,6.916835937501725,7.921753500253481,6.2372705255744645,6.95128851810789,6.565152402689062,6.096348115429093
2023,2024,2023→2024,False,Uniwersytet Bielsko-Bialski,23,1,0.0,1e-06,22,Uniwersytet Radomski,True,0.034998527732481785,22,22,True,0.0,0.0,False,0.8282057303412353,1.563798962724544,1.761312724065367,1.0891637055946952,1.365717022522861,1.1843540850353163,1.2494798249418293
2023,2024,2023→2024,False,Uniwersytet Bielsko-Bialski,23,1,0.25,0.0063978606798131,22,Uniwersytet Radomski,True,0.05336202109008486,22,22,True,0.0,0.0,False,1.2722656250000037,2.273881212414486,2.7143185462041197,1.7901095025784715,2.0665681439282046,1.8801548662855105,1.818833126829686
2023,2024,2023→2024,False,Uniwersytet Bielsko-Bialski,23,1,0.5,0.0127957213596262,22,Uniwersytet Radomski,True,0.07139496412808294,22,22,True,0.0,0.0,False,1.7117187500000037,3.004866497741532,3.6290424022831558,2.4107955704228745,2.7746750709996046,2.5027134600362544,2.4635187897676962
2023,2024,2023→2024,False,Uniwersytet Bielsko-Bialski,23,2,0.0,1e-06,21,Politechnika Morska w Szczecinie,True,0.10781798620201152,22,22,False,0.1327426518343008,1.231173540800415,True,2.834765625000003,4.510722656254174,5.297718161705511,3.6944063775784466,4.214932573910351,3.840014799104796,3.6930800143963856
2023,2024,2023→2024,False,Uniwersytet Bielsko-Bialski,23,2,0.25,0.005976008780225639,21,Politechnika Morska w Szczecinie,True,0.12495634644240959,22,22,False,0.1327426518343008,1.0623122043303324,True,3.4689934917427374,5.139242201909822,6.0748064975501,4.280343877577963,4.867254248720804,4.4436314287866265,4.362856520345751
2023,2024,2023→2024,False,Uniwersytet Bielsko-Bialski,23,2,0.5,0.011952017560451278,21,Politechnika Morska w Szczecinie,True,0.1425486413262266,22,22,False,0.1327426518343008,0.9312095197772913,True,3.908984374999997,5.902324218748123,6.734973158451496,5.01276575257808,5.535832720786532,5.16357083380406,5.02871452846477
2023,2024,2023→2024,False,Uniwersytet Bielsko-Bialski,23,3,0.0,1e-06,20,Politechnika Swietokrzyska,True,0.17658373646756204,21,22,False,0.1664813658547958,0.942789914774388,True,5.148026768623532,7.182380561016977,8.27311876440474,6.111398565078163,6.86736874307437,6.4585316727349795,6.24998547057943
2023,2024,2023→2024,False,Uniwersytet Bielsko-Bialski,23,3,0.25,0.000191504039477583,20,Politechnika Swietokrzyska,True,0.17776531252981623,21,22,False,0.1664813658547958,0.9365233491594274,True,5.193045763942137,7.2651023586225545,8.255619773710798,6.331125127578286,6.874855039950606,6.4212280489346245,6.286606564329847
2023,2024,2023→2024,False,Uniwersytet Bielsko-Bialski,23,3,0.5,0.000383008078955166,20,Politechnika Swietokrzyska,True,0.17804049817268544,21,22,False,0.1664813658547958,0.9350758258007222,True,5.201529541666343,7.196989527937891,8.304475340690542,6.331125127578508,6.9073550433512265,6.454072754132234,6.302186698438075
2024,2025,2024→2025,False,Politechnika Gdanska,2,1,0.0,1e-06,1,Politechnika Warszawska,True,0.0867757904594754,2,2,False,0.058898680026373273,0.6787455316109067,True,5.5513947510550725,2.7707150206082165,1.3411215723678094,2.5048005248068383,2.2152948753382584,4.085298362551032,2.6712742005449375
2024,2025,2024→2025,False,Politechnika Gdanska,2,1,0.25,0.006169563142949086,1,Politechnika Warszawska,True,0.10831996292045352,2,2,False,0.058898680026373273,0.5437472321664886,True,6.997641134713195,3.3780420713520165,1.644730271913697,3.076289585799974,2.735869167404459,5.023930759940148,3.4728141787248035
2024,2025,2024→2025,False,Politechnika Gdanska,2,1,0.5,0.012339126285898172,1,Politechnika Warszawska,True,0.13017704949926379,2,2,False,0.058898680026373273,0.45245056830625413,True,8.491101748091479,4.090958621728735,1.8782309473671543,3.679975515946299,3.276749249461053,6.053480312439946,4.02171729434645
2024,2025,2024→2025,False,AGH,3,1,0.0,1e-06,2,Politechnika Gdanska,True,0.015613423854690996,3,3,False,0.03387087018479812,2.1693429000597932,True,0.7914284130482119,0.4816992187539282,0.5337297268430241,0.4169725583439199,0.42479983469858595,0.5093066572068983,0.825115305864077
2024,2025,2024→2025,False,AGH,3,1,0.25,0.006169563142949086,2,Politechnika Gdanska,True,0.034643011246742295,3,3,False,0.03387087018479812,0.9777114911736553,True,1.7690467176553537,1.112852577816581,0.9031731537544885,0.9366181706950583,0.9694851814133321,1.1041690413783223,1.94456910418776
2024,2025,2024→2025,False,AGH,3,1,0.5,0.012339126285898172,2,Politechnika Gdanska,True,0.05400874978050702,3,3,False,0.03387087018479812,0.6271367199287194,True,2.7426517931180507,1.836679687499232,1.5121853059950285,1.3053487664333785,1.5073034182137013,1.8531081557340734,2.928703836625507
2024,2025,2024→2025,False,AGH,3,2,0.0,1e-06,1,Politechnika Warszawska,True,0.09278942569925476,3,3,False,0.08275356753035447,0.8918426524006292,True,4.801653042779069,3.0019901351443945,2.482644290337499,2.383889379884041,2.522680779193154,2.9853224384922217,5.187334467517629
2024,2025,2024→2025,False,AGH,3,2,0.25,0.006169563142949086,1,Politechnika Warszawska,True,0.11236830265940442,3,3,False,0.08275356753035447,0.7364493862756464,True,5.908075019187958,3.594492187519238,2.977029055988145,2.9240934945424124,3.020493280629799,3.5394915239768565,6.275047827340346
2024,2025,2024→2025,False,AGH,3,2,0.5,0.012339126285898172,1,Politechnika Warszawska,True,0.1315641020074415,2,3,False,0.08275356753035447,0.628998079777672,True,6.822048938753994,4.3269140624986875,3.402075070826427,3.1839816819094424,3.508137115898069,4.2763863808229825,7.451324157687539
2024,2025,2024→2025,False,Politechnika Poznanska,4,1,0.0,1e-06,3,AGH,True,0.17363880099573048,4,5,False,0.2026365036242558,1.167000131665493,True,10.585429687500127,5.297851562499146,4.141637333250115,0.15091808501719317,5.328813627471362,8.226314616471575,6.9383958053004235
2024,2025,2024→2025,False,Politechnika Poznanska,4,1,0.25,0.0012337679115607125,3,AGH,True,0.17759496820373896,4,5,False,0.2026365036242558,1.141003631317915,True,10.884234197075013,5.44892705437986,4.180164003377518,0.15091808501719317,5.451822871451095,8.3891288152942,7.0459892809559
2024,2025,2024→2025,False,Politechnika Poznanska,4,1,0.5,0.002467535823121425,3,AGH,True,0.1820689579051304,4,5,False,0.2026365036242558,1.1129656914378696,True,11.141664178630503,5.6521399349997115,4.255519005110287,0.15091808501719317,5.538274362398232,8.622961157403342,7.228245119382737
2024,2025,2024→2025,False,Politechnika Poznanska,4,2,0.0,1e-06,2,Politechnika Gdanska,True,0.18970385248228117,4,5,False,0.23778393576972653,1.2534481121933787,True,11.704164232787237,5.725197962380301,4.423057679104958,0.15091808501719317,5.785925026323402,8.954101378048307,7.541292261278221
2024,2025,2024→2025,False,Politechnika Poznanska,4,2,0.25,0.006169563142949086,2,Politechnika Gdanska,True,0.20963641344377643,4,5,False,0.23778393576972653,1.1342682879541781,True,13.030335785415406,6.310509547504928,4.787813007501496,0.15091808501719317,6.347063349702542,9.822514593201781,8.375508415844768
2024,2025,2024→2025,False,Politechnika Poznanska,4,2,0.5,0.012339126285898172,2,Politechnika Gdanska,True,0.2298314201189348,4,5,False,0.23778393576972653,1.0346015163926516,True,14.313744897465549,6.870436895174636,5.171723132776007,0.15091808501719317,6.915843680632894,10.878777735818401,9.120988178251366
2024,2025,2024→2025,False,Politechnika Poznanska,4,3,0.0,1e-06,1,Politechnika Warszawska,True,0.27037177280356006,3,5,False,0.28771941415982616,1.0641621763114677,True,17.03537311800292,7.9752179219794606,5.821141648829531,0.15091808501719317,8.005945058091912,12.837123199592993,10.696053591765608
2024,2025,2024→2025,False,Politechnika Poznanska,4,3,0.25,0.006169563142949086,1,Politechnika Warszawska,True,0.29120488032359765,3,5,False,0.28771941415982616,0.9880308799773606,True,18.458964843752508,8.447874355410768,6.116088504808093,0.15091808501719317,8.50703027861065,13.896516304172524,11.532164349971264
2024,2025,2024→2025,False,Politechnika Poznanska,4,3,0.5,0.012339126285898172,1,Politechnika Warszawska,True,0.3117284944584106,2,5,False,0.28771941415982616,0.9229807966695595,True,19.90087114388251,8.929137517733277,6.383737822444369,0.15091808501719317,9.03729285727264,14.938133674430398,12.262829557639265
2024,2025,2024→2025,False,Politechnika Lodzka,5,1,0.0,1e-06,4,Politechnika Poznanska,True,0.011387736581171697,7,7,False,0.05416982958977331,4.756856571422354,True,0.6102177664201403,0.3565623065244661,0.30909754421708513,0.3801417662729567,0.3847982275506645,0.4695667618966115,0.434386198471326
2024,2025,2024→2025,False,Politechnika Lodzka,5,1,0.25,0.01356134956561858,4,Politechnika Poznanska,True,0.05320830891801123,7,7,False,0.05416982958977331,1.0180708744802185,True,3.179461127289371,1.693972436544422,1.377401264946554,1.6059822657164213,1.776217096105126,1.937296854524917,1.9870194125645613
2024,2025,2024→2025,False,Politechnika Lodzka,5,1,0.5,0.02712269913123716,4,Politechnika Poznanska,True,0.09456332374106875,5,7,False,0.05416982958977331,0.5728418529164644,True,5.752923410207483,2.9961075355969813,2.3699485665341524,2.6188362549799504,3.1725506242011647,3.4892395287392075,3.5545188634409253
2024,2025,2024→2025,False,Politechnika Lodzka,5,2,0.0,1e-06,3,AGH,True,0.18008584931291954,4,7,False,0.22333633298441596,1.240165919957119,True,11.448469111434042,5.595168921728755,4.021648371908881,4.911084792347598,5.778249480419473,6.488790616885643,6.793437331481078
2024,2025,2024→2025,False,Politechnika Lodzka,5,2,0.25,0.0012337679115607125,3,AGH,True,0.18358055740859008,4,7,False,0.22333633298441596,1.216557658049499,True,11.676910275643257,5.757641154658588,4.036526920257821,4.987434757211329,5.92632084356951,6.632878202720649,6.872636925139153
2024,2025,2024→2025,False,Politechnika Lodzka,5,2,0.5,0.002467535823121425,3,AGH,True,0.18795021211698232,4,7,False,0.22333633298441596,1.188273907588936,True,11.958212403183314,5.897261362147566,4.1194394454338585,5.19673884915356,6.0229290227946315,6.7676599024103385,7.030186079745526
2024,2025,2024→2025,False,Politechnika Lodzka,5,3,0.0,1e-06,2,Politechnika Gdanska,True,0.19538270554334017,4,7,False,0.25958564774137616,1.3286009476606124,True,12.48293622378062,6.146643338647417,4.350821164624829,5.196679179598918,6.263426893229084,7.063499498960068,7.285632040803591
2024,2025,2024→2025,False,Politechnika Lodzka,5,3,0.25,0.006169563142949086,2,Politechnika Gdanska,True,0.21420887430672117,4,7,False,0.25958564774137616,1.2118342369405337,True,13.812477247216329,6.682805978738848,4.6070212437814835,5.619983651764349,6.86376334329919,7.641697170177997,8.068107027234683
2024,2025,2024→2025,False,Politechnika Lodzka,5,3,0.5,0.012339126285898172,2,Politechnika Gdanska,True,0.23456964182090162,4,7,False,0.25958564774137616,1.1066463917763696,True,15.328578344203377,7.170687265233788,4.954294722299302,6.22851453884995,7.4074309934309195,8.34067216970773,8.721744264116438
2024,2025,2024→2025,False,Politechnika Wroclawska,6,1,0.0,1e-06,5,Politechnika Lodzka,True,0.04754402861687045,7,4,False,0.0,0.0,True,2.2042005245645315,1.475947077851636,1.2588601164101543,1.7012796189408763,1.7478816897761096,1.9157019271895392,2.0888612764624948
2024,2025,2024→2025,False,Politechnika Wroclawska,6,1,0.25,0.0009189943721688576,5,Politechnika Lodzka,True,0.05015775577634487,7,4,False,0.0,0.0,True,2.179533373699244,1.6886641457643181,1.3045173699810508,1.790628087495294,1.8433415870804937,2.0940225358568765,2.2056969912682023
2024,2025,2024→2025,False,Politechnika Wroclawska,6,1,0.5,0.0018379887443377152,5,Politechnika Lodzka,True,0.05270429692655784,7,4,False,0.0,0.0,True,2.298826203952453,1.786801441446273,1.373165417172928,1.847082053333493,1.9343488331667436,2.1976573466482963,2.3305512742219756
2024,2025,2024→2025,False,Politechnika Wroclawska,6,2,0.0,1e-06,4,Politechnika Poznanska,True,0.05798774032063768,7,4,False,0.0,0.0,True,2.6058798616860726,1.946516041918267,1.5189736276805643,2.106682659453163,2.1296891620754987,2.356065568683119,2.4928361598238356
2024,2025,2024→2025,False,Politechnika Wroclawska,6,2,0.25,0.01356134956561858,4,Politechnika Poznanska,True,0.095722991392417,6,4,False,0.0,0.0,True,4.297458465194587,3.173332385029859,2.4063517817534685,3.445236271296792,3.531719493887786,3.893378471420428,4.2188982871528555
2024,2025,2024→2025,False,Politechnika Wroclawska,6,2,0.5,0.02712269913123716,4,Politechnika Poznanska,True,0.13419224973385277,4,4,True,0.0,0.0,True,5.99827491392178,4.286977745106013,3.1791298776784216,4.827295058074488,4.900642705026559,5.647235445741239,6.033316442677711
2024,2025,2024→2025,False,Politechnika Wroclawska,6,3,0.0,1e-06,3,AGH,True,0.21129329372629746,4,4,False,0.1602453231906092,0.7584023154004397,True,9.670084635408898,6.606799298813481,4.540136420082619,7.521847503460499,7.597161446167111,8.987785657463787,9.674711585591862
2024,2025,2024→2025,False,Politechnika Wroclawska,6,3,0.25,0.0012337679115607125,3,AGH,True,0.21416324978420978,4,4,False,0.1602453231906092,0.7482391276377804,True,9.81286313410909,6.7740451825035075,4.5463173776953525,7.538331588116409,7.752452143057087,9.13767712461836,9.766570650063894
2024,2025,2024→2025,False,Politechnika Wroclawska,6,3,0.5,0.002467535823121425,3,AGH,True,0.21742211620072857,4,4,False,0.1602453231906092,0.7370240249279305,True,9.96073612557214,6.93046260106327,4.595145502682985,7.620040958801244,7.8817508602749164,9.252548502476532,9.927948090378763
2024,2025,2024→2025,False,Politechnika Slaska,7,1,0.0,1e-06,6,Politechnika Wroclawska,True,0.0627228445128295,8,6,False,0.0,0.0,True,3.057361788335633,2.1479296875014597,1.8691752106012705,2.0659979448107046,2.1935503795398104,2.3266330154517956,2.7190883138513477
2024,2025,2024→2025,False,Politechnika Slaska,7,1,0.25,0.004236675875538054,6,Politechnika Wroclawska,True,0.07462898748251286,8,6,False,0.0,0.0,True,3.6408901114357075,2.4775195312538467,2.1825516259240896,2.612274934564529,2.6581334699784964,2.727347577374295,3.1951625326027857
2024,2025,2024→2025,False,Politechnika Slaska,7,1,0.5,0.008473351751076108,6,Politechnika Wroclawska,True,0.08667058554577019,7,6,False,0.0,0.0,True,4.222550270953618,2.883035971988668,2.478702548718381,3.021714616784499,3.0982066723762913,3.189533471547501,3.7322034886598354
2024,2025,2024→2025,False,Politechnika Slaska,7,2,0.0,1e-06,5,Politechnika Lodzka,True,0.11084193099564608,7,6,False,0.012535275094779821,0.11309145358783232,True,5.455533854166705,3.7599087691006283,3.064726900851955,3.6076521167833664,3.9454976227355942,4.165225487486812,4.8616677650121005
2024,2025,2024→2025,False,Politechnika Slaska,7,2,0.25,0.0009189943721688576,5,Politechnika Lodzka,True,0.11301337270578257,7,6,False,0.012535275094779821,0.11091851162971643,True,5.607945764714834,3.78069584113091,3.2148804149130683,3.697232429006636,4.059979040792117,4.143261486617044,4.931782445099165
2024,2025,2024→2025,False,Politechnika Slaska,7,2,0.5,0.0018379887443377152,5,Politechnika Lodzka,True,0.11614833093695652,7,6,False,0.012535275094779821,0.10792471138981559,True,5.828987315181877,3.844292004438976,3.251885429069601,3.8273786792841658,4.1354846762632125,4.289745861615746,5.041917710075361
2024,2025,2024→2025,False,Politechnika Slaska,7,3,0.0,1e-06,4,Politechnika Poznanska,True,0.1211348402987594,7,6,False,0.0499188537471874,0.4120932807115662,True,6.064309613305696,3.977548022353783,3.391773905804052,3.973863054281501,4.3277109116161006,4.455202564851557,5.316589748630163
2024,2025,2024→2025,False,Politechnika Slaska,7,3,0.25,0.01356134956561858,4,Politechnika Poznanska,True,0.16070510519406556,6,6,False,0.0499188537471874,0.31062394493881196,True,8.231727303376518,5.224101562502104,4.333484758043971,5.37025379885705,5.6658812340559255,5.77781497883616,7.078464856269107
2024,2025,2024→2025,False,Politechnika Slaska,7,3,0.5,0.02712269913123716,4,Politechnika Poznanska,True,0.19966202303892255,5,6,False,0.0499188537471874,0.2500167682737348,True,10.370525472369874,6.289800233266895,5.230386758596817,6.46409742928239,7.011119461248228,7.369536227300822,8.884395723251115
2024,2025,2024→2025,False,PJATK,8,1,0.0,1e-06,7,Politechnika Slaska,True,0.16055859472544287,9,8,False,0.1318730101213894,0.8213388411059143,True,7.297294434807824,4.921692274548728,5.076624086547021,7.593640795208523,4.88239247726715,7.208713567652349,4.591106864707662
2024,2025,2024→2025,False,PJATK,8,1,0.25,0.005421693095120639,7,Politechnika Slaska,True,0.18097079568163255,9,8,False,0.1318730101213894,0.7286977416697833,True,8.273580586558202,5.467791772169395,5.738594885163762,8.5907577728517,5.449350421733012,8.200187075956157,5.048200455904672
2024,2025,2024→2025,False,PJATK,8,1,0.5,0.010843386190241278,7,Politechnika Slaska,True,0.20253536176346554,9,8,False,0.1318730101213894,0.6511110404285826,True,9.305443543536754,6.030698211985664,6.251971283579783,9.818547489645024,5.991386932913267,9.257030900363196,5.4922462593458015
2024,2025,2024→2025,False,PJATK,8,2,0.0,1e-06,6,Politechnika Wroclawska,True,0.24470497097804658,8,8,False,0.13536411016137248,0.5531727027054,True,11.444751064603004,7.134052783989286,7.455851110692436,11.97694306991322,7.050037931441211,11.25027605203378,6.451322731944876
2024,2025,2024→2025,False,PJATK,8,2,0.25,0.004236675875538054,6,Politechnika Wroclawska,True,0.26045753718928344,8,8,False,0.13536411016137248,0.5197166172349957,True,12.278212890625806,7.567142255479419,7.870404365254635,12.738501194848514,7.4846309817417245,11.962157997655316,6.858537061748981
2024,2025,2024→2025,False,PJATK,8,2,0.5,0.008473351751076108,6,Politechnika Wroclawska,True,0.27735601663853815,8,8,False,0.13536411016137248,0.4880518252386953,True,13.218881965174104,8.000765422818423,8.297785623739385,13.455415130918963,7.872798900330169,12.956648500064722,7.124280062829536
2024,2025,2024→2025,False,PJATK,8,3,0.0,1e-06,5,Politechnika Lodzka,True,0.31167549649705306,8,8,False,0.15309021731667993,0.491184642479995,True,14.939529312724487,8.731679687499172,9.20350862587287,15.442282340426411,8.651079733348544,14.579330537323475,7.8369426780318445
2024,2025,2024→2025,False,PJATK,8,3,0.25,0.0009189943721688576,5,Politechnika Lodzka,True,0.3149487762018351,8,8,False,0.15309021731667993,0.48607973386304565,True,14.9461335462519,8.87816406250007,9.2147316988618,15.663642116390278,8.772083264490039,14.811244638065174,7.945768310688884
2024,2025,2024→2025,False,PJATK,8,3,0.5,0.0018379887443377152,5,Politechnika Lodzka,True,0.3189322143587782,8,8,False,0.15309021731667993,0.4800086363946393,True,15.203929630471317,8.785542816345904,9.407597359968422,15.878487528286275,8.839647603925037,15.028959338362553,8.012121563157038
2024,2025,2024→2025,False,Politechnika Krakowska,9,1,0.0,1e-06,8,PJATK,True,0.01815587470864474,10,9,False,0.04183349468757754,2.3041299501620234,True,0.7507936305238522,0.730733068269318,0.6694126796782163,0.703527728990716,0.6068657502870778,0.6869289634022113,0.6445726730613388
2024,2025,2024→2025,False,Politechnika Krakowska,9,1,0.25,0.011086362774767627,8,PJATK,True,0.052948321295413624,9,9,False,0.04183349468757754,0.7900816053105192,True,2.308545078319757,1.8214210301700118,1.6640115029579183,2.248177552768932,1.8256865596264715,2.025165163578735,2.0323952341312843
2024,2025,2024→2025,False,Politechnika Krakowska,9,1,0.5,0.022172725549535255,8,PJATK,True,0.08857031269065119,9,9,False,0.04183349468757754,0.4723196002896484,True,3.9466796874996852,3.1216888419442035,2.609646599102755,3.5615603491029493,2.9621198735833465,3.5046184133373903,3.546027250101713
2024,2025,2024→2025,False,Politechnika Krakowska,9,2,0.0,1e-06,7,Politechnika Slaska,True,0.16069596335151445,9,9,False,0.13427091136390307,0.8355587070360448,True,7.440114185836514,5.572521735678837,4.352369674825773,6.625530199306939,5.247341537604222,6.381541124261908,6.381551240931172
2024,2025,2024→2025,False,Politechnika Krakowska,9,2,0.25,0.005421693095120639,7,Politechnika Slaska,True,0.17887220924385658,9,9,False,0.13427091136390307,0.7506527253814563,True,8.327770339773155,6.124453604100744,4.687496329119833,7.504559793851478,5.778670203759129,7.082249272922775,7.1588866448882404
2024,2025,2024→2025,False,Politechnika Krakowska,9,2,0.5,0.010843386190241278,7,Politechnika Slaska,True,0.1960445846649243,9,9,False,0.13427091136390307,0.684899874145447,True,9.21040936458585,6.767320466073123,5.1593008719712286,8.107552552768338,6.320135189946363,7.664125179445813,7.9166159021267895
2024,2025,2024→2025,False,Politechnika Krakowska,9,3,0.0,1e-06,6,Politechnika Wroclawska,True,0.2331510772344651,9,9,False,0.13662998312584845,0.5860148052777318,True,11.124414062499794,7.858765655269783,5.705325991665189,9.865365052769082,7.340352556596286,9.201090146475032,9.469131663635611
2024,2025,2024→2025,False,Politechnika Krakowska,9,3,0.25,0.004236675875538054,6,Politechnika Wroclawska,True,0.24758360149508093,9,9,False,0.13662998312584845,0.5518539285347743,True,11.856835937500126,8.342070312497707,6.043768285255203,10.45130255276881,7.71558659184346,9.769044800541781,10.10348102580021
2024,2025,2024→2025,False,Politechnika Krakowska,9,3,0.5,0.008473351751076108,6,Politechnika Wroclawska,True,0.2614631272437702,8,9,False,0.13662998312584845,0.5225592784961379,True,12.614552281670043,8.75366145881149,6.330983249212673,11.030340598407824,8.135343237464177,10.324502932884283,10.646465040437858
2024,2025,2024→2025,False,WAT,10,1,0.0,1e-06,9,Politechnika Krakowska,True,0.036818409831263395,12,13,False,0.22418199762242608,6.0888560546161274,True,1.6319146831312878,1.2871679687475934,1.2913728627418908,1.3772312849551938,1.3220442170850166,1.2308277494160857,1.552049731385341
2024,2025,2024→2025,False,WAT,10,1,0.25,0.0014221739389599364,9,Politechnika Krakowska,True,0.04173874215339249,12,13,False,0.22418199762242608,5.371076991217014,True,1.7963281249999068,1.4671459854850077,1.4883552649795795,1.5781448964287514,1.4721267208031352,1.4271647154944778,1.7698064792264157
2024,2025,2024→2025,False,WAT,10,1,0.5,0.0028443478779198728,9,Politechnika Krakowska,True,0.046291939918229885,12,13,False,0.22418199762242608,4.84278684406878,True,2.0404687499999663,1.5663515873846845,1.6626423247971478,1.685486387630808,1.625157938699362,1.5699847768861463,2.025150021710415
2024,2025,2024→2025,False,WAT,10,2,0.0,1e-06,8,PJATK,True,0.05627445794540338,11,13,False,0.2699486846814032,4.797001953236108,True,2.433219912875342,2.020959220959917,1.9396863591478963,2.1640823964267417,1.937774449468288,1.9361957143882114,2.390366373901248
2024,2025,2024→2025,False,WAT,10,2,0.25,0.011086362774767627,8,PJATK,True,0.09235833191877481,10,13,False,0.2699486846814032,2.9228406259958386,True,4.188906249999986,3.051296965588657,3.1384264031191433,3.5089495679147653,3.2011778987761974,3.127427085191359,4.031436286724621
2024,2025,2024→2025,False,WAT,10,2,0.5,0.022172725549535255,8,PJATK,True,0.12943809183832755,10,13,False,0.2699486846814032,2.085542832465253,True,5.946718750000012,4.381826125227262,4.278633441607271,4.9043500787505465,4.392406585625308,4.246395992506812,5.7700835126490375
2024,2025,2024→2025,False,WAT,10,3,0.0,1e-06,7,Politechnika Slaska,True,0.20383522737763504,10,13,False,0.3714998612477242,1.822549841002044,True,9.90334055957913,6.634529882033369,6.29432427430372,7.636166540152117,6.676967560107416,6.3093809181450355,9.543328420331958
2024,2025,2024→2025,False,WAT,10,3,0.25,0.005421693095120639,7,Politechnika Slaska,True,0.22303119470022134,10,13,False,0.3714998612477242,1.665685653287475,True,11.074242424370912,7.07443252368013,6.908549763244909,8.372318859805633,7.183792619978169,6.857563976719994,10.406048926710454
2024,2025,2024→2025,False,WAT,10,3,0.5,0.010843386190241278,7,Politechnika Slaska,True,0.24146657899384408,10,13,False,0.3714998612477242,1.5385146167875894,True,12.021609295654814,7.575684945562921,7.412991076477926,9.132844592058992,7.705358817021457,7.264412200513004,11.430024894874258
2024,2025,2024→2025,False,Politechnika Lubelska,11,1,0.0,1e-06,10,WAT,True,0.04151519097871207,13,10,False,0.0,0.0,True,1.75226995133472,1.5681405145450689,1.5196025491226783,1.3576531789391444,1.529606929682703,1.6270344027229655,1.6019499978838225
2024,2025,2024→2025,False,Politechnika Lubelska,11,1,0.25,0.0028362095511090535,10,WAT,True,0.050461763965783245,13,10,False,0.0,0.0,True,2.173041925282683,1.8778956907697486,1.6791401295930264,1.7099316364915906,1.8534949709157589,2.07558517562918,1.9309110767071147
2024,2025,2024→2025,False,Politechnika Lubelska,11,1,0.5,0.005672419102218107,10,WAT,True,0.05850971133985748,13,10,False,0.0,0.0,True,2.569869250614415,2.1795117187511592,2.01007399321379,1.8145282307965194,2.184776489508289,2.3687419615051217,2.2720622714732244
2024,2025,2024→2025,False,Politechnika Lubelska,11,2,0.0,1e-06,9,Politechnika Krakowska,True,0.07673020310342525,11,10,False,0.1497377499696807,1.9514838214079533,True,3.3819270833333634,2.8020703124987723,2.570238153561011,2.56284814653166,2.8007236340782504,3.1309616360646055,2.960561335382855
2024,2025,2024→2025,False,Politechnika Lubelska,11,2,0.25,0.0014221739389599364,9,Politechnika Krakowska,True,0.08016949781746649,11,10,False,0.1497377499696807,1.8677645993319096,True,3.528411458333594,2.985175781233318,2.626401988842997,2.6116762715473696,3.0004768409492844,3.2474601756302235,3.1052894742916615
2024,2025,2024→2025,False,Politechnika Lubelska,11,2,0.5,0.0028443478779198728,9,Politechnika Krakowska,True,0.08510983289339728,11,10,False,0.1497377499696807,1.7593472443687195,True,3.8327537972979053,3.2378607097489187,2.7681015267656206,2.7581606465398867,3.1414363662086275,3.44563056370103,3.2019157181179203
2024,2025,2024→2025,False,Politechnika Lubelska,11,3,0.0,1e-06,8,PJATK,True,0.09359987407349162,10,10,False,0.19161189143351395,2.0471383463942106,True,4.252568095931976,3.4780272878420337,3.054832289149667,2.8944473181191754,3.4405958483565313,3.7739508030882774,3.692983210382228
2024,2025,2024→2025,False,Politechnika Lubelska,11,3,0.25,0.011086362774767627,8,PJATK,True,0.12771017788741493,10,10,False,0.19161189143351395,1.5003650813362164,True,5.819617408147902,4.767992668884813,4.018025160115868,3.882755664252169,4.682009096878392,5.314330914203707,5.011342585383138
2024,2025,2024→2025,False,Politechnika Lubelska,11,3,0.5,0.022172725549535255,8,PJATK,True,0.1621695480422254,10,10,False,0.19161189143351395,1.1815528485262994,True,7.617305614950347,5.936504466677627,4.939684223194507,4.711285646542263,5.869509270210949,6.836327363130129,6.476186335382356
2024,2025,2024→2025,False,ZUT,12,1,0.0,1e-06,11,Politechnika Lubelska,True,0.04559226065689336,13,11,False,0.0,0.0,True,1.8629947916666674,1.7012120753042037,1.6759211341469515,1.770321457485735,1.6780131000542875,1.6613285132470512,1.703872088957037
2024,2025,2024→2025,False,ZUT,12,1,0.25,0.0033899786327886983,11,Politechnika Lubelska,True,0.05633662982431599,13,11,False,0.0,0.0,True,2.2294563064809183,2.0529882812597045,2.0256110583814713,2.1398709453119,2.016916728760365,2.1649264228440046,2.2618388458539638
2024,2025,2024→2025,False,ZUT,12,1,0.5,0.0067799572655773965,11,Politechnika Lubelska,True,0.06622855111552584,13,11,False,0.0,0.0,True,2.693072916666659,2.455820312503487,2.4953306012978405,2.4700967630848556,2.4039871348735864,2.4118803054449356,2.579562192625601
2024,2025,2024→2025,False,ZUT,12,2,0.0,1e-06,10,WAT,True,0.08681068008295392,13,11,False,0.03032740053606043,0.3493510303925783,True,3.7015433855146016,3.1602959365984007,3.0061313682444246,3.3023410949937104,3.15291194035644,3.1316105364788904,3.4614920419188175
2024,2025,2024→2025,False,ZUT,12,2,0.25,0.0028362095511090535,10,WAT,True,0.09564891584676326,13,11,False,0.03032740053606043,0.3170699873341712,True,4.031466626826815,3.4121866771738563,3.3341299193225593,3.747860519986074,3.4645553428521603,3.4504286347846413,3.810502284462175
2024,2025,2024→2025,False,ZUT,12,2,0.5,0.005672419102218107,10,WAT,True,0.10487940486254396,13,11,False,0.03032740053606043,0.28916449874794614,True,4.4723951113043805,3.7948306980943536,3.5814810716125023,4.040829269986334,3.754699477658807,3.9221969353186115,4.1179039282072285
2024,2025,2024→2025,False,ZUT,12,3,0.0,1e-06,9,Politechnika Krakowska,True,0.12221051337600881,11,11,False,0.17796537753465225,1.4562198670019555,True,5.245115404647966,4.499703948167289,4.111063121270286,4.626766769985763,4.3571453005770255,4.535429055711548,4.871640580584996
2024,2025,2024→2025,False,ZUT,12,3,0.25,0.0014221739389599364,9,Politechnika Krakowska,True,0.12694937209800058,11,11,False,0.17796537753465225,1.4018610300590462,True,5.47627604166678,4.543222656241619,4.2893770417385735,4.929983894665596,4.496289231611062,4.6533244789778045,5.094842215734813
2024,2025,2024→2025,False,ZUT,12,3,0.5,0.0028443478779198728,9,Politechnika Krakowska,True,0.1308743481130228,11,11,False,0.17796537753465225,1.3598186359710596,True,5.6471744791667895,4.7080175781153315,4.415980039810375,5.052759020335168,4.666325137190874,4.763187760227227,5.26603640999102
2024,2025,2024→2025,False,Politechnika Opolska,13,1,0.0,1e-06,12,ZUT,True,0.012138866368767855,13,12,False,0.0,0.0,True,0.500554642126811,0.479804687500307,0.35407882361406795,0.5624310538123622,0.4176336880982068,0.4992904980445412,0.3568527382402764
2024,2025,2024→2025,False,Politechnika Opolska,13,1,0.25,0.00376053580036137,12,ZUT,True,0.022719637079080604,13,12,False,0.0,0.0,True,0.8045614792445622,0.8826367187509732,0.856675126734141,0.9280475595002446,0.8389648377462033,0.9015786680528881,0.7896718937367653
2024,2025,2024→2025,False,Politechnika Opolska,13,1,0.5,0.00752107160072274,12,ZUT,True,0.033525864218783286,13,12,False,0.0,0.0,True,1.3278871435145556,1.267158203118679,1.2533929207606098,1.210403157104445,1.2377609927379463,1.2771460653389854,1.2929182397294237
2024,2025,2024→2025,False,Politechnika Opolska,13,2,0.0,1e-06,11,Politechnika Lubelska,True,0.055588209427040104,13,12,False,0.019276351224316462,0.34677050084904787,True,2.2644228735940066,2.0559906170428355,2.0105417650465363,2.011747118260898,2.0647619431767184,2.1346644394554746,2.1532169183170247
2024,2025,2024→2025,False,Politechnika Opolska,13,2,0.25,0.0033899786327886983,11,Politechnika Lubelska,True,0.06559553543190275,13,12,False,0.019276351224316462,0.29386681726728164,True,2.7322395833333477,2.393762142631539,2.3971976891405733,2.3340532951075965,2.427159148033431,2.504087929862048,2.544915109421897
2024,2025,2024→2025,False,Politechnika Opolska,13,2,0.5,0.0067799572655773965,11,Politechnika Lubelska,True,0.07607139999800488,13,12,False,0.019276351224316462,0.25339813944297096,True,3.11890439460299,2.7630062286349566,2.7147929017726558,2.8463715375195875,2.7987610744259706,2.9788358824847316,2.8858885527334124
2024,2025,2024→2025,False,Politechnika Opolska,13,3,0.0,1e-06,10,WAT,True,0.096100865955845,13,12,False,0.05073903059595307,0.527976830294806,True,3.943238372241976,3.569413982640668,3.424389898734892,3.5653180148620955,3.5273642021344753,3.6855644771093763,3.6878580341103917
2024,2025,2024→2025,False,Politechnika Opolska,13,3,0.25,0.0028362095511090535,10,WAT,True,0.10495675904871896,13,12,False,0.05073903059595307,0.48342794743119843,True,4.490052083333273,3.848945312500107,3.7195862866503115,3.912728687559397,3.812000547904093,3.9380015246921696,4.000036607140012
2024,2025,2024→2025,False,Politechnika Opolska,13,3,0.5,0.005672419102218107,10,WAT,True,0.11390555613357836,13,12,False,0.05073903059595307,0.4454482495695892,True,4.889032538931324,4.141914062499053,4.022572378118728,4.163418495341342,4.09468696102675,4.441028512686768,4.322305894923168
2024,2025,2024→2025,False,Uniwersytet Morski w Gdyni,14,1,0.0,1e-06,13,Politechnika Opolska,True,0.031729915893621646,14,18,False,0.2306665208773369,7.2696858589437845,True,1.2171093749999855,1.203050666621086,1.201194719133103,1.0973897216562334,1.2052946152886768,1.2479360095413117,1.2173648347841208
2024,2025,2024→2025,False,Uniwersytet Morski w Gdyni,14,1,0.25,0.0009619876658833737,13,Politechnika Opolska,True,0.03463880121722546,14,18,False,0.2306665208773369,6.659194682598578,True,1.2810614200244848,1.327625710071778,1.25328170976301,1.2997491408251238,1.3466852264316098,1.3860735916712608,1.2648846334848445
2024,2025,2024→2025,False,Uniwersytet Morski w Gdyni,14,1,0.5,0.0019239753317667474,13,Politechnika Opolska,True,0.03810993897816266,14,18,False,0.2306665208773369,6.05266046239305,True,1.399265862511624,1.424898182015577,1.5361890373347231,1.4340005047663362,1.4205650580520701,1.3960742781312707,1.4670146644718303
2024,2025,2024→2025,False,Uniwersytet Morski w Gdyni,14,2,0.0,1e-06,12,ZUT,True,0.0444482117120528,14,18,False,0.23537938532502645,5.295587297187027,True,1.6612565843481357,1.6877499068818635,1.6212879361372279,1.692182571473888,1.6339906075908295,1.6479098328744557,1.8084727000238194
2024,2025,2024→2025,False,Uniwersytet Morski w Gdyni,14,2,0.25,0.00376053580036137,12,ZUT,True,0.056244942337784175,14,18,False,0.23537938532502645,4.184898686737625,True,2.1607981543681496,2.0865260107425287,2.0627066482549306,2.113994386084095,2.101146566426182,2.201046296193443,2.1515443884891545
2024,2025,2024→2025,False,Uniwersytet Morski w Gdyni,14,2,0.5,0.00752107160072274,12,ZUT,True,0.06943901967396986,14,18,False,0.23537938532502645,3.3897279430236766,True,2.730781250000004,2.6000279822989136,2.5751298974098336,2.6027065417261075,2.4898068163437315,2.7557003021357995,2.608076939039547
2024,2025,2024→2025,False,Uniwersytet Morski w Gdyni,14,3,0.0,1e-06,11,Politechnika Lubelska,True,0.09355786273877717,14,18,False,0.2562688858412959,2.7391485690179143,True,3.7073437500000015,3.5297082464824103,3.385197338408852,3.6304790705044168,3.3660977721565843,3.523134977100012,3.597841747020658
2024,2025,2024→2025,False,Uniwersytet Morski w Gdyni,14,3,0.25,0.0033899786327886983,11,Politechnika Lubelska,True,0.10495360544861863,14,18,False,0.2562688858412959,2.4417349432245623,True,4.253851375392889,3.872430254527637,3.749584152801144,4.014380686083707,3.7272497627715118,4.030410647122995,4.092724151010926
2024,2025,2024→2025,False,Uniwersytet Morski w Gdyni,14,3,0.5,0.0067799572655773965,11,Politechnika Lubelska,True,0.11582073208868078,14,18,False,0.2562688858412959,2.2126339664739625,True,4.724137344435621,4.241424869700305,4.197948789814521,4.322181239826572,4.1036238166837435,4.4600124496086915,4.560898710763447
2024,2025,2024→2025,False,Politechnika Bialostocka,15,1,0.0,1e-06,14,Uniwersytet Morski w Gdyni,True,0.07154224870631504,14,14,True,0.0,0.0,False,2.6212926238138734,2.7295494128815045,2.714424706801921,2.7887122409272824,2.7122095286652605,2.6904856373232313,2.6686152849221214
2024,2025,2024→2025,False,Politechnika Bialostocka,15,1,0.25,0.002524147479698105,14,Uniwersytet Morski w Gdyni,True,0.07880810456475049,14,14,True,0.0,0.0,False,2.949056600350374,2.9959309809401202,2.967805257176692,3.0092154337014287,2.9831879806902997,2.983454387323914,2.961584034926185
2024,2025,2024→2025,False,Politechnika Bialostocka,15,1,0.5,0.00504829495939621,14,Uniwersytet Morski w Gdyni,True,0.08591120747370988,14,14,True,0.0,0.0,False,3.2388702487713394,3.2191549961339327,3.2514146229494334,3.2277347516397548,3.2614544664114122,3.2764231373241137,3.254552784924214
2024,2025,2024→2025,False,Politechnika Bialostocka,15,2,0.0,1e-06,13,Politechnika Opolska,True,0.10042650428399515,14,14,False,0.13027626717058782,1.2972299304791175,True,3.828385416666607,3.741916679821433,3.724881262378821,3.701491426179848,3.816957657971493,3.935602824823048,3.81607622242473
2024,2025,2024→2025,False,Politechnika Bialostocka,15,2,0.25,0.0009619876658833737,13,Politechnika Opolska,True,0.10386112711781477,14,14,False,0.13027626717058782,1.2543313440341262,True,4.023697916666684,3.9080739774297935,3.8473276307755433,3.9227254897957975,3.8906816671275655,3.9356028248231145,3.9486797195614876
2024,2025,2024→2025,False,Politechnika Bialostocka,15,2,0.5,0.0019239753317667474,13,Politechnika Opolska,True,0.1059986200004252,14,14,False,0.13027626717058782,1.2290373890722845,True,4.072526041666661,3.973208605700229,4.03043309954133,3.9790696375694767,4.029745191570583,4.008845012323192,3.9494491569282864
2024,2025,2024→2025,False,Politechnika Bialostocka,15,3,0.0,1e-06,12,ZUT,True,0.11224176389790583,14,14,False,0.1345571039663729,1.1988149445759329,True,4.327245175296724,4.201871468965246,4.204846680619944,4.2531253766427195,4.214861204822035,4.30181376232463,4.190571951619154
2024,2025,2024→2025,False,Politechnika Bialostocka,15,3,0.25,0.00376053580036137,12,ZUT,True,0.1224939345197233,14,14,False,0.1345571039663729,1.0984797287632821,True,4.756119791666694,4.581122812986182,4.602692726779911,4.546094126636813,4.637912952095075,4.6557464004453095,4.6262636110592945
2024,2025,2024→2025,False,Politechnika Bialostocka,15,3,0.5,0.00752107160072274,12,ZUT,True,0.13345557505145492,14,14,False,0.1345571039663729,1.0082538995803907,True,5.237857721002872,4.993812155621069,4.918947620404657,4.953635932821898,5.04003162904903,5.067187787532646,5.090945514232454
2024,2025,2024→2025,False,Politechnika Czestochowska,16,1,0.0,1e-06,15,Politechnika Bialostocka,True,0.019728252590277367,18,16,False,0.006215319160059617,0.31504661305495957,True,0.6486471614481494,0.7963010562845874,0.7405046144432492,0.662933807616839,0.7610870334725517,0.8587918119747018,0.7297916306968855
2024,2025,2024→2025,False,Politechnika Czestochowska,16,1,0.25,0.006183046906879139,15,Politechnika Bialostocka,True,0.03698252220922122,17,16,False,0.006215319160059617,0.1680609863464069,True,1.3071283316013678,1.353428033727333,1.4729264894402072,1.3953556826171942,1.4372389370152505,1.4136154371052534,1.3986505215384026
2024,2025,2024→2025,False,Politechnika Czestochowska,16,1,0.5,0.012366093813758278,15,Politechnika Bialostocka,True,0.05470753412283386,16,16,False,0.006215319160059617,0.11360993069262582,True,2.0061782626327798,2.03769531249941,2.0954850831887195,2.0801844152252666,2.0951843545044424,2.072795124603688,2.0851108955675324
2024,2025,2024→2025,False,Politechnika Czestochowska,16,2,0.0,1e-06,14,Uniwersytet Morski w Gdyni,True,0.0903583593606298,15,16,False,0.02416385699125277,0.2674224848949752,False,3.324114583333368,3.3560546874995767,3.455750941839064,3.422283226750511,3.408023695699547,3.534320371132338,3.4019416782860357
2024,2025,2024→2025,False,Politechnika Czestochowska,16,2,0.25,0.002524147479698105,14,Uniwersytet Morski w Gdyni,True,0.0972506971052068,15,16,False,0.02416385699125277,0.24846975610994398,False,3.5194270833333388,3.685644531249299,3.719445731440729,3.6908633850063155,3.6915454987617613,3.7590681711705876,3.659479130697391
2024,2025,2024→2025,False,Politechnika Czestochowska,16,2,0.5,0.00504829495939621,14,Uniwersytet Morski w Gdyni,True,0.10409630513051138,15,16,False,0.02416385699125277,0.23212982402168056,False,3.8901829257494276,3.941992187501464,3.9578647192702654,3.9410374884625177,3.9729135795672277,3.9208889882954345,3.915826786947174
2024,2025,2024→2025,False,Politechnika Czestochowska,16,3,0.0,1e-06,13,Politechnika Opolska,True,0.11891887300497299,14,16,False,0.15302281933704023,1.2867832957905772,True,4.567050436607619,4.491308593750687,4.488743308516807,4.442887828123471,4.486501000448396,4.500468022865734,4.485109652841135
2024,2025,2024→2025,False,Politechnika Czestochowska,16,3,0.25,0.0009619876658833737,13,Politechnika Opolska,True,0.12225790849983015,14,16,False,0.15302281933704023,1.2516394335115983,True,4.69130208333336,4.6058553362866235,4.609426610353829,4.631738206052772,4.55892340709545,4.588636878424213,4.659244549516167
2024,2025,2024→2025,False,Politechnika Czestochowska,16,3,0.5,0.0019239753317667474,13,Politechnika Opolska,True,0.12444416223778047,14,16,False,0.15302281933704023,1.22965044390474,True,4.691302083333336,4.765745426052059,4.728875836895496,4.6912541201166285,4.697614198026834,4.7009492414306076,4.648248661949017
2024,2025,2024→2025,False,Politechnika Bydgoska,17,1,0.0,1e-06,16,Politechnika Czestochowska,True,0.03525355781233223,18,15,False,0.0,0.0,True,1.2003385416666672,1.4483391115396094,1.4101183590158328,1.3812874888802118,1.3742212438220824,1.21379200714542,1.2772903392323038
2024,2025,2024→2025,False,Politechnika Bydgoska,17,1,0.25,0.0017484321851603674,16,Politechnika Czestochowska,True,0.040977288674324465,18,15,False,0.0,0.0,True,1.4231168619792038,1.6819571386530008,1.585410106909313,1.7063315180388505,1.568192233940302,1.437770582868786,1.409126276732281
2024,2025,2024→2025,False,Politechnika Bydgoska,17,1,0.5,0.0034968643703207347,16,Politechnika Czestochowska,True,0.04632110224194648,18,15,False,0.0,0.0,True,1.600878215211308,1.8221279549240132,1.8307053514528326,1.926058080532067,1.7563978250162426,1.657497145368897,1.6370925034909112
2024,2025,2024→2025,False,Politechnika Bydgoska,17,2,0.0,1e-06,15,Politechnika Bialostocka,True,0.05618802367110491,18,15,False,0.0,0.0,True,1.8839322916666859,2.1959167982967265,2.279301272431977,2.2190268305405048,2.169681110785482,2.0969502703683696,1.9939101413941036
2024,2025,2024→2025,False,Politechnika Bydgoska,17,2,0.25,0.006183046906879139,15,Politechnika Bialostocka,True,0.07492386105045368,17,15,False,0.0,0.0,True,2.617560694362129,2.990218090476371,2.9163310687221333,2.8782065180352645,2.859389851004135,2.9026143328685308,2.636755844127639
2024,2025,2024→2025,False,Politechnika Bydgoska,17,2,0.5,0.012366093813758278,15,Politechnika Bialostocka,True,0.09294300325017334,16,15,False,0.0,0.0,True,3.2817126597042843,3.6039592898583606,3.6141971098355263,3.6838705805410266,3.566968372667767,3.415309645369169,3.4066011565069694
2024,2025,2024→2025,False,Politechnika Bydgoska,17,3,0.0,1e-06,14,Uniwersytet Morski w Gdyni,True,0.13013929472874666,15,15,False,0.01958586794482554,0.15049926300621935,False,4.813599368929601,4.914127196957397,4.98011941395643,5.0097941885608455,4.937226973931752,4.953395582868348,4.819855822637995
2024,2025,2024→2025,False,Politechnika Bydgoska,17,3,0.25,0.002524147479698105,14,Uniwersytet Morski w Gdyni,True,0.13758491709978105,15,15,False,0.01958586794482554,0.142354760664799,False,5.0720619574095,5.215527715984402,5.2364670702028775,5.29519870552847,5.211822353421214,5.176335912329466,5.191463170272118
2024,2025,2024→2025,False,Politechnika Bydgoska,17,3,0.5,0.00504829495939621,14,Uniwersytet Morski w Gdyni,True,0.14485515759301779,15,15,False,0.01958586794482554,0.13521001440524205,False,5.4629534788777665,5.532924892209179,5.492814726455553,5.441683080533988,5.498743158579488,5.466090895369052,5.429161433331256
2024,2025,2024→2025,False,Politechnika Koszalinska,18,1,0.0,1e-06,17,Politechnika Bydgoska,True,0.0256288302482822,20,20,False,0.06222294821171125,2.4278497149077576,True,0.6973825030605406,1.0186731142360461,1.004795064442987,0.9808570169048514,1.0188390041779294,1.0222900807335566,0.9947505189590644
2024,2025,2024→2025,False,Politechnika Koszalinska,18,1,0.25,0.0029992173624208834,17,Politechnika Bydgoska,True,0.03470458768575253,20,20,False,0.06222294821171125,1.7929314929523277,True,1.1513020833333363,1.3722271937483321,1.472538591398731,1.284407334730342,1.3059515885983974,1.257277511730126,1.31577038578094
2024,2025,2024→2025,False,Politechnika Koszalinska,18,1,0.5,0.005998434724841767,17,Politechnika Bydgoska,True,0.04291704341531683,20,20,False,0.06222294821171125,1.4498423763624002,True,1.3767443656876845,1.6891715607792457,1.76499271759466,1.6238700464941913,1.650240181098983,1.5708264230088587,1.6513809425217685
2024,2025,2024→2025,False,Politechnika Koszalinska,18,2,0.0,1e-06,16,Politechnika Czestochowska,True,0.06010446558962061,19,20,False,0.10246341493474202,1.7047554442017423,True,1.9813802083333363,2.3777929687501254,2.4302084690255743,2.225974204404868,2.3013145842685603,2.284289104720755,2.2739395362704027
2024,2025,2024→2025,False,Politechnika Koszalinska,18,2,0.25,0.0017484321851603674,16,Politechnika Czestochowska,True,0.06505224607093692,19,20,False,0.10246341493474202,1.5750941915673395,True,2.1766927083333174,2.550311670937777,2.654529963579799,2.4821357901913643,2.5035988429238767,2.421896725197975,2.3947334091706516
2024,2025,2024→2025,False,Politechnika Koszalinska,18,2,0.5,0.0034968643703207347,16,Politechnika Czestochowska,True,0.06954902487418146,19,20,False,0.10246341493474202,1.4732545153595575,True,2.3720052083333343,2.7651065145650744,2.8905735213961115,2.395071457514053,2.6859141339971746,2.6247276025769595,2.6274195652987054
2024,2025,2024→2025,False,Politechnika Koszalinska,18,3,0.0,1e-06,15,Politechnika Bialostocka,True,0.07977519272452693,19,20,False,0.10960526565169156,1.373926679565305,True,2.7472109932446886,3.084079010781271,3.195158197211123,2.958396079405551,3.0757151889797107,3.0212458243014106,3.0054964038876033
2024,2025,2024→2025,False,Politechnika Koszalinska,18,3,0.25,0.006183046906879139,15,Politechnika Bialostocka,True,0.09769687889891318,18,20,False,0.10960526565169156,1.121891168755759,True,3.2997395833333387,3.732773437498471,3.9271868358090267,3.617575766905018,3.735747197598238,3.801770602710852,3.7021621925205253
2024,2025,2024→2025,False,Politechnika Koszalinska,18,3,0.5,0.012366093813758278,15,Politechnika Bialostocka,True,0.11490176670142371,17,20,False,0.10960526565169156,0.9539040938900852,True,4.079690363477286,4.470033583390021,4.465169516247103,4.20351326690454,4.420991720984491,4.376684995017621,4.369357421419001
2024,2025,2024→2025,False,Politechnika Swietokrzyska,19,1,0.0,1e-06,18,Politechnika Koszalinska,True,0.012442196279064552,21,19,False,0.033708145153751874,2.7091796655281644,True,0.3696993627163633,0.5066625191776808,0.5303698120409539,0.43504202707739803,0.4855293661739535,0.46397296881773853,0.48284010943222544
2024,2025,2024→2025,False,Politechnika Swietokrzyska,19,1,0.25,0.0022842643197627938,18,Politechnika Koszalinska,True,0.018995887296716037,21,19,False,0.033708145153751874,1.774497007022107,True,0.6214676955126407,0.7749720888744815,0.8453988656323186,0.6950669469741017,0.7528940592144651,0.6747790186701741,0.6337507519276642
2024,2025,2024→2025,False,Politechnika Swietokrzyska,19,1,0.5,0.0045685286395255875,18,Politechnika Koszalinska,True,0.02521368324138474,20,19,False,0.033708145153751874,1.336898890616055,True,0.8399920925745517,0.9864453125015604,1.0825466696606667,0.8415513219740267,1.0117832162296836,0.9202123974330512,0.9633405956781749
2024,2025,2024→2025,False,Politechnika Swietokrzyska,19,2,0.0,1e-06,17,Politechnika Bydgoska,True,0.038619221590984736,20,19,False,0.050850150635592055,1.3167057372140951,True,1.2450847471794448,1.5357617187453654,1.7231045857814986,1.28100444697416,1.5058022271045246,1.3962301108407238,1.4760359081787744
2024,2025,2024→2025,False,Politechnika Swietokrzyska,19,2,0.25,0.0029992173624208834,17,Politechnika Bydgoska,True,0.0472010936971245,20,19,False,0.050850150635592055,1.077308736994157,True,1.5882262714087336,1.8653515624978967,1.9705424614769207,1.647215384474368,1.8553014026921777,1.725876459933201,1.8056257519279417
2024,2025,2024→2025,False,Politechnika Swietokrzyska,19,2,0.5,0.005998434724841767,17,Politechnika Bydgoska,True,0.05600616847775572,19,19,False,0.050850150635592055,0.9079383935322854,True,1.861510416666674,2.2460697931732,2.3664430625886412,1.9401841344743154,2.1864831970583865,2.0754959960800736,2.0985945019276864
2024,2025,2024→2025,False,Politechnika Swietokrzyska,19,3,0.0,1e-06,16,Politechnika Czestochowska,True,0.07281452413229608,19,19,False,0.09228122020959473,1.2673463338430913,True,2.4474479166666656,2.8907421874970085,3.03346042655791,2.52612163447411,2.888732799295979,2.7260580057454966,2.7044066703600156
2024,2025,2024→2025,False,Politechnika Swietokrzyska,19,3,0.25,0.0017484321851603674,16,Politechnika Czestochowska,True,0.07871244422252202,19,19,False,0.09228122020959473,1.1723841270728863,True,2.642760416666667,3.0372265624991512,3.356194565371984,2.8190903844745154,3.0413072537491814,2.901928298059425,2.9775007519279084
2024,2025,2024→2025,False,Politechnika Swietokrzyska,19,3,0.5,0.0034968643703207347,16,Politechnika Czestochowska,True,0.08393265509620372,19,19,False,0.09228122020959473,1.0994674254474837,True,2.8380729166666714,3.3301953125031925,3.5541448659281216,2.8821931921594715,3.2284803482394153,3.1907202099329792,3.123985126928636
2024,2025,2024→2025,False,Politechnika Rzeszowska,20,1,0.0,1e-06,19,Politechnika Swietokrzyska,True,0.05031193250259475,21,17,False,0.0,0.0,True,1.616429036458368,2.091445312499429,2.14776792354221,1.9558720170103017,2.013755254678057,1.6802714018788523,1.734662672204243
2024,2025,2024→2025,False,Politechnika Rzeszowska,20,1,0.25,0.0010817859039296829,19,Politechnika Swietokrzyska,True,0.05298599449008151,21,17,False,0.0,0.0,True,1.5736778331061227,2.1509569552975116,2.2735760073943845,1.9558720170094746,2.150927347232451,1.9732401518787746,1.8593896893061594
2024,2025,2024→2025,False,Politechnika Rzeszowska,20,1,0.5,0.0021635718078593658,19,Politechnika Swietokrzyska,True,0.05681604734192125,21,17,False,0.0,0.0,True,1.7842757161457223,2.274550781252027,2.442598686999131,2.1755985795095247,2.238810625249971,2.0464823393786413,2.0058740643066924
2024,2025,2024→2025,False,Politechnika Rzeszowska,20,2,0.0,1e-06,18,Politechnika Koszalinska,True,0.06252621333131216,21,17,False,0.0,0.0,True,1.9856917317708347,2.567519531249196,2.662225809032326,2.370681512346895,2.500366741257137,2.1929667143787523,2.1889795330562762
2024,2025,2024→2025,False,Politechnika Rzeszowska,20,2,0.25,0.0022842643197627938,18,Politechnika Koszalinska,True,0.06903560495486363,21,17,False,0.0,0.0,True,2.086399739583311,2.822154730397808,2.9881957231060685,2.668114382583475,2.7559368810356535,2.391352154335885,2.445327189306637
2024,2025,2024→2025,False,Politechnika Rzeszowska,20,2,0.5,0.0045685286395255875,18,Politechnika Koszalinska,True,0.07592364230688158,20,17,False,0.0,0.0,True,2.435826009114292,2.9703515625013166,3.282475651059513,2.9080204545088693,3.004094890281733,2.77890421437893,2.6286182213761973
2024,2025,2024→2025,False,Politechnika Rzeszowska,20,3,0.0,1e-06,17,Politechnika Bydgoska,True,0.0894467683543305,20,17,False,0.0,0.0,True,2.8935896809896127,3.5929101562430343,3.898631356330018,3.34747357950938,3.477925293641909,3.218357339378397,3.14112797055624
2024,2025,2024→2025,False,Politechnika Rzeszowska,20,3,0.25,0.0029992173624208834,17,Politechnika Bydgoska,True,0.09708181640159712,20,17,False,0.0,0.0,True,3.1682024226778402,3.8931441623748286,4.060125296675077,3.7136845170099186,3.861649844141396,3.4380839018788967,3.4707178143062873
2024,2025,2024→2025,False,Politechnika Rzeszowska,20,3,0.5,0.005998434724841767,17,Politechnika Bydgoska,True,0.10587580797385536,19,17,False,0.0,0.0,True,3.560057752819809,4.253039508452694,4.447210976028737,4.079895454511767,4.180562938342574,3.6088160767645707,3.7961320491891186
2024,2025,2024→2025,False,Politechnika Morska w Szczecinie,21,1,0.0,1e-06,20,Politechnika Rzeszowska,True,0.03191946947824209,21,21,False,0.030664488627952312,0.9606829038576209,True,0.9272719898594277,1.25354829573604,1.45081473452372,0.9899680248861203,1.2922770981126375,1.1745566163591847,1.2739094227047998
2024,2025,2024→2025,False,Politechnika Morska w Szczecinie,21,1,0.25,0.004448775188486451,20,Politechnika Rzeszowska,True,0.044281613358153754,21,21,False,0.030664488627952312,0.6924880622558874,True,1.2559441118527654,1.8016015625001436,2.0001311407703892,1.3561789623857705,1.7854445695602017,1.672979072323405,1.7201836437451434
2024,2025,2024→2025,False,Politechnika Morska w Szczecinie,21,1,0.5,0.008897550376972901,20,Politechnika Rzeszowska,True,0.05623350542313089,21,21,False,0.030664488627952312,0.5453063684580277,True,1.7484926637249316,2.20443359374779,2.469868447340684,1.8688742748858038,2.2977360574569894,1.987816105252499,2.209382763771589
2024,2025,2024→2025,False,Politechnika Morska w Szczecinie,21,2,0.0,1e-06,19,Politechnika Swietokrzyska,True,0.08154826272756191,21,21,False,0.04199809124629935,0.5150090246141408,True,2.56989215440575,3.1287004465647694,3.5471955245336084,2.797605186994931,3.269286066400545,3.0101019786709706,3.154353054382464
2024,2025,2024→2025,False,Politechnika Morska w Szczecinie,21,2,0.25,0.0010817859039296829,19,Politechnika Swietokrzyska,True,0.08444855958615509,21,21,False,0.04199809124629935,0.4973215819442434,True,2.652860067010711,3.3030664062493997,3.6114592657705225,2.9417300213295223,3.387022450496213,3.010101978671492,3.3374585231358167
2024,2025,2024→2025,False,Politechnika Morska w Szczecinie,21,2,0.5,0.0021635718078593658,19,Politechnika Swietokrzyska,True,0.08765948296007992,21,21,False,0.04199809124629935,0.47910493911337876,True,2.6940666393274,3.4495507812551285,3.805702476984607,2.9916521586204863,3.499679545031975,3.220320425324891,3.4107007106319696
2024,2025,2024→2025,False,Politechnika Morska w Szczecinie,21,3,0.0,1e-06,18,Politechnika Koszalinska,True,0.09367831365309773,21,21,False,0.07574071462546644,0.8085191937372356,True,2.942415609170725,3.6692773437492776,4.0142912970243305,3.187233649885532,3.737206430169726,3.449555103671631,3.6736525931477804
2024,2025,2024→2025,False,Politechnika Morska w Szczecinie,21,3,0.25,0.0022842643197627938,18,Politechnika Koszalinska,True,0.09989419485444986,21,21,False,0.07574071462546644,0.7582093707829961,True,3.1907645790140813,3.8648590474483657,4.27134263855039,3.4802023998855622,3.998709120991517,3.596039478671287,3.9233960231313034
2024,2025,2024→2025,False,Politechnika Morska w Szczecinie,21,3,0.5,0.0045685286395255875,18,Politechnika Koszalinska,True,0.1065649855735274,21,21,False,0.07574071462546644,0.7107467262143726,True,3.4172488101707046,4.235100193424435,4.509218804668613,3.6266867748854765,4.2338529401719445,3.8890082286712535,4.172707934989295
2024,2025,2024→2025,False,Uniwersytet Bielsko-Bialski,22,1,0.0,1e-06,21,Politechnika Morska w Szczecinie,True,0.1327426518343008,22,22,False,0.20295025381432674,1.528900101134519,True,3.6873147131238784,5.951105845068961,6.164657071551516,4.188088418412342,5.157897236693354,4.704377733101267,4.787066995241723
2024,2025,2024→2025,False,Uniwersytet Bielsko-Bialski,22,1,0.25,0.0029099178771645196,21,Politechnika Morska w Szczecinie,True,0.14137191209726185,22,22,False,0.20295025381432674,1.4355769176744237,True,3.937317708333362,6.241601562501653,6.534436475504202,4.590920449662359,5.478090081024906,5.069400102208937,5.090816785089941
2024,2025,2024→2025,False,Uniwersytet Bielsko-Bialski,22,1,0.5,0.005819835754329039,21,Politechnika Morska w Szczecinie,True,0.14945428813800643,22,22,False,0.20295025381432674,1.3579419924500393,True,4.2791145833333415,6.51518301834646,6.8104965996921285,4.883889199662591,5.818534330971992,5.4184407004131625,5.39975295869578
2024,2025,2024→2025,False,Uniwersytet Bielsko-Bialski,22,2,0.0,1e-06,20,Politechnika Rzeszowska,True,0.1664813658547958,22,22,False,0.23731447629285105,1.4254717041415645,True,4.816223958333361,7.298788240077614,7.619472167121211,5.3880227363042685,6.426064850109958,5.962937230012072,6.06251216898695
2024,2025,2024→2025,False,Uniwersytet Bielsko-Bialski,22,2,0.25,0.004448775188486451,20,Politechnika Rzeszowska,True,0.17896123718429707,22,22,False,0.23731447629285105,1.3260663595461228,True,5.304505208333321,7.84958125999049,8.047521920369395,5.83603763716227,6.93470402998404,6.402390355012039,6.528007052714063
2024,2025,2024→2025,False,Uniwersytet Bielsko-Bialski,22,2,0.5,0.008897550376972901,20,Politechnika Rzeszowska,True,0.19212790571247607,22,22,False,0.23731447629285105,1.235190043907509,True,5.698067571192551,8.317594987356502,8.548967137719643,6.421975137162381,7.425350714545309,6.9883278550119226,7.012973541071616
2024,2025,2024→2025,False,Uniwersytet Bielsko-Bialski,22,3,0.0,1e-06,19,Politechnika Swietokrzyska,True,0.21713950713957614,22,22,False,0.2487200948832024,1.145439161024375,True,6.769348958333405,9.281152343759269,9.412062218768103,7.300881387162591,8.42704326682917,7.8646977536647285,8.048196583305705
2024,2025,2024→2025,False,Uniwersytet Bielsko-Bialski,22,3,0.25,0.0010817859039296829,19,Politechnika Swietokrzyska,True,0.22040216558527903,22,22,False,0.2487200948832024,1.128482990277001,True,6.818177083333319,9.431745903364275,9.570653585644306,7.447365762162844,8.546523040588937,8.0137184800125,8.124184242706106
2024,2025,2024→2025,False,Uniwersytet Bielsko-Bialski,22,3,0.5,0.0021635718078593658,19,Politechnika Swietokrzyska,True,0.22392752461762638,22,22,False,0.2487200948832024,1.1107169398130545,True,7.0623177083334046,9.472101682554756,9.726862164474904,7.5938501371625495,8.647250460523804,8.160202855011494,8.258090728572592
2024,2025,2024→2025,False,Uniwersytet Radomski,23,1,0.0,1e-06,22,Uniwersytet Bielsko-Bialski,True,0.00828472846531635,23,23,False,0.012982812318908568,1.567077590202327,True,0.21355063947869518,0.38073851661460933,0.4055288463353124,0.20699115409311408,0.3372048930222915,0.3165123117096824,0.2731581910903391
2024,2025,2024→2025,False,Uniwersytet Radomski,23,1,0.25,0.011678530955064895,22,Uniwersytet Bielsko-Bialski,True,0.0411990119796665,23,23,False,0.012982812318908568,0.31512436087826934,True,1.0471689927306997,1.7774020372962107,2.016164085974659,1.2836719153363791,1.5825427935769854,1.490916962843719,1.5092576612661945
2024,2025,2024→2025,False,Uniwersytet Radomski,23,1,0.5,0.02335706191012979,22,Uniwersytet Bielsko-Bialski,True,0.073341790792094,22,23,True,0.012982812318908568,0.17701793450492173,True,1.860130208333337,3.218769531252308,3.521939712139266,2.2440923570278937,2.8566248801942304,2.5895497753433028,2.7683095005256453
2024,2025,2024→2025,False,Uniwersytet Radomski,23,2,0.0,1e-06,21,Politechnika Morska w Szczecinie,True,0.13869129585647963,22,23,False,0.20718605141566646,1.4938648466452176,True,3.910911458333324,5.920995787297889,6.344015788198321,4.325364554948899,5.402329916931192,5.137885293525379,5.240323200000302
2024,2025,2024→2025,False,Uniwersytet Radomski,23,2,0.25,0.0029099178771645196,21,Politechnika Morska w Szczecinie,True,0.1471278349147793,22,23,False,0.20718605141566646,1.4082043111398643,True,4.20388020833332,6.2936436938532125,6.689611927246375,4.691575492448968,5.707550876866241,5.3727529003439685,5.565881712472404
2024,2025,2024→2025,False,Uniwersytet Radomski,23,2,0.5,0.005819835754329039,21,Politechnika Morska w Szczecinie,True,0.15501320246979236,22,23,False,0.20718605141566646,1.3365703573283771,True,4.536388571275786,6.567058487819988,7.037022539731385,4.915864142408721,6.034151075614353,5.665721650343103,5.864218910779718
2024,2025,2024→2025,False,Uniwersytet Radomski,23,3,0.0,1e-06,20,Politechnika Rzeszowska,True,0.17231875491848728,22,23,False,0.23937061895278056,1.3891153001077052,True,5.190202754998402,7.190180618912034,7.659581133478122,5.727884928785445,6.644031086285923,6.327439468292501,6.5301717280500995
2024,2025,2024→2025,False,Uniwersytet Radomski,23,3,0.25,0.004448775188486451,20,Politechnika Rzeszowska,True,0.18431552595084785,22,23,False,0.23937061895278056,1.2987002463189914,True,5.567806559808165,7.689428618965355,8.20038540388518,6.15641924244866,7.1495967593936065,6.691112275344352,6.968415367035013
2024,2025,2024→2025,False,Uniwersytet Radomski,23,3,0.5,0.008897550376972901,20,Politechnika Rzeszowska,True,0.19712134711592946,22,23,False,0.23937061895278056,1.214331286058043,True,5.961692708333405,8.208597852771582,8.721592852232895,6.582992821715528,7.6220546357625985,7.250801996497202,7.454768500565906
2025,2026,2025→2026,True,Politechnika Gdanska,2,1,0.0,1e-06,1,Politechnika Warszawska,True,0.058898680026373273,2,2,False,0.07674767074097745,1.303045682969667,True,3.330410703724013,1.4379917086169702,0.6360629090244485,2.863655278573818,1.2675916202234516,2.6840754172812176,2.028532114339332
2025,2026,2025→2026,True,Politechnika Gdanska,2,1,0.25,0.003921845065844448,1,Politechnika Warszawska,True,0.07382162545306016,2,2,False,0.07674767074097745,1.039636695479942,True,4.1121038759645785,1.748144886389802,0.7558872275809536,3.5867941346182874,1.5825966691659032,3.4930746178811645,2.5275036788286687
2025,2026,2025→2026,True,Politechnika Gdanska,2,1,0.5,0.007843690131688896,1,Politechnika Warszawska,True,0.08855232828107704,2,2,False,0.07674767074097745,0.8666928609417246,True,4.987115951524418,2.0131890120137497,0.9518754096569437,4.357685895822572,1.9038502877353758,4.120908720146632,2.9981436202928924
2025,2026,2025→2026,True,AGH,3,1,0.0,1e-06,2,Politechnika Gdanska,True,0.03387087018479812,3,3,False,0.0823122954821376,2.430179532827028,True,1.9172143066372827,0.7947164283952035,0.7741220614558397,0.5186597999592535,1.0014353175231694,1.2775694251642378,1.913568469168253
2025,2026,2025→2026,True,AGH,3,1,0.25,0.003921845065844448,2,Politechnika Gdanska,True,0.046396482136560856,2,3,True,0.0823122954821376,1.7741063910807744,True,2.5628292217457105,1.1028658903256217,1.1226014640979942,0.4206384141431152,1.314411828780282,1.9136308777240485,2.6296570955431475
2025,2026,2025→2026,True,AGH,3,1,0.5,0.007843690131688896,2,Politechnika Gdanska,True,0.05859891606926672,2,3,True,0.0823122954821376,1.404672662969406,True,3.230954174950751,1.392528239332802,1.440279870361405,0.7628074999694201,1.6558401228883413,2.356449340914779,3.318009715343856
2025,2026,2025→2026,True,AGH,3,2,0.0,1e-06,1,Politechnika Warszawska,True,0.08275356753035447,2,3,False,0.14302366864246838,1.7283081915472285,True,4.576835937503986,2.0005211633758457,1.8862716114180333,0.9302292315748639,2.313789182749648,3.260816646814446,4.808547042963945
2025,2026,2025→2026,True,AGH,3,2,0.25,0.003921845065844448,1,Politechnika Warszawska,True,0.09475783037603237,2,3,False,0.14302366864246838,1.5093598922104927,True,5.256722021485183,2.2409615897065027,2.2126503055985625,1.0069410499560005,2.6576549008771932,3.7408988789896402,5.492560720655498
2025,2026,2025→2026,True,AGH,3,2,0.5,0.007843690131688896,1,Politechnika Warszawska,True,0.10688865312115145,2,3,False,0.14302366864246838,1.3380622214442182,True,5.924806482267542,2.4982308486774185,2.4750028102014765,1.0069410499560005,2.9914622670441537,4.286207271809772,6.2005938404542995
2025,2026,2025→2026,True,Politechnika Wroclawska,4,1,0.0,1e-06,3,AGH,True,0.1602453231906092,3,4,True,0.1204573035525206,0.751705579633289,False,8.055356800854302,3.5016987123489662,2.9962287521963726,6.56666978967182,5.098108931379985,7.392604590056051,6.848000644004126
2025,2026,2025→2026,True,Politechnika Wroclawska,4,1,0.25,0.0027584420028883283,3,AGH,True,0.1688447025999737,3,4,True,0.1204573035525206,0.7134206859773838,False,8.537218994539424,3.61916697876582,3.0715298551234116,6.953782095241989,5.3544074679892635,7.75171817739968,7.249459501625733
2025,2026,2025→2026,True,Politechnika Wroclawska,4,1,0.5,0.005516884005776657,3,AGH,True,0.17729191874368394,3,4,True,0.1204573035525206,0.6794291832707232,False,8.956407955166396,3.9139271349250215,3.1807062684659715,7.421154056747026,5.632476686957643,8.020922447563771,7.585365185811077
2025,2026,2025→2026,True,Politechnika Wroclawska,4,2,0.0,1e-06,2,Politechnika Gdanska,True,0.19433252457942274,3,4,False,0.20551287300464566,1.05753204950854,True,9.914853886846526,4.154138753863313,3.357397353154834,8.002943628384518,6.152615449124566,8.932487184766169,8.314257443293727
2025,2026,2025→2026,True,Politechnika Wroclawska,4,2,0.25,0.003921845065844448,2,Politechnika Gdanska,True,0.20634437845436782,2,4,True,0.20551287300464566,0.9959703023850197,True,10.548287962459597,4.347713418924903,3.563374552018961,8.412454018537785,6.50896416463268,9.511825732576341,8.90519905503304
2025,2026,2025→2026,True,Politechnika Wroclawska,4,2,0.5,0.007843690131688896,2,Politechnika Gdanska,True,0.21893385574129942,2,4,True,0.20551287300464566,0.9386984589879397,True,11.136317288290504,4.596372322927067,3.811157499785256,9.02841047597358,6.8738719662461705,10.124330432549112,9.401427066911127
2025,2026,2025→2026,True,Politechnika Wroclawska,4,3,0.0,1e-06,1,Politechnika Warszawska,True,0.24318976840369222,2,4,False,0.26753240310232723,1.100097281470438,True,12.409775779847926,5.015652265385507,3.9973839083934926,10.050743730296507,7.610143977170402,11.268554912881267,10.50534069832989
2025,2026,2025→2026,True,Politechnika Wroclawska,4,3,0.25,0.003921845065844448,1,Politechnika Warszawska,True,0.2556199351534316,2,4,False,0.26753240310232723,1.0466022649671096,True,13.14488142386398,5.147068494194473,4.169353067439074,10.617112905057658,7.972974251011877,11.821511486532376,10.986912536006255
2025,2026,2025→2026,True,Politechnika Wroclawska,4,3,0.5,0.007843690131688896,1,Politechnika Warszawska,True,0.26782679168079876,2,4,False,0.26753240310232723,0.9989008247583296,True,13.791493669217141,5.344801991093195,4.240786922081263,11.086436429777603,8.328244357315405,12.434998897369754,11.561033664232244
2025,2026,2025→2026,True,Politechnika Poznanska,5,1,0.0,1e-06,4,Politechnika Wroclawska,True,0.037926423441977296,4,7,True,0.10338435266386571,2.725918852380871,False,2.158739832468992,1.0456573369962308,0.9625268994208458,0.7667509730274302,1.259603382313046,1.765333892118931,1.5534508367353927
2025,2026,2025→2026,True,Politechnika Poznanska,5,1,0.25,0.013046336626742233,4,Politechnika Wroclawska,True,0.07847071648933591,4,7,True,0.10338435266386571,1.3174895972552454,False,4.600451074639311,2.0539741125442768,1.8256116314574466,1.40151659802914,2.58985064147077,3.7523016773124085,3.179524004028489
2025,2026,2025→2026,True,Politechnika Poznanska,5,1,0.5,0.026092673253484466,4,Politechnika Wroclawska,True,0.11966828561827843,4,7,True,0.10338435266386571,0.8639244067859742,False,7.212095432041932,3.0935764964603485,2.7102367343582623,1.9386259730165945,3.8471095262020194,5.651300051924735,4.876407690590312
2025,2026,2025→2026,True,Politechnika Poznanska,5,2,0.0,1e-06,3,AGH,True,0.2026365036242558,3,7,True,0.22513092384491415,1.111008726553875,False,12.586406310608073,4.907760702147145,4.295251091447838,2.757527186676745,6.324046445133169,9.795955116367882,8.13045809776024
2025,2026,2025→2026,True,Politechnika Poznanska,5,2,0.25,0.0027584420028883283,3,AGH,True,0.21122945823010497,3,7,True,0.22513092384491415,1.065812153907366,False,13.149743573526695,5.0975282993117155,4.380043450030469,2.866360348030117,6.581253346905614,10.178712747770325,8.54156884555487
2025,2026,2025→2026,True,Politechnika Poznanska,5,2,0.5,0.005516884005776657,3,AGH,True,0.22017715640082366,3,7,True,0.22513092384491415,1.0224990072769964,False,13.79111922209178,5.238099360411475,4.523681871281637,2.866360348030117,6.831473634850827,10.648492867179549,8.854828965975459
2025,2026,2025→2026,True,Politechnika Poznanska,5,3,0.0,1e-06,2,Politechnika Gdanska,True,0.23778393576972653,3,7,False,0.3102304072613636,1.304673531696419,True,14.976071638204191,5.616538963793816,4.8410646837791615,2.866360348030117,7.3254851703331125,11.506119205617315,9.585318376821771
2025,2026,2025→2026,True,Politechnika Poznanska,5,3,0.25,0.003921845065844448,2,Politechnika Gdanska,True,0.2501311718767328,2,7,True,0.3102304072613636,1.2402708744124396,True,15.837345144307807,5.804578241688141,5.109601089660121,2.866360348030117,7.685973917292199,12.091862192752178,10.076211112042376
2025,2026,2025→2026,True,Politechnika Poznanska,5,3,0.5,0.007843690131688896,2,Politechnika Gdanska,True,0.2627000199829786,2,7,True,0.3102304072613636,1.180930276600149,True,16.651277921353408,6.082431856086967,5.25610374628881,2.866360348030117,8.033792852723531,12.755441653159327,10.619143265270814
2025,2026,2025→2026,True,Politechnika Slaska,6,1,0.0,1e-06,5,Politechnika Poznanska,True,0.012535275094779821,5,6,True,0.009690254778386946,0.773038860744456,False,0.6634893516177465,0.3795958447741721,0.28490667692303573,0.4024687432855667,0.3845835694989863,0.5648273083958211,0.5262440287762682
2025,2026,2025→2026,True,Politechnika Slaska,6,1,0.25,0.0030604227281577356,5,Politechnika Poznanska,True,0.022035227834750707,5,6,True,0.009690254778386946,0.4397619507752449,False,1.1819191778769722,0.6144903895702547,0.5714658112720761,0.812815446176085,0.6817453738664159,0.8446313498467917,0.9568491419542524
2025,2026,2025→2026,True,Politechnika Slaska,6,1,0.5,0.006120845456315471,5,Politechnika Poznanska,True,0.031295704226038314,5,6,True,0.009690254778386946,0.3096353003721375,False,1.7407996269019232,0.8756225796224926,0.7500635484574247,1.1433954669770818,1.0026060685213944,1.1840780480105506,1.3114513006686201
2025,2026,2025→2026,True,Politechnika Slaska,6,2,0.0,1e-06,4,Politechnika Wroclawska,True,0.0499188537471874,4,6,True,0.09677687934536448,1.9386839256263415,False,2.846151685556164,1.4849236290794487,1.2281562698703508,1.5356724818751832,1.5900983674844826,1.9034332039350677,2.143644890836238
2025,2026,2025→2026,True,Politechnika Slaska,6,2,0.25,0.013046336626742233,4,Politechnika Wroclawska,True,0.09105997314421968,4,6,True,0.09677687934536448,1.0627817690226027,False,5.155389094756114,2.657661036784831,2.111271025806638,3.0075786902972745,2.8322018128694393,3.553760056195032,3.8890121646655285
2025,2026,2025→2026,True,Politechnika Slaska,6,2,0.5,0.026092673253484466,4,Politechnika Wroclawska,True,0.13191806886668647,4,6,True,0.09677687934536448,0.7336135237331672,False,7.679894650851937,3.7037156077891265,2.8773228699772058,4.2966197213064605,4.042477594623617,5.059044467474272,5.714017310882413
2025,2026,2025→2026,True,Politechnika Slaska,6,3,0.0,1e-06,3,AGH,True,0.21412304958119996,3,6,True,0.21354383762128926,0.9972949574506641,False,12.814253481675742,5.755871410467018,4.262731230855177,6.840592894387121,6.417366687457693,8.271421461968009,9.305270481668726
2025,2026,2025→2026,True,Politechnika Slaska,6,3,0.25,0.0027584420028883283,3,AGH,True,0.22251220926346305,3,6,True,0.21354383762128926,0.9596949233848338,False,13.337400144059158,5.97567858152096,4.37599775092038,7.0581362380429,6.674591053418766,8.59234439947274,9.704466194506068
2025,2026,2025→2026,True,Politechnika Slaska,6,3,0.5,0.005516884005776657,3,AGH,True,0.23174111981242146,3,6,True,0.21354383762128926,0.9214758166100964,False,13.866687945265705,6.211561829215517,4.570882271516174,7.430809470694221,6.895830875853615,8.959916454449768,10.110808608647027
2025,2026,2025→2026,True,Politechnika Lodzka,7,1,0.0,1e-06,6,Politechnika Slaska,True,0.0023834502754579005,5,5,True,0.0,0.0,False,0.1449695228823239,0.024844593604023135,0.05444814326809322,0.09268154531243411,0.08997669279777742,0.08421750614456824,0.09182631989166357
2025,2026,2025→2026,True,Politechnika Lodzka,7,1,0.25,0.0009932944100262964,6,Politechnika Slaska,True,0.005774649256113802,5,5,True,0.0,0.0,False,0.37060102893436975,0.1311549173094062,0.1180858607917834,0.24606686888456464,0.18052147145135589,0.14538700084035794,0.22516760242050626
2025,2026,2025→2026,True,Politechnika Lodzka,7,1,0.5,0.0019865888200525927,6,Politechnika Slaska,True,0.008905729077553477,5,5,True,0.0,0.0,False,0.4922994332184738,0.24514597686886574,0.20426812954539297,0.3685139122698189,0.2956167418723288,0.3826755220559752,0.2816150503172521
2025,2026,2025→2026,True,Politechnika Lodzka,7,2,0.0,1e-06,5,Politechnika Poznanska,True,0.015100724768739188,5,5,True,0.0,0.0,False,0.9028277826815062,0.2553600635676667,0.3874948386986987,0.6084388408150176,0.503964298657078,0.5735969224124116,0.5446729306775588
2025,2026,2025→2026,True,Politechnika Lodzka,7,2,0.25,0.0030604227281577356,5,Politechnika Poznanska,True,0.02456343508346583,5,5,True,0.0,0.0,False,1.4530732186872786,0.7085479490651081,0.5314272975033507,0.884967079709309,0.8364928564328578,0.9970968252985268,0.8128083251426999
2025,2026,2025→2026,True,Politechnika Lodzka,7,2,0.5,0.006120845456315471,5,Politechnika Poznanska,True,0.034189124654595615,5,5,True,0.0,0.0,False,1.9944400241269284,0.9127478246277243,0.8067984971465214,1.3404597234489724,1.151787318873787,1.2518459951132987,1.2395863570910493
2025,2026,2025→2026,True,Politechnika Lodzka,7,3,0.0,1e-06,4,Politechnika Wroclawska,True,0.05416982958977331,4,5,True,0.09224627180500182,1.7029086578927866,False,3.247432624273733,1.3568463570459488,1.2625308543567026,2.0927191891281782,1.7787927229725775,2.1353157001046896,1.8054692572466613
2025,2026,2025→2026,True,Politechnika Lodzka,7,3,0.25,0.013046336626742233,4,Politechnika Wroclawska,True,0.09531674221648181,4,5,True,0.09224627180500182,0.9677866622370874,False,5.833271622970942,2.2944331904702464,2.113137935957532,3.632685424852944,3.1336531295772296,3.6568027792840296,3.2722451221344206
2025,2026,2025→2026,True,Politechnika Lodzka,7,3,0.5,0.026092673253484466,4,Politechnika Wroclawska,True,0.13830027613304616,4,5,True,0.09224627180500182,0.6669999105154356,False,8.623822918415897,3.2872222519096828,2.9088887382334394,5.28409184635602,4.424971956424139,5.444542493066273,4.526238152929074
2025,2026,2025→2026,True,PJATK,8,1,0.0,1e-06,7,Politechnika Lodzka,True,0.1318730101213894,5,8,True,0.06814704505863359,0.5167626415435886,False,6.797422792894496,2.699494421257931,4.024295473133743,6.684883321936249,3.05261687775904,6.641374005749502,2.4705755724902967
2025,2026,2025→2026,True,PJATK,8,1,0.25,0.00019697023063386387,7,Politechnika Lodzka,True,0.1323880435343098,5,8,True,0.06814704505863359,0.5147522634169946,False,6.924132433752591,2.665126109793292,4.117171679687626,6.537562559373197,3.0724388608603492,6.739342648879522,2.381173411724824
2025,2026,2025→2026,True,PJATK,8,1,0.5,0.00039394046126772775,7,Politechnika Lodzka,True,0.13294081285314338,5,8,True,0.06814704505863359,0.5126119180113187,False,6.920839212552014,2.6663013289329074,4.18035493525325,6.605582779014238,3.099396290366596,6.681682280992949,2.5229332797160775
2025,2026,2025→2026,True,PJATK,8,2,0.0,1e-06,6,Politechnika Slaska,True,0.13536411016137248,5,8,True,0.07174328802128574,0.5300022874287575,False,7.000495867684317,2.7565109087625106,4.1935685233877145,6.774938129535621,3.1265419770128866,6.874936832163549,2.4704865137384346
2025,2026,2025→2026,True,PJATK,8,2,0.25,0.0009932944100262964,6,Politechnika Slaska,True,0.14008796292474507,5,8,True,0.07174328802128574,0.5121302824556458,False,7.24485805983498,2.8539980868039883,4.376673992136748,7.083546597788465,3.216251857286123,7.0356173249632015,2.5371254182844916
2025,2026,2025→2026,True,PJATK,8,2,0.5,0.0019865888200525927,6,Politechnika Slaska,True,0.1445113858213539,5,8,True,0.07174328802128574,0.4964542247901169,False,7.5390842943952885,2.92756930969601,4.487918853186379,7.231585176031433,3.3091679542797237,7.295562557550244,2.6103422931229026
2025,2026,2025→2026,True,PJATK,8,3,0.0,1e-06,5,Politechnika Poznanska,True,0.15309021731667993,5,8,True,0.08677878849855754,0.566847379405363,False,7.90480768771392,3.0630476555025266,4.738207246858572,7.721623585583693,3.5414418836086536,7.728893233326574,2.8541585313885287
2025,2026,2025→2026,True,PJATK,8,3,0.25,0.0030604227281577356,5,Politechnika Poznanska,True,0.16801634594355366,5,8,True,0.08677878849855754,0.5164901546407367,False,8.74309209343487,3.3247796174500577,5.182338054631808,8.412634409960424,3.7759807674470625,8.5842063021344,3.0370103986445574
2025,2026,2025→2026,True,PJATK,8,3,0.5,0.006120845456315471,5,Politechnika Poznanska,True,0.18166885803587174,5,8,True,0.08677878849855754,0.4776756425772351,False,9.43739900555499,3.563931917474661,5.6217911796407005,9.206123797011974,4.111650714629567,9.207904952373761,3.197059970296634
2025,2026,2025→2026,True,Politechnika Krakowska,9,1,0.0,1e-06,8,PJATK,True,0.04183349468757754,8,9,True,0.08057577040222431,1.9261066043844357,False,2.2025041421345453,1.3744329315539816,1.0947212514437865,1.215570597418869,1.3922613933482486,1.7255453500036377,1.7799992585101787
2025,2026,2025→2026,True,Politechnika Krakowska,9,1,0.25,0.0073060109890514535,8,PJATK,True,0.06483605637991395,8,9,True,0.08057577040222431,1.24276174247986,False,3.4851331237405443,2.1330832644262276,1.703065039039342,1.8297203884112045,2.123716999518943,2.6284856543223545,2.77011317635853
2025,2026,2025→2026,True,Politechnika Krakowska,9,1,0.5,0.014612021978102907,8,PJATK,True,0.08786528226084363,6,9,True,0.08057577040222431,0.9170376322586763,False,4.676746013970168,2.814617438469269,2.217441137258158,2.468453105851709,2.8783926388094794,3.7807047204698128,3.7175092957687452
2025,2026,2025→2026,True,Politechnika Krakowska,9,2,0.0,1e-06,7,Politechnika Lodzka,True,0.13427091136390307,5,9,True,0.13053426317094666,0.972170828699976,False,7.329799549929381,4.237070164936285,3.1832967933577483,3.560320952033136,4.294268720936689,5.7936314019894795,5.813078266664856
2025,2026,2025→2026,True,Politechnika Krakowska,9,2,0.25,0.00019697023063386387,7,Politechnika Lodzka,True,0.13525801829885095,5,9,True,0.13053426317094666,0.9650759697109622,False,7.344370745133719,4.30842837886124,3.2060277137127335,3.6456604540858417,4.312190494825485,5.90198379053165,5.783348945777783
2025,2026,2025→2026,True,Politechnika Krakowska,9,2,0.5,0.00039394046126772775,7,Politechnika Lodzka,True,0.1355669300431312,5,9,True,0.13053426317094666,0.962876883982079,False,7.390139861843073,4.309478503611119,3.208229275643548,3.650146864635273,4.333248849270587,5.816595873242264,5.862764936587267
2025,2026,2025→2026,True,Politechnika Krakowska,9,3,0.0,1e-06,6,Politechnika Slaska,True,0.13662998312584845,5,9,True,0.13342182626038912,0.9765193788942773,False,7.405684563578455,4.380020553037456,3.3430903913538534,3.577972905890592,4.3710384811363685,5.872891549224163,5.922313986683619
2025,2026,2025→2026,True,Politechnika Krakowska,9,3,0.25,0.0009932944100262964,6,Politechnika Slaska,True,0.1396982035410061,5,9,True,0.13342182626038912,0.9550718826618652,False,7.647365392459513,4.338021493175659,3.347487886022238,3.600401672144049,4.485046204782972,6.119402011337605,6.0103215406131225
2025,2026,2025→2026,True,Politechnika Krakowska,9,3,0.5,0.0019865888200525927,6,Politechnika Slaska,True,0.14361659373748498,5,9,True,0.13342182626038912,0.9290140003199717,False,7.8402155330042715,4.552135954761249,3.375339585111037,3.869290101780287,4.5426445431292155,6.21537991544387,6.1996329300942845
2025,2026,2025→2026,True,Politechnika Lubelska,10,1,0.0,1e-06,9,Politechnika Krakowska,True,0.1497377499696807,9,10,True,0.18058647456416685,1.206018352758289,False,8.00692259100369,5.218169505433989,4.40645034566286,0.0,5.461850903037357,6.808401986987373,6.104987939533024
2025,2026,2025→2026,True,Politechnika Lubelska,10,1,0.25,0.003354972345634172,9,Politechnika Krakowska,True,0.16053314118283366,9,10,True,0.18058647456416685,1.1249170933402104,False,8.797071973145007,5.489411233272845,4.640499328616721,0.0,5.797085369875122,7.225879403704605,6.544693822495118
2025,2026,2025→2026,True,Politechnika Lubelska,10,1,0.5,0.006709944691268344,9,Politechnika Krakowska,True,0.17090948246135534,9,10,True,0.18058647456416685,1.0566205687563275,False,9.294485677083422,5.869877121183819,4.917491426893328,0.0,6.17392210250326,7.8241268606175804,6.909529169226514
2025,2026,2025→2026,True,Politechnika Lubelska,10,2,0.0,1e-06,8,PJATK,True,0.19161189143351395,8,10,True,0.2585487311889227,1.3493355201215926,False,10.50298177083326,6.560888754458228,5.391223534542322,0.0,6.904532908756911,8.804196872240095,7.716316064533824
2025,2026,2025→2026,True,Politechnika Lubelska,10,2,0.25,0.0073060109890514535,8,PJATK,True,0.2145323665355691,8,10,True,0.2585487311889227,1.2051735379801338,False,11.990153285417257,7.112963517668048,5.901496565386488,0.0,7.6780581147571585,9.91666762127289,8.588527363080356
2025,2026,2025→2026,True,Politechnika Lubelska,10,2,0.5,0.014612021978102907,8,PJATK,True,0.2386529094172049,6,10,True,0.2585487311889227,1.083367187185372,False,13.415212656735967,7.933657962032614,6.318587596326575,0.0,8.377573292323381,11.161784808773206,9.58892740878412
2025,2026,2025→2026,True,Politechnika Lubelska,10,3,0.0,1e-06,7,Politechnika Lodzka,True,0.28435664459114196,5,10,True,0.30617895717197446,1.0767427559577847,False,16.368260023495854,9.21111907066271,7.1943685849054635,0.0,9.887417857972592,13.278852030936083,11.40063507035929
2025,2026,2025→2026,True,Politechnika Lubelska,10,3,0.25,0.00019697023063386387,7,Politechnika Lodzka,True,0.28581666700431285,5,10,True,0.30617895717197446,1.071242486944802,False,16.58813860234642,9.174497976913399,7.228433157109571,0.0,9.874994044675244,13.375574555668429,11.353509059849376
2025,2026,2025→2026,True,Politechnika Lubelska,10,3,0.5,0.00039394046126772775,7,Politechnika Lodzka,True,0.2861051167318807,5,10,True,0.30617895717197446,1.0701624657027915,False,16.48451018991124,9.283094207859154,7.229627568406394,0.0,9.900311375497095,13.376889914363455,11.463926030714678
2025,2026,2025→2026,True,ZUT,11,1,0.0,1e-06,10,Politechnika Lubelska,True,0.03032740053606043,10,11,True,0.005019023117903369,0.1654946691502808,False,1.3029628177282384,1.0192789655053436,1.0032560002120605,1.2363533531851267,1.1283037322754708,1.0833620327845739,1.216156115226552
2025,2026,2025→2026,True,ZUT,11,1,0.25,0.012217230549446206,10,Politechnika Lubelska,True,0.06738914672082409,10,11,True,0.005019023117903369,0.07447821143508304,False,3.0875317836126697,2.242872752940306,2.267762525096506,2.5747896613889654,2.386796078423059,2.529858965150822,2.6420389252904353
2025,2026,2025→2026,True,ZUT,11,1,0.5,0.024434461098892413,10,Politechnika Lubelska,True,0.10398322706646311,10,11,True,0.005019023117903369,0.0482676221877145,False,5.017493489582934,3.4786435991211784,3.348460700294964,3.900736308579289,3.6665388934647436,3.8341839564308144,4.034415202270663
2025,2026,2025→2026,True,ZUT,11,2,0.0,1e-06,9,Politechnika Krakowska,True,0.17796537753465225,9,11,True,0.17880621750054504,1.004724739033743,False,9.032588362585054,5.762809015435899,5.333897610874616,6.7254844570457495,6.167026485002647,6.39944449691826,7.017935971002975
2025,2026,2025→2026,True,ZUT,11,2,0.25,0.003354972345634172,9,Politechnika Krakowska,True,0.18816572722377217,9,11,True,0.17880621750054504,0.9502592216907996,False,9.558509114583378,5.925772783146699,5.678617659275476,7.153081272198703,6.5159808712903615,6.843598217559144,7.407929262630619
2025,2026,2025→2026,True,ZUT,11,2,0.5,0.006709944691268344,9,Politechnika Krakowska,True,0.1986128171967031,9,11,True,0.17880621750054504,0.9002753197114066,False,10.166095865783522,6.313792011342445,5.885758451557111,7.497624067318798,6.8431882807455935,7.2582385094318695,7.8031574072852
2025,2026,2025→2026,True,ZUT,11,3,0.0,1e-06,8,PJATK,True,0.2185127009258058,8,11,True,0.2544979936578528,1.1646828425971703,False,11.35509000709896,6.8552661284317695,6.42213620894535,8.156046063900623,7.52024441560849,7.868988842555103,8.67786146124152
2025,2026,2025→2026,True,ZUT,11,3,0.25,0.0073060109890514535,8,PJATK,True,0.24181433392259966,8,11,True,0.2544979936578528,1.0524520591046227,False,12.710215443106238,7.470015230633775,7.061470007583415,9.104542630459566,8.208013575930394,8.711089680469907,9.559256837564611
2025,2026,2025→2026,True,ZUT,11,3,0.5,0.014612021978102907,8,PJATK,True,0.26409078792804336,6,11,True,0.2544979936578528,0.9636761496095642,False,14.028765930686488,8.092516463451515,7.50553433439679,9.878823383194957,8.926176573177337,9.54429988479556,10.509512873949344
2025,2026,2025→2026,True,Politechnika Opolska,12,1,0.0,1e-06,11,ZUT,True,0.019276351224316462,10,12,True,0.04777075253605058,2.4782051322964795,False,0.8656681816587581,0.6443078435965477,0.619858287857511,0.7092480889495101,0.7010953571095491,0.8393139433653773,0.684122374420959
2025,2026,2025→2026,True,Politechnika Opolska,12,1,0.25,0.0025844018375234257,11,ZUT,True,0.027446786668016563,10,12,True,0.04777075253605058,1.740486167428747,False,1.207090710408349,0.9767043208873449,0.8210762942596594,1.1211108301133865,0.9826288922170745,1.1351853200195217,0.9679776058368783
2025,2026,2025→2026,True,Politechnika Opolska,12,1,0.5,0.005168803675046851,11,ZUT,True,0.03517956137087337,10,12,True,0.04777075253605058,1.3579121135831438,False,1.624531250000006,1.1964707564427801,1.1249847628290843,1.3958829785767013,1.2616664354033857,1.3714435826805704,1.2722545453029976
2025,2026,2025→2026,True,Politechnika Opolska,12,2,0.0,1e-06,10,Politechnika Lubelska,True,0.05073903059595307,10,12,True,0.05249388482216058,1.0345858839949433,False,2.229656575375758,1.7880135132145702,1.6206797752223556,1.9852253511767282,1.8424641235275874,2.056060496885004,1.8402038062425352
2025,2026,2025→2026,True,Politechnika Opolska,12,2,0.25,0.012217230549446206,10,Politechnika Lubelska,True,0.0888495240571162,10,12,True,0.05249388482216058,0.5908178505088594,False,4.114765625000072,3.0187412590268803,2.820667709822977,3.426129185897814,3.1401106599133644,3.622517068365955,3.1970035845028777
2025,2026,2025→2026,True,Politechnika Opolska,12,2,0.5,0.024434461098892413,10,Politechnika Lubelska,True,0.1270516074121779,10,12,True,0.05249388482216058,0.41316978109423774,False,6.124067658857082,4.219824540921769,3.855690442763604,4.953353644850628,4.440105901999414,5.132130769873866,4.544735177359316
2025,2026,2025→2026,True,Politechnika Opolska,12,3,0.0,1e-06,9,Politechnika Krakowska,True,0.20465884485650634,9,12,True,0.23619715670833913,1.154101875606429,False,10.378744247330967,6.451999168753475,5.748167337045618,7.970837071211712,6.989650829239302,8.540998764842007,7.150262399988883
2025,2026,2025→2026,True,Politechnika Opolska,12,3,0.25,0.003354972345634172,9,Politechnika Krakowska,True,0.21622319141270746,9,12,True,0.23619715670833913,1.0923766093966634,False,10.926070576798189,6.7413672128786235,6.040809877061426,8.5037800386774,7.298744415459746,9.11568113086567,7.584633376774185
2025,2026,2025→2026,True,Politechnika Opolska,12,3,0.5,0.006709944691268344,9,Politechnika Krakowska,True,0.22548568929721208,9,12,True,0.23619715670833913,1.047503978831261,False,11.549804227279989,6.986595186665767,6.27574269118133,8.796748788676522,7.7076439050129615,9.408649880864239,7.8440594122804015
2025,2026,2025→2026,True,WAT,13,1,0.0,1e-06,12,Politechnika Opolska,True,0.004828565094380474,10,14,True,0.08706746219738475,18.031746594596935,False,0.16494196644225578,0.22254560371665066,0.1169106199169323,0.2746472664128363,0.18553387295160428,0.15168198346988682,0.09944121157780816
2025,2026,2025→2026,True,WAT,13,1,0.25,0.001582209093251824,12,Politechnika Opolska,True,0.00966644383435541,10,14,True,0.08706746219738475,9.007186478230926,False,0.4165333604662133,0.31882824834750245,0.3374378792389221,0.4146831082303404,0.3508902807399683,0.29663634884725676,0.40287263065368617
2025,2026,2025→2026,True,WAT,13,1,0.5,0.003164418186503648,12,Politechnika Opolska,True,0.015197220475856933,10,14,True,0.08706746219738475,5.729170168696604,False,0.5642077494010439,0.4674762269786692,0.4730803273443773,0.8095371592210299,0.5465992144538578,0.4610773752556363,0.6182008081113521
2025,2026,2025→2026,True,WAT,13,2,0.0,1e-06,11,ZUT,True,0.025775751480089888,10,14,True,0.13664036470752391,5.301120505179832,False,1.160156249999969,0.7877809864480945,0.9237463001840029,1.0962742579589124,0.8809728265898431,0.8913952230474531,1.0254312244036279
2025,2026,2025→2026,True,WAT,13,2,0.25,0.0025844018375234257,11,ZUT,True,0.03407181185418611,10,14,True,0.13664036470752391,4.010363912911079,False,1.4775390625001243,1.1117695151501517,1.128163711277197,1.4965612615714607,1.1879991573639281,1.1182377335801852,1.4196773923890489
2025,2026,2025→2026,True,WAT,13,2,0.5,0.005168803675046851,11,ZUT,True,0.042136645580537854,10,14,True,0.13664036470752391,3.2427917036337512,False,1.9057372786250693,1.3765938087638374,1.3954879238046392,1.672293156915522,1.4885243597071773,1.4505887424071329,1.7788368393811038
2025,2026,2025→2026,True,WAT,13,3,0.0,1e-06,10,Politechnika Lubelska,True,0.059302703285826756,10,14,True,0.14183815242247444,2.3917653760039217,False,2.533189041779678,1.876075880048933,2.0273850362851786,2.5254034459963437,2.094600661355206,2.063982062923242,2.4690225199362286
2025,2026,2025→2026,True,WAT,13,3,0.25,0.012217230549446206,10,Politechnika Lubelska,True,0.09989977423572713,10,14,True,0.14183815242247444,1.4198045341702974,False,4.520609649648014,3.079015435504018,3.27134619620828,4.2248368200140165,3.4277850881585747,3.203392818902895,4.395567427868253
2025,2026,2025→2026,True,WAT,13,3,0.5,0.024434461098892413,10,Politechnika Lubelska,True,0.1413160599856596,10,14,True,0.14183815242247444,1.003694501791713,False,6.60913829644274,4.2398932925092,4.462510338871207,6.054289867502111,4.732175516328363,4.412200928595356,6.29408114576134
2025,2026,2025→2026,True,Politechnika Bialostocka,14,1,0.0,1e-06,13,WAT,True,0.13027626717058782,10,13,True,0.0,0.0,False,5.6061075219906105,4.7012694009439855,4.3851846933142475,5.162345758688658,4.822409068196787,4.98125951787487,4.715977970525087
2025,2026,2025→2026,True,Politechnika Bialostocka,14,1,0.25,0.0003500438465965927,13,WAT,True,0.13119717674784567,10,13,True,0.0,0.0,False,5.54197898488937,4.640337444314446,4.519452907550847,5.2355879461876755,4.862214636082585,5.036713813716142,4.799403740626773
2025,2026,2025→2026,True,Politechnika Bialostocka,14,1,0.5,0.0007000876931931854,13,WAT,True,0.1319879223625065,10,13,True,0.0,0.0,False,5.641638014549322,4.605507217357207,4.583108991219664,5.217659370952621,4.903497975262572,5.048462687795119,4.838307042677348
2025,2026,2025→2026,True,Politechnika Bialostocka,14,2,0.0,1e-06,12,Politechnika Opolska,True,0.1345571039663729,10,13,True,0.01643709841824922,0.12215704659010056,False,5.6276273066024425,4.778717630231599,4.556074001296107,5.427336844083652,4.975422483380942,5.22396361285618,4.928629702631038
2025,2026,2025→2026,True,Politechnika Bialostocka,14,2,0.25,0.001582209093251824,12,Politechnika Opolska,True,0.13882443344702602,10,13,True,0.01643709841824922,0.11840205654087145,False,5.95757123435125,4.994238150946273,4.6987975785281915,5.455314508688669,5.144446582299988,5.299941409509129,5.088545847595527
2025,2026,2025→2026,True,Politechnika Bialostocka,14,2,0.5,0.003164418186503648,12,Politechnika Opolska,True,0.1433613050187154,10,13,True,0.01643709841824922,0.11465505574257576,False,6.190102506504005,5.022787129973738,4.8097102945558685,5.748283258687936,5.3440351575534395,5.500369848112574,5.195192431640305
2025,2026,2025→2026,True,Politechnika Bialostocka,14,3,0.0,1e-06,11,ZUT,True,0.15269973310144644,10,13,True,0.06256520153040204,0.40972698681036135,False,6.611576132815497,5.325581773243416,5.117296590013298,6.113814526189465,5.690155546012621,5.891422574894806,5.517711678259962
2025,2026,2025→2026,True,Politechnika Bialostocka,14,3,0.25,0.0025844018375234257,11,ZUT,True,0.16056759340644536,10,13,True,0.06256520153040204,0.389650241391054,False,7.001223707745793,5.605719651094221,5.266288021000798,6.381199459408632,5.95485402872955,6.261319325969639,5.853237740317652
2025,2026,2025→2026,True,Politechnika Bialostocka,14,3,0.5,0.005168803675046851,11,ZUT,True,0.16870998276760424,10,13,True,0.06256520153040204,0.37084469160657063,False,7.391014401933541,5.9097654946773215,5.555426423098819,6.846916071188569,6.22239023485932,6.44247254551723,6.091924621973321
2025,2026,2025→2026,True,Politechnika Bydgoska,15,1,0.0,1e-06,14,Politechnika Bialostocka,True,0.01958586794482554,14,18,True,0.11605868482183546,5.925633990220863,True,0.6398810256184828,0.6899462531850142,0.7918814766886162,0.8255647108508901,0.7363005959643676,0.8094580952475838,0.6667790726969908
2025,2026,2025→2026,True,Politechnika Bydgoska,15,1,0.25,0.011056700729999897,14,Politechnika Bialostocka,True,0.05263305755662986,14,18,True,0.11605868482183546,2.2050530637891144,True,2.1177921183911113,2.000371961749614,1.85688197124807,1.9547171016925935,1.9664291823385471,1.973877715522443,2.045455809284877
2025,2026,2025→2026,True,Politechnika Bydgoska,15,1,0.5,0.022113401459999793,14,Politechnika Bialostocka,True,0.08639235339446136,12,18,True,0.11605868482183546,1.3433907083410466,True,3.4365523686703927,3.172246961760483,3.2059348757299877,3.2755265742633877,3.195429559885865,3.278015810030782,3.2863496150273868
2025,2026,2025→2026,True,Politechnika Bydgoska,15,2,0.0,1e-06,13,WAT,True,0.15322599973006518,10,18,True,0.1834966766068905,1.1975557472632092,False,6.609114583333378,5.274523699897459,5.547527886173187,5.326307824260324,5.582971502285627,5.887959600695525,6.1886035868334215
2025,2026,2025→2026,True,Politechnika Bydgoska,15,2,0.25,0.0003500438465965927,13,WAT,True,0.15432933786904368,10,18,True,0.1834966766068905,1.1889941286639667,False,6.609114583333378,5.4084869550132915,5.593560963056299,5.326307824260324,5.625434949586728,5.988296607599058,6.170950059267802
2025,2026,2025→2026,True,Politechnika Bydgoska,15,2,0.5,0.0007000876931931854,13,WAT,True,0.1557555473372402,10,18,True,0.1834966766068905,1.1781068459127528,False,6.657942708333299,5.396345213754694,5.639662209231178,5.399550011760967,5.636486605894309,6.0428973445421255,6.316774711111098
2025,2026,2025→2026,True,Politechnika Bydgoska,15,3,0.0,1e-06,12,Politechnika Opolska,True,0.15816028687071648,10,18,True,0.20005411672579987,1.2648821058938031,False,6.755598958333356,5.519919900206527,5.63940701042095,5.546034386761811,5.710955031115839,6.159480224022184,6.397149177083924
2025,2026,2025→2026,True,Politechnika Bydgoska,15,3,0.25,0.001582209093251824,12,Politechnika Opolska,True,0.16244526832860975,10,18,True,0.20005411672579987,1.2315170443814427,False,6.99973958333337,5.682764653569993,5.75396833059747,5.619276574261301,5.903461891232109,6.316029567687265,6.570157617021202
2025,2026,2025→2026,True,Politechnika Bydgoska,15,3,0.5,0.003164418186503648,12,Politechnika Opolska,True,0.168087099359493,10,18,True,0.20005411672579987,1.1901812660705033,False,7.243880208333262,5.831904266144239,5.978418531789853,5.839003136761523,6.042278959800374,6.624107888560732,6.769374841817297
2025,2026,2025→2026,True,Politechnika Czestochowska,16,1,0.0,1e-06,15,Politechnika Bydgoska,True,0.006215319160059617,14,15,True,0.0,0.0,False,0.2887317020388233,0.23837085698650284,0.23647321255706455,0.20187276090349315,0.2277872356050703,0.2366162884498757,0.20388422419371777
2025,2026,2025→2026,True,Politechnika Czestochowska,16,1,0.25,0.00160647616132302,15,Politechnika Bydgoska,True,0.010440553628079144,14,15,True,0.0,0.0,False,0.4000470770248357,0.3808405553746397,0.3988826695612402,0.35276214115799176,0.40866658644707066,0.3850644168471695,0.4314428256941616
2025,2026,2025→2026,True,Politechnika Czestochowska,16,1,0.5,0.00321295232264604,15,Politechnika Bydgoska,True,0.015648328803937447,14,15,True,0.0,0.0,False,0.5361725475203367,0.6077541023269406,0.5271433149754312,0.6769518762267612,0.5900089075219661,0.6743660764917392,0.5028238862895884
2025,2026,2025→2026,True,Politechnika Czestochowska,16,2,0.0,1e-06,14,Politechnika Bialostocka,True,0.02416385699125277,14,15,True,0.030619812709775106,1.2671740575546102,True,0.8971057938823045,0.8835116767381912,0.9454669895524459,0.8364160144588739,0.9351138615712573,0.9725065965346058,0.9164177904234294
2025,2026,2025→2026,True,Politechnika Czestochowska,16,2,0.25,0.011056700729999897,14,Politechnika Bialostocka,True,0.05591938746275697,14,15,True,0.030619812709775106,0.5475706029535515,True,2.20813796270393,2.1134908952134657,2.0437186856727574,2.1487798783785372,2.1263464472446536,2.028427846817493,2.1206489903489114
2025,2026,2025→2026,True,Politechnika Czestochowska,16,2,0.5,0.022113401459999793,14,Politechnika Bialostocka,True,0.08755860141315037,12,15,True,0.030619812709775106,0.34970650759134136,True,3.5025260416666377,3.2289195107324753,3.2276976085953812,3.340721979206757,3.3196140801610374,3.2409612259173826,3.29687039947536
2025,2026,2025→2026,True,Politechnika Czestochowska,16,3,0.0,1e-06,13,WAT,True,0.15302281933704023,10,15,True,0.09367793602172553,0.61218278703515,False,6.484460629799585,5.536048416973305,5.472407761221398,5.943356399783816,5.613284717734057,5.675576286169526,5.698412686149284
2025,2026,2025→2026,True,Politechnika Czestochowska,16,3,0.25,0.0003500438465965927,13,WAT,True,0.15338852602411054,10,15,True,0.09367793602172553,0.61072322976101,False,6.578697916666634,5.536048416969342,5.4225100642248725,5.844494574430254,5.66175986341706,5.668158522930444,5.7972426881644
2025,2026,2025→2026,True,Politechnika Czestochowska,16,3,0.5,0.0007000876931931854,13,WAT,True,0.15462159941621242,10,15,True,0.09367793602172553,0.605852845756446,False,6.605298394526912,5.541492022286876,5.414511075321515,6.126596449127214,5.716833138353394,5.6315702431353305,5.787176390614629
2025,2026,2025→2026,True,Politechnika Rzeszowska,17,1,0.0,1e-06,16,Politechnika Czestochowska,True,0.040713979202327194,14,17,True,0.056022751169087406,1.3760077562225892,False,1.5071190563597723,1.5835575361004994,1.5664087555846695,1.5681790321951716,1.5823114644920366,1.4606673463472275,1.4990457533894608
2025,2026,2025→2026,True,Politechnika Rzeszowska,17,1,0.25,0.0005342515278398963,16,Politechnika Czestochowska,True,0.04261466854762772,14,17,True,0.056022751169087406,1.3146353844445444,False,1.5873801501699396,1.6934208173490228,1.6762720368351802,1.617251448925694,1.6266582345251912,1.5402174629222665,1.526097281594463
2025,2026,2025→2026,True,Politechnika Rzeszowska,17,1,0.5,0.0010685030556797925,16,Politechnika Czestochowska,True,0.04478327885088729,14,17,True,0.056022751169087406,1.250974752331638,False,1.6895489424648746,1.693420817350444,1.6765036710764347,1.7879055946944278,1.6723195412905567,1.7055894060263754,1.6187069246590635
2025,2026,2025→2026,True,Politechnika Rzeszowska,17,2,0.0,1e-06,15,Politechnika Bydgoska,True,0.04674884521062563,14,17,True,0.067245052348951,1.438432372949113,False,1.665331930643231,1.839905192345792,1.8227564118380002,1.787905594693695,1.8267099194633762,1.6752474933049544,1.7417212989182418
2025,2026,2025→2026,True,Politechnika Rzeszowska,17,2,0.25,0.00160647616132302,15,Politechnika Bydgoska,True,0.052129346517066806,14,17,True,0.067245052348951,1.2899653811492806,False,1.8979174950100792,1.9685527488647492,2.0922307031157494,2.0640123112915743,1.9811366641393269,1.8718278787304365,1.905565195479536
2025,2026,2025→2026,True,Politechnika Rzeszowska,17,2,0.5,0.00321295232264604,15,Politechnika Bydgoska,True,0.05596647153828735,14,17,True,0.067245052348951,1.201523885652642,False,2.100291118386502,2.132873942356539,2.1157251618355244,2.058824214682198,2.1916426657218158,2.119847033846672,2.0856620531610695
2025,2026,2025→2026,True,Politechnika Rzeszowska,17,3,0.0,1e-06,14,Politechnika Bialostocka,True,0.06606457123089647,14,17,True,0.09928028666171934,1.5027765232098993,True,2.432530071308529,2.5723270673462584,2.448588734647028,2.4604994657021817,2.5156773326599935,2.5365965018518843,2.5097027637893454
2025,2026,2025→2026,True,Politechnika Rzeszowska,17,3,0.25,0.011056700729999897,14,Politechnika Bialostocka,True,0.09948987396395087,14,17,True,0.09928028666171934,0.9978933805634584,True,3.789595735974119,3.683582499712157,3.67997561158786,3.8152181878902236,3.7048863729258974,3.8795111563580233,3.7653199289889305
2025,2026,2025→2026,True,Politechnika Rzeszowska,17,3,0.5,0.022113401459999793,14,Politechnika Bialostocka,True,0.1319830844697725,12,17,True,0.09928028666171934,0.7522197792282773,True,5.203309234500325,4.916077067350466,4.898928286834248,4.8458466911692755,4.885165891736698,5.049534533846889,5.109670422583501
2025,2026,2025→2026,True,Uniwersytet Morski w Gdyni,18,1,0.0,1e-06,17,Politechnika Rzeszowska,True,0.018247697424754884,16,16,True,0.0,0.0,False,0.5216237501700347,0.7950487934510919,0.6589788789983286,0.7111411267455126,0.6827890476641119,0.7386525995923876,0.6883366042389039
2025,2026,2025→2026,True,Uniwersytet Morski w Gdyni,18,1,0.25,0.003512616657089268,17,Politechnika Rzeszowska,True,0.028471450589027482,15,16,True,0.0,0.0,False,1.0859412454264943,1.15556038679836,1.0984320039985729,0.965863520013846,1.1077813581211737,1.1117714986015104,0.9944778434801932
2025,2026,2025→2026,True,Uniwersytet Morski w Gdyni,18,1,0.5,0.007025233314178536,17,Politechnika Rzeszowska,True,0.03881812853265682,15,16,True,0.0,0.0,False,1.4178918274913064,1.507612870122621,1.4943445868708327,1.3718548536290425,1.5267574433199926,1.4679055609443825,1.477961676374759
2025,2026,2025→2026,True,Uniwersytet Morski w Gdyni,18,2,0.0,1e-06,16,Politechnika Czestochowska,True,0.060730902107785076,14,16,True,0.0,0.0,False,2.2178829655226275,2.3788300233843596,2.270307003999994,2.274000561367742,2.3430017944756076,2.3206723866690204,2.2592116763745755
2025,2026,2025→2026,True,Uniwersytet Morski w Gdyni,18,2,0.25,0.0005342515278398963,16,Politechnika Czestochowska,True,0.06194729448259418,14,16,True,0.0,0.0,False,2.2917726748830995,2.3422089296495585,2.409028267935842,2.256902944710487,2.408138996713083,2.3206723866682823,2.3568679263738317
2025,2026,2025→2026,True,Uniwersytet Morski w Gdyni,18,2,0.5,0.0010685030556797925,16,Politechnika Czestochowska,True,0.06372565932163231,14,16,True,0.0,0.0,False,2.338214478091105,2.479572758747284,2.430869963709814,2.3210580844794992,2.464541131532172,2.393914574169237,2.427517076945698
2025,2026,2025→2026,True,Uniwersytet Morski w Gdyni,18,3,0.0,1e-06,15,Politechnika Bydgoska,True,0.0672553793929616,14,16,True,0.011635840160134038,0.17300980628103854,False,2.4303060906566367,2.6032991824826435,2.6064871810256185,2.447899641185758,2.578440763416856,2.5693066122451813,2.5521804263746226
2025,2026,2025→2026,True,Uniwersytet Morski w Gdyni,18,3,0.25,0.00160647616132302,15,Politechnika Bydgoska,True,0.07201478358644248,14,16,True,0.011635840160134038,0.16157571516086044,False,2.697843960385389,2.8182831484012683,2.7946458299199506,2.462282322132034,2.7568675778240403,2.760125511669176,2.7474929263737238
2025,2026,2025→2026,True,Uniwersytet Morski w Gdyni,18,3,0.5,0.00321295232264604,15,Politechnika Bydgoska,True,0.07730663088049411,14,16,True,0.011635840160134038,0.15051542186751765,False,2.863467295395926,2.964767523397749,2.9407296737956723,2.887352766185572,2.94629912598966,2.906609886669803,2.9428054263742314
2025,2026,2025→2026,True,Politechnika Swietokrzyska,19,1,0.0,1e-06,18,Uniwersytet Morski w Gdyni,True,0.033708145153751874,17,20,True,0.065184126868378,1.9337797013468332,True,1.1400359841774468,1.3164186286762414,1.3742870705119703,1.194452219944675,1.2999836443623958,1.3263542048506827,1.2510781093428291
2025,2026,2025→2026,True,Politechnika Swietokrzyska,19,1,0.25,0.001467463563929114,18,Uniwersytet Morski w Gdyni,True,0.037799750102111875,17,20,True,0.065184126868378,1.7244592012457818,True,1.2835994639847963,1.4477543885149102,1.5937085136334073,1.340936594945924,1.4744173948548378,1.4728385798507437,1.3650687930557848
2025,2026,2025→2026,True,Politechnika Swietokrzyska,19,1,0.5,0.002934927127858228,18,Uniwersytet Morski w Gdyni,True,0.04296909513018999,17,20,True,0.065184126868378,1.517000222389598,True,1.428593534435982,1.7186171305348052,1.6398085831883846,1.629850073625666,1.6046214787088064,1.692565142351432,1.6382724840637908
2025,2026,2025→2026,True,Politechnika Swietokrzyska,19,2,0.0,1e-06,17,Politechnika Rzeszowska,True,0.050850150635592055,16,20,True,0.08000338019031952,1.5733164836353888,False,1.7214644388909497,1.9755983161779622,2.095054556402187,1.8837426394260004,1.956009644648643,1.9122917048513155,1.8895439807207037
2025,2026,2025→2026,True,Politechnika Swietokrzyska,19,2,0.25,0.003512616657089268,17,Politechnika Rzeszowska,True,0.06109581153823622,15,20,True,0.08000338019031952,1.3094740568303964,False,2.144385593504989,2.3437966710247893,2.477783167684544,2.2198428449445307,2.3242926673429585,2.2052604548504497,2.4295241729430095
2025,2026,2025→2026,True,Politechnika Swietokrzyska,19,2,0.5,0.007025233314178536,17,Politechnika Rzeszowska,True,0.07180802895113081,15,20,True,0.08000338019031952,1.1141286198617997,False,2.5917750578335355,2.781262378686078,2.8826768534773617,2.7291452603225688,2.7287790053853014,2.646146507678959,2.627703551604216
2025,2026,2025→2026,True,Politechnika Swietokrzyska,19,3,0.0,1e-06,16,Politechnika Czestochowska,True,0.09228122020959473,14,20,True,0.13562280675856994,1.469668546325408,False,3.437702389320866,3.5132530510520676,3.6010891437155523,3.391717844943698,3.510157044470347,3.5236545906596914,3.4334464031976153
2025,2026,2025→2026,True,Politechnika Swietokrzyska,19,3,0.25,0.0005342515278398963,16,Politechnika Czestochowska,True,0.09378373072006568,14,20,True,0.13562280675856994,1.4461229652229275,False,3.4252474665587695,3.5821236857417116,3.6560207843172154,3.5015811261957905,3.5748118910698343,3.560240923600361,3.5082470439402877
2025,2026,2025→2026,True,Politechnika Swietokrzyska,19,3,0.5,0.0010685030556797925,16,Politechnika Czestochowska,True,0.09476810535963757,14,20,True,0.13562280675856994,1.4311018062869565,False,3.45455893275868,3.6183842525011056,3.65727976631276,3.4649600324442584,3.6507835574801026,3.611828780212767,3.6094438462519083
2025,2026,2025→2026,True,Politechnika Koszalinska,20,1,0.0,1e-06,19,Politechnika Swietokrzyska,True,0.01166532384350056,17,19,True,0.0,0.0,False,0.36705729166667533,0.5011101010603869,0.40211828510998693,0.44601811867637786,0.4420094895775606,0.4596191883557921,0.4557432944083062
2025,2026,2025→2026,True,Politechnika Koszalinska,20,1,0.25,0.0028988227299387437,19,Politechnika Swietokrzyska,True,0.019496770273464147,17,19,True,0.0,0.0,False,0.6111979166666719,0.7686319314409773,0.8919089179358242,0.6828901877765747,0.7745761089437087,0.679345750854915,0.7166332725934532
2025,2026,2025→2026,True,Politechnika Koszalinska,20,1,0.5,0.005797645459877487,19,Politechnika Swietokrzyska,True,0.027980206753539457,17,19,True,0.0,0.0,False,0.902658464167231,1.1077454665767261,1.1438981088028988,1.0319556186758116,1.096130095217207,1.0658290118219227,1.0373521233084326
2025,2026,2025→2026,True,Politechnika Koszalinska,20,2,0.0,1e-06,18,Uniwersytet Morski w Gdyni,True,0.045012145489219946,17,19,True,0.060261042163312815,1.3387729358011797,True,1.5107450207785096,1.7638627672634355,1.8305485043030867,1.6574630163320836,1.7180753851132768,1.7216828646237914,1.6891724729865554
2025,2026,2025→2026,True,Politechnika Koszalinska,20,2,0.25,0.001467463563929114,18,Uniwersytet Morski w Gdyni,True,0.04974608560880879,17,19,True,0.060261042163312815,1.2113725416948602,True,1.649384974636009,1.9877016341575238,2.050938666948099,1.9841040561759116,1.8695574307233953,1.7779785633560086,1.809925598790929
2025,2026,2025→2026,True,Politechnika Koszalinska,20,2,0.5,0.002934927127858228,18,Uniwersytet Morski w Gdyni,True,0.05379804719015859,17,19,True,0.060261042163312815,1.1201343786756728,True,1.8164253714051948,2.136746889569008,2.1282080786410473,2.0573462436757115,2.032725554256193,2.0235818290978482,2.0219818556152402
2025,2026,2025→2026,True,Politechnika Koszalinska,20,3,0.0,1e-06,17,Politechnika Rzeszowska,True,0.06222294821171125,16,19,True,0.0758398944458705,1.2188412253920868,False,2.1579301160553945,2.423042454755453,2.4409442006478432,2.4115003235080144,2.370694236107412,2.363916063355498,2.2819559596074956
2025,2026,2025→2026,True,Politechnika Koszalinska,20,3,0.25,0.003512616657089268,17,Politechnika Rzeszowska,True,0.07317404989300925,15,19,True,0.0758398944458705,1.0364315567712745,False,2.6278713457427134,2.8258744860134355,2.8284482799342703,2.8630103061757395,2.7135628756215056,2.730127000855326,2.763906067630839
2025,2026,2025→2026,True,Politechnika Koszalinska,20,3,0.5,0.007025233314178536,17,Politechnika Rzeszowska,True,0.08232310925416243,15,19,True,0.0758398944458705,0.9212467207928723,False,2.8813160501884676,3.265327611007973,3.1840947281342458,3.1559790561769665,3.139870523111327,3.023095750855498,3.1160935035616344
2025,2026,2025→2026,True,Politechnika Morska w Szczecinie,21,1,0.0,1e-06,20,Politechnika Koszalinska,True,0.030664488627952312,18,21,True,0.014801275950033645,0.4826845844264787,False,0.9860552241364451,1.2272805631159678,1.2492019016378308,1.041757573960986,1.2427458727956586,1.1125186475445137,1.223399715155915
2025,2026,2025→2026,True,Politechnika Morska w Szczecinie,21,1,0.25,0.0010031856947709944,20,Politechnika Koszalinska,True,0.03420797134426436,18,21,True,0.014801275950033645,0.4326849961687474,False,1.1916700455480538,1.3141243799896396,1.3281672668393085,1.2183788907319248,1.3341303669350602,1.3179690028661817,1.337696195995769
2025,2026,2025→2026,True,Politechnika Morska w Szczecinie,21,1,0.5,0.002006371389541989,20,Politechnika Koszalinska,True,0.03668675420394506,18,21,True,0.014801275950033645,0.4034501353745274,False,1.229327476008705,1.4813261783486076,1.4145308866354345,1.3317510027908348,1.4631956203965846,1.3510965600610214,1.418712215158341
2025,2026,2025→2026,True,Politechnika Morska w Szczecinie,21,2,0.0,1e-06,19,Politechnika Swietokrzyska,True,0.04199809124629935,17,21,True,0.0195447001922285,0.4653711540747861,False,1.422426187686192,1.647132326173445,1.7315710846785182,1.4701906934773663,1.6934261577302379,1.5064821587626231,1.614024715159762
2025,2026,2025→2026,True,Politechnika Morska w Szczecinie,21,2,0.25,0.0028988227299387437,19,Politechnika Swietokrzyska,True,0.0502907775400772,17,21,True,0.0195447001922285,0.3886338837504181,False,1.72837239216779,2.0117585824093673,2.0270418389555234,1.779777757326012,2.015710224937217,1.8113420622558607,1.9069934651664178
2025,2026,2025→2026,True,Politechnika Morska w Szczecinie,21,2,0.5,0.005797645459877487,19,Politechnika Swietokrzyska,True,0.05835899788251965,17,21,True,0.0195447001922285,0.3349046574030146,False,1.941772673827362,2.336148047007086,2.3488336825800538,2.0727465073259816,2.3394418367722047,2.1043108122558776,2.2616913294899286
2025,2026,2025→2026,True,Politechnika Morska w Szczecinie,21,3,0.0,1e-06,18,Uniwersytet Morski w Gdyni,True,0.07574071462546644,17,21,True,0.07707964030905386,1.017677753506926,True,2.6255989583333537,2.9476368774506376,3.0002985388970504,2.805168382325962,2.9620125655542173,2.836732687255589,2.8448011732458367
2025,2026,2025→2026,True,Politechnika Morska w Szczecinie,21,3,0.25,0.001467463563929114,18,Uniwersytet Morski w Gdyni,True,0.08040032130229999,17,21,True,0.07707964030905386,0.9586981626508607,True,2.7841485357823332,3.1826894862383606,3.142685339265372,3.002465449612504,3.099634754698022,2.983217062255733,3.0598254278967785
2025,2026,2025→2026,True,Politechnika Morska w Szczecinie,21,3,0.5,0.002934927127858228,18,Uniwersytet Morski w Gdyni,True,0.08418669725147454,17,21,True,0.07707964030905386,0.9155798104159953,True,2.9342192600228154,3.258460451170647,3.353148211695456,3.0981371323261646,3.27387442363698,3.1297014372567213,3.208029194844786
2025,2026,2025→2026,True,Uniwersytet Bielsko-Bialski,22,1,0.0,1e-06,21,Politechnika Morska w Szczecinie,True,0.20295025381432674,19,22,True,0.1994633157757901,0.9828187549756565,False,6.456143088601943,9.018685741134181,8.673082248057195,6.903089179660707,7.824412527485985,7.306449276710886,7.168608708655719
2025,2026,2025→2026,True,Uniwersytet Bielsko-Bialski,22,1,0.25,0.002761771683055761,21,Politechnika Morska w Szczecinie,True,0.2120454129887021,19,22,True,0.1994633157757901,0.9406631955128292,False,6.829280471255325,9.38489667862713,8.851201837906153,7.487393909366805,8.132601931859401,7.673667342354795,7.449025981921017
2025,2026,2025→2026,True,Uniwersytet Bielsko-Bialski,22,1,0.5,0.005523543366111522,21,Politechnika Morska w Szczecinie,True,0.22043848634771646,19,22,True,0.1994633157757901,0.9048479649835718,False,7.121967228471771,9.622365215631323,9.231152137091136,7.825422799207585,8.430876685937083,7.979572474659335,7.836725256764318
2025,2026,2025→2026,True,Uniwersytet Bielsko-Bialski,22,2,0.0,1e-06,20,Politechnika Koszalinska,True,0.23731447629285105,18,22,True,0.21591060387511535,0.9098079782064248,False,7.77352406232453,10.243650643882074,9.954820529300656,8.51968726545416,9.047114830985741,8.588857641434466,8.39757503678655
2025,2026,2025→2026,True,Uniwersytet Bielsko-Bialski,22,2,0.25,0.0010031856947709944,20,Politechnika Koszalinska,True,0.24023092275470256,18,22,True,0.21591060387511535,0.8987627462746731,False,7.910566638743233,10.42028345006425,9.991441623054897,8.587659492160856,9.160383791257853,8.698054822621609,8.532526038014385
2025,2026,2025→2026,True,Uniwersytet Bielsko-Bialski,22,2,0.5,0.002006371389541989,20,Politechnika Koszalinska,True,0.24268424739579095,18,22,True,0.21591060387511535,0.8896770441098685,False,8.077162542252015,10.322123878532263,10.064683810551822,8.7341438671606,9.302021084731576,8.811333762659052,8.684429457741047
2025,2026,2025→2026,True,Uniwersytet Bielsko-Bialski,22,3,0.0,1e-06,19,Politechnika Swietokrzyska,True,0.2487200948832024,17,22,True,0.21992774437813908,0.8842379401689113,False,8.331020361359142,10.630013866124477,10.28441037304727,8.96932354215905,9.538590213660042,9.028310766434162,8.803453915770772
2025,2026,2025→2026,True,Uniwersytet Bielsko-Bialski,22,3,0.25,0.0028988227299387437,19,Politechnika Swietokrzyska,True,0.2576539160703843,17,22,True,0.21992774437813908,0.853578116460922,False,8.681740428647933,10.90793239070681,10.577379123049091,9.360292777370075,9.84516762555565,9.337875587581584,9.267174472197723
2025,2026,2025→2026,True,Uniwersytet Bielsko-Bialski,22,3,0.5,0.005797645459877487,19,Politechnika Swietokrzyska,True,0.2661867996412241,17,22,True,0.21992774437813908,0.8262158178939204,False,9.099249498162235,11.257153398996856,10.849260240655834,9.589131968773415,10.172204933491253,9.687490453934661,9.594537756764158
2025,2026,2025→2026,True,Uniwersytet Radomski,23,1,0.0,1e-06,22,Uniwersytet Bielsko-Bialski,True,0.012982812318908568,22,23,True,0.03148058336390571,2.4247892205956347,False,0.26564526440262004,0.5778775767676381,0.5598573195529144,0.4135105880036072,0.4967137541606881,0.5277168235843177,0.5209447501753672
2025,2026,2025→2026,True,Uniwersytet Radomski,23,1,0.25,0.01715873365941778,22,Uniwersytet Bielsko-Bialski,True,0.06119380492108241,22,23,True,0.03148058336390571,0.5144406922319037,False,1.637656250000002,2.868082881106404,2.794262517569135,1.95159652550351,2.3476590953889875,2.021427098606998,2.3075305940638557
2025,2026,2025→2026,True,Uniwersytet Radomski,23,1,0.5,0.03431746731883556,22,Uniwersytet Bielsko-Bialski,True,0.10912826747868526,22,23,True,0.03148058336390571,0.28847322596828034,False,3.0536718750000014,4.874383212155586,4.808422673822477,3.489682463003327,4.227795950379715,3.852481786106404,4.241530053746256
2025,2026,2025→2026,True,Uniwersytet Radomski,23,2,0.0,1e-06,21,Politechnika Morska w Szczecinie,True,0.20718605141566646,19,23,True,0.22345125581317132,1.0785053061553493,False,6.605917908912174,8.697393910389263,8.65195623987386,7.151791838003108,7.955558243566319,7.544182091897101,7.985469496973363
2025,2026,2025→2026,True,Uniwersytet Radomski,23,2,0.25,0.002761771683055761,21,Politechnika Morska w Szczecinie,True,0.2150040107207001,19,23,True,0.22345125581317132,1.0392887791448904,False,6.959921875000016,9.037350233020359,8.91112030122433,7.444760588003535,8.259620363524784,7.794369588696293,8.267223442556897
2025,2026,2025→2026,True,Uniwersytet Radomski,23,2,0.5,0.005523543366111522,21,Politechnika Morska w Szczecinie,True,0.2229917089958505,19,23,True,0.22345125581317132,1.0020608246799407,False,7.173952043839135,9.3012131643754,9.270770479220724,7.840228969093643,8.566124108604644,8.100528661106694,8.535891643689746
2025,2026,2025→2026,True,Uniwersytet Radomski,23,3,0.0,1e-06,20,Politechnika Koszalinska,True,0.23937061895278056,18,23,True,0.23904772005779865,0.9986510504238383,False,7.871229122123832,9.869880999675807,9.977557921659264,8.454974202427746,9.133213642117449,8.68646616110697,9.14896697410368
2025,2026,2025→2026,True,Uniwersytet Radomski,23,3,0.25,0.0010031856947709944,20,Politechnika Koszalinska,True,0.2417961248489181,18,23,True,0.23904772005779865,0.9886333794934193,False,7.978372697458163,9.95697904523427,9.923437999582374,8.562054279793013,9.26878768134033,8.832950536107514,9.281323280437448
2025,2026,2025→2026,True,Uniwersytet Radomski,23,3,0.5,0.002006371389541989,20,Politechnika Koszalinska,True,0.24463036011619346,18,23,True,0.23904772005779865,0.9771792836516972,False,8.093857390497883,10.099361951773444,10.085901651693785,8.616635588003344,9.359720601871729,8.83295053610782,9.451734534603895
