algorithm,method,n_criteria,rep,ms,feasible,score_excess
direct,RTOPSIS,1,0,15.95169999927748,True,4.999999998478444e-07
direct,RTOPSIS,1,1,14.896299995598383,True,4.999999998478444e-07
direct,RTOPSIS,1,2,13.5833999956958,True,4.999999998478444e-07
direct,RTOPSIS,1,3,14.024200005223975,True,4.999999998478444e-07
direct,RTOPSIS,1,4,14.580099988961592,True,4.999999998478444e-07
direct,RTOPSIS,1,5,16.310700011672452,True,4.999999998478444e-07
direct,RTOPSIS,1,6,18.802899998263456,True,4.999999998478444e-07
direct,RTOPSIS,1,7,16.088200005469844,True,4.999999998478444e-07
direct,RTOPSIS,1,8,20.250699992175214,True,4.999999998478444e-07
direct,RTOPSIS,1,9,16.760300000896677,True,4.999999998478444e-07
direct,RTOPSIS,1,10,20.035299996379763,True,4.999999998478444e-07
direct,RTOPSIS,1,11,22.984399998676963,True,4.999999998478444e-07
direct,RTOPSIS,1,12,24.53070000046864,True,4.999999998478444e-07
direct,RTOPSIS,1,13,17.38969999132678,True,4.999999998478444e-07
direct,RTOPSIS,1,14,15.41900000302121,True,4.999999998478444e-07
direct,RTOPSIS,1,15,15.692000000854023,True,4.999999998478444e-07
direct,RTOPSIS,1,16,15.285699992091395,True,4.999999998478444e-07
direct,RTOPSIS,1,17,15.970299995387904,True,4.999999998478444e-07
direct,RTOPSIS,1,18,15.174599990132265,True,4.999999998478444e-07
direct,RTOPSIS,1,19,13.487200005329214,True,4.999999998478444e-07
direct,RTOPSIS,1,20,14.156399993225932,True,4.999999998478444e-07
direct,RTOPSIS,1,21,15.305300010368228,True,4.999999998478444e-07
direct,RTOPSIS,1,22,21.083900006487966,True,4.999999998478444e-07
direct,RTOPSIS,1,23,18.09990000037942,True,4.999999998478444e-07
direct,RTOPSIS,1,24,20.580800002790056,True,4.999999998478444e-07
direct,RTOPSIS,1,25,16.91500000015367,True,4.999999998478444e-07
direct,RTOPSIS,1,26,17.147200007457286,True,4.999999998478444e-07
direct,RTOPSIS,1,27,17.90360000450164,True,4.999999998478444e-07
direct,RTOPSIS,1,28,17.46869999624323,True,4.999999998478444e-07
direct,RTOPSIS,1,29,18.764000007649884,True,4.999999998478444e-07
direct,RTOPSIS,1,30,15.601699997205287,True,4.999999998478444e-07
direct,RTOPSIS,1,31,16.28149999305606,True,4.999999998478444e-07
direct,RTOPSIS,1,32,16.14269999845419,True,4.999999998478444e-07
direct,RTOPSIS,1,33,16.77909999853,True,4.999999998478444e-07
direct,RTOPSIS,1,34,14.238199990359135,True,4.999999998478444e-07
direct,RTOPSIS,1,35,13.924800005042925,True,4.999999998478444e-07
direct,RTOPSIS,1,36,13.816999999107793,True,4.999999998478444e-07
direct,RTOPSIS,1,37,13.732699997490272,True,4.999999998478444e-07
direct,RTOPSIS,1,38,16.898200003197417,True,4.999999998478444e-07
direct,RTOPSIS,1,39,18.467800007783808,True,4.999999998478444e-07
direct,RTOPSIS,1,40,17.53830000234302,True,4.999999998478444e-07
direct,RTOPSIS,1,41,18.76430000993423,True,4.999999998478444e-07
direct,RTOPSIS,1,42,15.158700000029057,True,4.999999998478444e-07
direct,RTOPSIS,1,43,14.460100006544963,True,4.999999998478444e-07
direct,RTOPSIS,1,44,14.107499999227002,True,4.999999998478444e-07
direct,RTOPSIS,1,45,17.48149999184534,True,4.999999998478444e-07
direct,RTOPSIS,1,46,16.088399992440827,True,4.999999998478444e-07
direct,RTOPSIS,1,47,14.438500002142973,True,4.999999998478444e-07
direct,RTOPSIS,1,48,13.146700002835132,True,4.999999998478444e-07
direct,RTOPSIS,1,49,13.145200005965307,True,4.999999998478444e-07
direct,RTOPSIS,1,50,13.70709999173414,True,4.999999998478444e-07
direct,RTOPSIS,1,51,16.069100005552173,True,4.999999998478444e-07
direct,RTOPSIS,1,52,17.351400005281903,True,4.999999998478444e-07
direct,RTOPSIS,1,53,17.149700011941604,True,4.999999998478444e-07
direct,RTOPSIS,1,54,16.361300004064105,True,4.999999998478444e-07
direct,RTOPSIS,1,55,14.131700008874759,True,4.999999998478444e-07
direct,RTOPSIS,1,56,13.114000001223758,True,4.999999998478444e-07
direct,RTOPSIS,1,57,16.211699999985285,True,4.999999998478444e-07
direct,RTOPSIS,1,58,19.70620000793133,True,4.999999998478444e-07
direct,RTOPSIS,1,59,23.695399999269284,True,4.999999998478444e-07
direct,RTOPSIS,1,60,18.547200001194142,True,4.999999998478444e-07
direct,RTOPSIS,1,61,15.262900007655844,True,4.999999998478444e-07
direct,RTOPSIS,1,62,15.310399990994483,True,4.999999998478444e-07
direct,RTOPSIS,1,63,16.875299988896586,True,4.999999998478444e-07
direct,RTOPSIS,1,64,14.068200005567633,True,4.999999998478444e-07
direct,RTOPSIS,1,65,13.035399999353103,True,4.999999998478444e-07
direct,RTOPSIS,1,66,14.22630000161007,True,4.999999998478444e-07
direct,RTOPSIS,1,67,13.577200006693602,True,4.999999998478444e-07
direct,RTOPSIS,1,68,13.541499996790662,True,4.999999998478444e-07
direct,RTOPSIS,1,69,17.263200003071688,True,4.999999998478444e-07
direct,RTOPSIS,1,70,19.957399999839254,True,4.999999998478444e-07
direct,RTOPSIS,1,71,18.511099988245405,True,4.999999998478444e-07
direct,RTOPSIS,1,72,18.852199995308183,True,4.999999998478444e-07
direct,RTOPSIS,1,73,15.747199999168515,True,4.999999998478444e-07
direct,RTOPSIS,1,74,17.373499998939224,True,4.999999998478444e-07
direct,RTOPSIS,1,75,19.39259999198839,True,4.999999998478444e-07
direct,RTOPSIS,1,76,20.223200001055375,True,4.999999998478444e-07
direct,RTOPSIS,1,77,16.120100000989623,True,4.999999998478444e-07
direct,RTOPSIS,1,78,15.420600000652485,True,4.999999998478444e-07
direct,RTOPSIS,1,79,16.45900000585243,True,4.999999998478444e-07
direct,RTOPSIS,1,80,16.952599995420314,True,4.999999998478444e-07
direct,RTOPSIS,1,81,16.921799993724562,True,4.999999998478444e-07
direct,RTOPSIS,1,82,15.237799991155043,True,4.999999998478444e-07
direct,RTOPSIS,1,83,13.631300011184067,True,4.999999998478444e-07
direct,RTOPSIS,1,84,13.276600002427585,True,4.999999998478444e-07
direct,RTOPSIS,1,85,14.590399994631298,True,4.999999998478444e-07
direct,RTOPSIS,1,86,17.52910000504926,True,4.999999998478444e-07
direct,RTOPSIS,1,87,19.779099995503202,True,4.999999998478444e-07
direct,RTOPSIS,1,88,17.348499997751787,True,4.999999998478444e-07
direct,RTOPSIS,1,89,16.821400000480935,True,4.999999998478444e-07
direct,RTOPSIS,1,90,13.916900003096089,True,4.999999998478444e-07
direct,RTOPSIS,1,91,13.908799999626353,True,4.999999998478444e-07
direct,RTOPSIS,1,92,18.554499998572282,True,4.999999998478444e-07
direct,RTOPSIS,1,93,18.676500010769814,True,4.999999998478444e-07
direct,RTOPSIS,1,94,16.29930001217872,True,4.999999998478444e-07
direct,RTOPSIS,1,95,15.585999994073063,True,4.999999998478444e-07
direct,RTOPSIS,1,96,14.966800008551218,True,4.999999998478444e-07
direct,RTOPSIS,1,97,14.364099988597445,True,4.999999998478444e-07
direct,RTOPSIS,1,98,15.548099996522069,True,4.999999998478444e-07
direct,RTOPSIS,1,99,15.249899995978922,True,4.999999998478444e-07
direct,RTOPSIS,1,100,15.558099999907427,True,4.999999998478444e-07
direct,RTOPSIS,1,101,23.30100000835955,True,4.999999998478444e-07
direct,RTOPSIS,1,102,14.24129999941215,True,4.999999998478444e-07
direct,RTOPSIS,1,103,16.26119999855291,True,4.999999998478444e-07
direct,RTOPSIS,1,104,19.33110000391025,True,4.999999998478444e-07
direct,RTOPSIS,1,105,16.8102000025101,True,4.999999998478444e-07
direct,RTOPSIS,1,106,16.274100009468384,True,4.999999998478444e-07
direct,RTOPSIS,1,107,15.544100009719841,True,4.999999998478444e-07
direct,RTOPSIS,1,108,17.012700001941994,True,4.999999998478444e-07
direct,RTOPSIS,1,109,19.817299995338544,True,4.999999998478444e-07
direct,RTOPSIS,1,110,18.142000000807457,True,4.999999998478444e-07
direct,RTOPSIS,1,111,22.17870000458788,True,4.999999998478444e-07
direct,RTOPSIS,1,112,17.82470000034664,True,4.999999998478444e-07
direct,RTOPSIS,1,113,15.921499987598509,True,4.999999998478444e-07
direct,RTOPSIS,1,114,16.857100010383874,True,4.999999998478444e-07
direct,RTOPSIS,1,115,16.06480000191368,True,4.999999998478444e-07
direct,RTOPSIS,1,116,16.368700002203695,True,4.999999998478444e-07
direct,RTOPSIS,1,117,16.91999999457039,True,4.999999998478444e-07
direct,RTOPSIS,1,118,19.92039999458939,True,4.999999998478444e-07
direct,RTOPSIS,1,119,18.39940001082141,True,4.999999998478444e-07
direct,RTOPSIS,1,120,15.968200008501299,True,4.999999998478444e-07
direct,RTOPSIS,1,121,15.391200009617023,True,4.999999998478444e-07
direct,RTOPSIS,1,122,14.423400003579445,True,4.999999998478444e-07
direct,RTOPSIS,1,123,13.273899996420369,True,4.999999998478444e-07
direct,RTOPSIS,1,124,12.56029999058228,True,4.999999998478444e-07
direct,RTOPSIS,1,125,12.705300003290176,True,4.999999998478444e-07
direct,RTOPSIS,1,126,14.50640000985004,True,4.999999998478444e-07
direct,RTOPSIS,1,127,19.34840000467375,True,4.999999998478444e-07
direct,RTOPSIS,1,128,15.497800006414764,True,4.999999998478444e-07
direct,RTOPSIS,1,129,16.63860000553541,True,4.999999998478444e-07
direct,RTOPSIS,1,130,16.56780000485014,True,4.999999998478444e-07
direct,RTOPSIS,1,131,17.42519999970682,True,4.999999998478444e-07
direct,RTOPSIS,1,132,17.257100000279024,True,4.999999998478444e-07
direct,RTOPSIS,1,133,17.84050000424031,True,4.999999998478444e-07
direct,RTOPSIS,1,134,22.13129999290686,True,4.999999998478444e-07
direct,RTOPSIS,1,135,17.068499990273267,True,4.999999998478444e-07
direct,RTOPSIS,1,136,14.48260000324808,True,4.999999998478444e-07
direct,RTOPSIS,1,137,13.685400001122616,True,4.999999998478444e-07
direct,RTOPSIS,1,138,26.063800003612414,True,4.999999998478444e-07
direct,RTOPSIS,1,139,29.02170000015758,True,4.999999998478444e-07
direct,RTOPSIS,1,140,28.49140000762418,True,4.999999998478444e-07
direct,RTOPSIS,1,141,28.92969999811612,True,4.999999998478444e-07
direct,RTOPSIS,1,142,27.295699997921474,True,4.999999998478444e-07
direct,RTOPSIS,1,143,31.87249999609776,True,4.999999998478444e-07
direct,RTOPSIS,1,144,17.080899997381493,True,4.999999998478444e-07
direct,RTOPSIS,1,145,15.757599991047755,True,4.999999998478444e-07
direct,RTOPSIS,1,146,17.3720000020694,True,4.999999998478444e-07
direct,RTOPSIS,1,147,17.785399992135353,True,4.999999998478444e-07
direct,RTOPSIS,1,148,17.839899999671616,True,4.999999998478444e-07
direct,RTOPSIS,1,149,17.13009999366477,True,4.999999998478444e-07
direct,RTOPSIS,1,150,14.591300001484342,True,4.999999998478444e-07
direct,RTOPSIS,1,151,16.17090000945609,True,4.999999998478444e-07
direct,RTOPSIS,1,152,16.041900002164766,True,4.999999998478444e-07
direct,RTOPSIS,1,153,13.90779999201186,True,4.999999998478444e-07
direct,RTOPSIS,1,154,12.745700005325489,True,4.999999998478444e-07
direct,RTOPSIS,1,155,13.544400004320778,True,4.999999998478444e-07
direct,RTOPSIS,1,156,16.24529999389779,True,4.999999998478444e-07
direct,RTOPSIS,1,157,17.890799994347617,True,4.999999998478444e-07
direct,RTOPSIS,1,158,17.129100000602193,True,4.999999998478444e-07
direct,RTOPSIS,1,159,16.573700006119907,True,4.999999998478444e-07
direct,RTOPSIS,1,160,15.72660000238102,True,4.999999998478444e-07
direct,RTOPSIS,1,161,13.963999997940846,True,4.999999998478444e-07
direct,RTOPSIS,1,162,13.240300002507865,True,4.999999998478444e-07
direct,RTOPSIS,1,163,16.05839999683667,True,4.999999998478444e-07
direct,RTOPSIS,1,164,24.53889999014791,True,4.999999998478444e-07
direct,RTOPSIS,1,165,21.81239999481477,True,4.999999998478444e-07
direct,RTOPSIS,1,166,19.09729999897536,True,4.999999998478444e-07
direct,RTOPSIS,1,167,15.031799994176254,True,4.999999998478444e-07
direct,RTOPSIS,1,168,15.85989999875892,True,4.999999998478444e-07
direct,RTOPSIS,1,169,17.498999994131736,True,4.999999998478444e-07
direct,RTOPSIS,1,170,16.375899998820387,True,4.999999998478444e-07
direct,RTOPSIS,1,171,14.909900011844002,True,4.999999998478444e-07
direct,RTOPSIS,1,172,11.950999993132427,True,4.999999998478444e-07
direct,RTOPSIS,1,173,11.043500009691343,True,4.999999998478444e-07
direct,RTOPSIS,1,174,9.415099993930198,True,4.999999998478444e-07
direct,RTOPSIS,1,175,9.73550000344403,True,4.999999998478444e-07
direct,RTOPSIS,1,176,16.04050000605639,True,4.999999998478444e-07
direct,RTOPSIS,1,177,18.07709998684004,True,4.999999998478444e-07
direct,RTOPSIS,1,178,16.623200004687533,True,4.999999998478444e-07
direct,RTOPSIS,1,179,14.512300011119805,True,4.999999998478444e-07
direct,RTOPSIS,1,180,13.271099989651702,True,4.999999998478444e-07
direct,RTOPSIS,1,181,13.165500000468455,True,4.999999998478444e-07
direct,RTOPSIS,1,182,19.69200000166893,True,4.999999998478444e-07
direct,RTOPSIS,1,183,20.872099994448945,True,4.999999998478444e-07
direct,RTOPSIS,1,184,22.726700000930578,True,4.999999998478444e-07
direct,RTOPSIS,1,185,17.048200010322034,True,4.999999998478444e-07
direct,RTOPSIS,1,186,14.766899999813177,True,4.999999998478444e-07
direct,RTOPSIS,1,187,16.53999999689404,True,4.999999998478444e-07
direct,RTOPSIS,1,188,17.264499998418614,True,4.999999998478444e-07
direct,RTOPSIS,1,189,16.33610000135377,True,4.999999998478444e-07
direct,RTOPSIS,1,190,15.285200002836064,True,4.999999998478444e-07
direct,RTOPSIS,1,191,16.530300010344945,True,4.999999998478444e-07
direct,RTOPSIS,1,192,17.488600002252497,True,4.999999998478444e-07
direct,RTOPSIS,1,193,17.757900001015514,True,4.999999998478444e-07
direct,RTOPSIS,1,194,20.542800004477613,True,4.999999998478444e-07
direct,RTOPSIS,1,195,22.156699997140095,True,4.999999998478444e-07
direct,RTOPSIS,1,196,18.51130000432022,True,4.999999998478444e-07
direct,RTOPSIS,1,197,17.19129999401048,True,4.999999998478444e-07
direct,RTOPSIS,1,198,17.35969999572262,True,4.999999998478444e-07
direct,RTOPSIS,1,199,18.60960001067724,True,4.999999998478444e-07
lexicographic,RTOPSIS,2,0,19.14329999999609,True,6.92687206149678e-07
lexicographic,RTOPSIS,2,1,24.321699995198287,True,6.92687206149678e-07
lexicographic,RTOPSIS,2,2,21.260900000925176,True,6.92687206149678e-07
lexicographic,RTOPSIS,2,3,20.237899996573105,True,6.92687206149678e-07
lexicographic,RTOPSIS,2,4,20.45959999668412,True,6.92687206149678e-07
lexicographic,RTOPSIS,2,5,20.510200003627688,True,6.92687206149678e-07
lexicographic,RTOPSIS,2,6,27.396899997256696,True,6.92687206149678e-07
lexicographic,RTOPSIS,2,7,32.94319999986328,True,6.92687206149678e-07
lexicographic,RTOPSIS,2,8,25.253400002839044,True,6.92687206149678e-07
lexicographic,RTOPSIS,2,9,22.76269999856595,True,6.92687206149678e-07
lexicographic,RTOPSIS,2,10,22.801299986895174,True,6.92687206149678e-07
lexicographic,RTOPSIS,2,11,21.868799987714738,True,6.92687206149678e-07
lexicographic,RTOPSIS,2,12,23.531099999672733,True,6.92687206149678e-07
lexicographic,RTOPSIS,2,13,23.390799993649125,True,6.92687206149678e-07
lexicographic,RTOPSIS,2,14,24.694599997019395,True,6.92687206149678e-07
lexicographic,RTOPSIS,2,15,22.150500008137897,True,6.92687206149678e-07
lexicographic,RTOPSIS,2,16,18.079300003591925,True,6.92687206149678e-07
lexicographic,RTOPSIS,2,17,15.946300001814961,True,6.92687206149678e-07
lexicographic,RTOPSIS,2,18,19.335499993758276,True,6.92687206149678e-07
lexicographic,RTOPSIS,2,19,21.665699998266064,True,6.92687206149678e-07
lexicographic,RTOPSIS,2,20,22.982199996476993,True,6.92687206149678e-07
lexicographic,RTOPSIS,2,21,21.083800005726516,True,6.92687206149678e-07
lexicographic,RTOPSIS,2,22,19.28780000889674,True,6.92687206149678e-07
lexicographic,RTOPSIS,2,23,19.32160000433214,True,6.92687206149678e-07
lexicographic,RTOPSIS,2,24,20.16669999284204,True,6.92687206149678e-07
lexicographic,RTOPSIS,2,25,17.89799999096431,True,6.92687206149678e-07
lexicographic,RTOPSIS,2,26,18.38320000388194,True,6.92687206149678e-07
lexicographic,RTOPSIS,2,27,19.089299996267073,True,6.92687206149678e-07
lexicographic,RTOPSIS,2,28,24.418100001639687,True,6.92687206149678e-07
lexicographic,RTOPSIS,2,29,28.442599999834783,True,6.92687206149678e-07
lexicographic,RTOPSIS,2,30,28.088200007914566,True,6.92687206149678e-07
lexicographic,RTOPSIS,2,31,23.842499998863786,True,6.92687206149678e-07
lexicographic,RTOPSIS,2,32,20.93369999784045,True,6.92687206149678e-07
lexicographic,RTOPSIS,2,33,20.006499995361082,True,6.92687206149678e-07
lexicographic,RTOPSIS,2,34,19.790799997281283,True,6.92687206149678e-07
lexicographic,RTOPSIS,2,35,18.858900002669543,True,6.92687206149678e-07
lexicographic,RTOPSIS,2,36,21.578100000624545,True,6.92687206149678e-07
lexicographic,RTOPSIS,2,37,20.784499996807426,True,6.92687206149678e-07
lexicographic,RTOPSIS,2,38,18.287600003532134,True,6.92687206149678e-07
lexicographic,RTOPSIS,2,39,18.901200004620478,True,6.92687206149678e-07
lexicographic,RTOPSIS,2,40,16.33820000279229,True,6.92687206149678e-07
lexicographic,RTOPSIS,2,41,20.143899993854575,True,6.92687206149678e-07
lexicographic,RTOPSIS,2,42,23.01679999800399,True,6.92687206149678e-07
lexicographic,RTOPSIS,2,43,24.6768999932101,True,6.92687206149678e-07
lexicographic,RTOPSIS,2,44,19.641199993202463,True,6.92687206149678e-07
lexicographic,RTOPSIS,2,45,17.631599999731407,True,6.92687206149678e-07
lexicographic,RTOPSIS,2,46,20.050899998750538,True,6.92687206149678e-07
lexicographic,RTOPSIS,2,47,20.62840000144206,True,6.92687206149678e-07
lexicographic,RTOPSIS,2,48,21.947700006421655,True,6.92687206149678e-07
lexicographic,RTOPSIS,2,49,21.660700003849342,True,6.92687206149678e-07
lexicographic,RTOPSIS,2,50,20.05710000230465,True,6.92687206149678e-07
lexicographic,RTOPSIS,2,51,22.250299996812828,True,6.92687206149678e-07
lexicographic,RTOPSIS,2,52,19.734300003619865,True,6.92687206149678e-07
lexicographic,RTOPSIS,2,53,17.72530000016559,True,6.92687206149678e-07
lexicographic,RTOPSIS,2,54,18.381400004727766,True,6.92687206149678e-07
lexicographic,RTOPSIS,2,55,22.198499995283782,True,6.92687206149678e-07
lexicographic,RTOPSIS,2,56,24.48220000951551,True,6.92687206149678e-07
lexicographic,RTOPSIS,2,57,22.678699999232776,True,6.92687206149678e-07
lexicographic,RTOPSIS,2,58,19.51549999648705,True,6.92687206149678e-07
lexicographic,RTOPSIS,2,59,19.75269999820739,True,6.92687206149678e-07
lexicographic,RTOPSIS,2,60,19.900700004654936,True,6.92687206149678e-07
lexicographic,RTOPSIS,2,61,18.515399991883896,True,6.92687206149678e-07
lexicographic,RTOPSIS,2,62,16.43750000221189,True,6.92687206149678e-07
lexicographic,RTOPSIS,2,63,16.43260000855662,True,6.92687206149678e-07
lexicographic,RTOPSIS,2,64,18.836800009012222,True,6.92687206149678e-07
lexicographic,RTOPSIS,2,65,23.33280000311788,True,6.92687206149678e-07
lexicographic,RTOPSIS,2,66,23.537900007795542,True,6.92687206149678e-07
lexicographic,RTOPSIS,2,67,25.072099990211427,True,6.92687206149678e-07
lexicographic,RTOPSIS,2,68,18.848899999284185,True,6.92687206149678e-07
lexicographic,RTOPSIS,2,69,18.706999995629303,True,6.92687206149678e-07
lexicographic,RTOPSIS,2,70,20.36219999718014,True,6.92687206149678e-07
lexicographic,RTOPSIS,2,71,20.46029998746235,True,6.92687206149678e-07
lexicographic,RTOPSIS,2,72,19.55140000791289,True,6.92687206149678e-07
lexicographic,RTOPSIS,2,73,18.72880000155419,True,6.92687206149678e-07
lexicographic,RTOPSIS,2,74,20.23330000520218,True,6.92687206149678e-07
lexicographic,RTOPSIS,2,75,21.328200004063547,True,6.92687206149678e-07
lexicographic,RTOPSIS,2,76,17.820000008214265,True,6.92687206149678e-07
lexicographic,RTOPSIS,2,77,18.142899993108585,True,6.92687206149678e-07
lexicographic,RTOPSIS,2,78,16.97029999922961,True,6.92687206149678e-07
lexicographic,RTOPSIS,2,79,21.976999996695668,True,6.92687206149678e-07
lexicographic,RTOPSIS,2,80,26.235099998302758,True,6.92687206149678e-07
lexicographic,RTOPSIS,2,81,24.89899999636691,True,6.92687206149678e-07
lexicographic,RTOPSIS,2,82,21.5743000007933,True,6.92687206149678e-07
lexicographic,RTOPSIS,2,83,23.21529999608174,True,6.92687206149678e-07
lexicographic,RTOPSIS,2,84,22.361600000294857,True,6.92687206149678e-07
lexicographic,RTOPSIS,2,85,18.11930000258144,True,6.92687206149678e-07
lexicographic,RTOPSIS,2,86,17.808599994168617,True,6.92687206149678e-07
lexicographic,RTOPSIS,2,87,17.056299999239855,True,6.92687206149678e-07
lexicographic,RTOPSIS,2,88,19.137099996441975,True,6.92687206149678e-07
lexicographic,RTOPSIS,2,89,21.221099988906644,True,6.92687206149678e-07
lexicographic,RTOPSIS,2,90,18.15629999327939,True,6.92687206149678e-07
lexicographic,RTOPSIS,2,91,16.107799994642846,True,6.92687206149678e-07
lexicographic,RTOPSIS,2,92,17.533499994897284,True,6.92687206149678e-07
lexicographic,RTOPSIS,2,93,22.3993999970844,True,6.92687206149678e-07
lexicographic,RTOPSIS,2,94,27.083199995104223,True,6.92687206149678e-07
lexicographic,RTOPSIS,2,95,31.6949999978533,True,6.92687206149678e-07
lexicographic,RTOPSIS,2,96,24.051199987297878,True,6.92687206149678e-07
lexicographic,RTOPSIS,2,97,22.437799998442642,True,6.92687206149678e-07
lexicographic,RTOPSIS,2,98,20.895599998766556,True,6.92687206149678e-07
lexicographic,RTOPSIS,2,99,21.20920000015758,True,6.92687206149678e-07
lexicographic,RTOPSIS,2,100,19.568000003346242,True,6.92687206149678e-07
lexicographic,RTOPSIS,2,101,20.052099993336014,True,6.92687206149678e-07
lexicographic,RTOPSIS,2,102,23.975000003702007,True,6.92687206149678e-07
lexicographic,RTOPSIS,2,103,20.506400003796443,True,6.92687206149678e-07
lexicographic,RTOPSIS,2,104,19.18899999873247,True,6.92687206149678e-07
lexicographic,RTOPSIS,2,105,17.290899995714426,True,6.92687206149678e-07
lexicographic,RTOPSIS,2,106,21.15159999812022,True,6.92687206149678e-07
lexicographic,RTOPSIS,2,107,24.27249999891501,True,6.92687206149678e-07
lexicographic,RTOPSIS,2,108,26.05040000344161,True,6.92687206149678e-07
lexicographic,RTOPSIS,2,109,19.784999996772967,True,6.92687206149678e-07
lexicographic,RTOPSIS,2,110,19.538299995474517,True,6.92687206149678e-07
lexicographic,RTOPSIS,2,111,21.629499999107793,True,6.92687206149678e-07
lexicographic,RTOPSIS,2,112,21.49120000831317,True,6.92687206149678e-07
lexicographic,RTOPSIS,2,113,20.97680000588298,True,6.92687206149678e-07
lexicographic,RTOPSIS,2,114,17.199499998241663,True,6.92687206149678e-07
lexicographic,RTOPSIS,2,115,19.425199992838316,True,6.92687206149678e-07
lexicographic,RTOPSIS,2,116,22.75799999188166,True,6.92687206149678e-07
lexicographic,RTOPSIS,2,117,18.199100013589486,True,6.92687206149678e-07
lexicographic,RTOPSIS,2,118,17.995999995036982,True,6.92687206149678e-07
lexicographic,RTOPSIS,2,119,17.07249999162741,True,6.92687206149678e-07
lexicographic,RTOPSIS,2,120,20.668699988164008,True,6.92687206149678e-07
lexicographic,RTOPSIS,2,121,22.258099997998215,True,6.92687206149678e-07
lexicographic,RTOPSIS,2,122,21.599900006549433,True,6.92687206149678e-07
lexicographic,RTOPSIS,2,123,21.541499998420477,True,6.92687206149678e-07
lexicographic,RTOPSIS,2,124,19.002700006240048,True,6.92687206149678e-07
lexicographic,RTOPSIS,2,125,21.595300000626594,True,6.92687206149678e-07
lexicographic,RTOPSIS,2,126,22.88389999011997,True,6.92687206149678e-07
lexicographic,RTOPSIS,2,127,19.02180000615772,True,6.92687206149678e-07
lexicographic,RTOPSIS,2,128,16.574699999182485,True,6.92687206149678e-07
lexicographic,RTOPSIS,2,129,18.46359999035485,True,6.92687206149678e-07
lexicographic,RTOPSIS,2,130,24.238800004241057,True,6.92687206149678e-07
lexicographic,RTOPSIS,2,131,22.363900003256276,True,6.92687206149678e-07
lexicographic,RTOPSIS,2,132,19.61860001028981,True,6.92687206149678e-07
lexicographic,RTOPSIS,2,133,19.365700005437247,True,6.92687206149678e-07
lexicographic,RTOPSIS,2,134,20.322500000474975,True,6.92687206149678e-07
lexicographic,RTOPSIS,2,135,21.481399991898797,True,6.92687206149678e-07
lexicographic,RTOPSIS,2,136,17.40609999978915,True,6.92687206149678e-07
lexicographic,RTOPSIS,2,137,16.403299989178777,True,6.92687206149678e-07
lexicographic,RTOPSIS,2,138,17.402199999196455,True,6.92687206149678e-07
lexicographic,RTOPSIS,2,139,19.337199992151,True,6.92687206149678e-07
lexicographic,RTOPSIS,2,140,25.169100001221523,True,6.92687206149678e-07
lexicographic,RTOPSIS,2,141,24.789599992800504,True,6.92687206149678e-07
lexicographic,RTOPSIS,2,142,19.814700004644692,True,6.92687206149678e-07
lexicographic,RTOPSIS,2,143,19.468099999357946,True,6.92687206149678e-07
lexicographic,RTOPSIS,2,144,22.275499999523163,True,6.92687206149678e-07
lexicographic,RTOPSIS,2,145,20.791799994185567,True,6.92687206149678e-07
lexicographic,RTOPSIS,2,146,19.83809999364894,True,6.92687206149678e-07
lexicographic,RTOPSIS,2,147,17.316900004516356,True,6.92687206149678e-07
lexicographic,RTOPSIS,2,148,17.36519999394659,True,6.92687206149678e-07
lexicographic,RTOPSIS,2,149,19.46930000849534,True,6.92687206149678e-07
lexicographic,RTOPSIS,2,150,17.357999997329898,True,6.92687206149678e-07
lexicographic,RTOPSIS,2,151,18.89099999971222,True,6.92687206149678e-07
lexicographic,RTOPSIS,2,152,20.18560000578873,True,6.92687206149678e-07
lexicographic,RTOPSIS,2,153,21.89869999710936,True,6.92687206149678e-07
lexicographic,RTOPSIS,2,154,26.11990000877995,True,6.92687206149678e-07
lexicographic,RTOPSIS,2,155,21.36620000237599,True,6.92687206149678e-07
lexicographic,RTOPSIS,2,156,25.376000005053356,True,6.92687206149678e-07
lexicographic,RTOPSIS,2,157,25.566099997377023,True,6.92687206149678e-07
lexicographic,RTOPSIS,2,158,22.811899994849227,True,6.92687206149678e-07
lexicographic,RTOPSIS,2,159,21.509600002900697,True,6.92687206149678e-07
lexicographic,RTOPSIS,2,160,20.398399996338412,True,6.92687206149678e-07
lexicographic,RTOPSIS,2,161,18.09869999124203,True,6.92687206149678e-07
lexicographic,RTOPSIS,2,162,21.365900000091642,True,6.92687206149678e-07
lexicographic,RTOPSIS,2,163,22.047400008887053,True,6.92687206149678e-07
lexicographic,RTOPSIS,2,164,19.634700001915917,True,6.92687206149678e-07
lexicographic,RTOPSIS,2,165,18.27269999193959,True,6.92687206149678e-07
lexicographic,RTOPSIS,2,166,17.276700004003942,True,6.92687206149678e-07
lexicographic,RTOPSIS,2,167,21.159199997782707,True,6.92687206149678e-07
lexicographic,RTOPSIS,2,168,26.173499994911253,True,6.92687206149678e-07
lexicographic,RTOPSIS,2,169,26.290900001185946,True,6.92687206149678e-07
lexicographic,RTOPSIS,2,170,19.567800001823343,True,6.92687206149678e-07
lexicographic,RTOPSIS,2,171,19.448599996394478,True,6.92687206149678e-07
lexicographic,RTOPSIS,2,172,21.09559999371413,True,6.92687206149678e-07
lexicographic,RTOPSIS,2,173,20.077799999853596,True,6.92687206149678e-07
lexicographic,RTOPSIS,2,174,19.075299991527572,True,6.92687206149678e-07
lexicographic,RTOPSIS,2,175,20.576499999151565,True,6.92687206149678e-07
lexicographic,RTOPSIS,2,176,22.146000002976507,True,6.92687206149678e-07
lexicographic,RTOPSIS,2,177,25.28659999370575,True,6.92687206149678e-07
lexicographic,RTOPSIS,2,178,23.068499998771586,True,6.92687206149678e-07
lexicographic,RTOPSIS,2,179,20.116900006541982,True,6.92687206149678e-07
lexicographic,RTOPSIS,2,180,21.80899999802932,True,6.92687206149678e-07
lexicographic,RTOPSIS,2,181,32.107100007124245,True,6.92687206149678e-07
lexicographic,RTOPSIS,2,182,44.802200005506165,True,6.92687206149678e-07
lexicographic,RTOPSIS,2,183,23.98959999845829,True,6.92687206149678e-07
lexicographic,RTOPSIS,2,184,20.14759999292437,True,6.92687206149678e-07
lexicographic,RTOPSIS,2,185,24.321799995959736,True,6.92687206149678e-07
lexicographic,RTOPSIS,2,186,20.2588999964064,True,6.92687206149678e-07
lexicographic,RTOPSIS,2,187,17.188500001793727,True,6.92687206149678e-07
lexicographic,RTOPSIS,2,188,18.75119999749586,True,6.92687206149678e-07
lexicographic,RTOPSIS,2,189,20.378000001073815,True,6.92687206149678e-07
lexicographic,RTOPSIS,2,190,20.99340000131633,True,6.92687206149678e-07
lexicographic,RTOPSIS,2,191,23.30939999956172,True,6.92687206149678e-07
lexicographic,RTOPSIS,2,192,21.463600001879968,True,6.92687206149678e-07
lexicographic,RTOPSIS,2,193,23.654100004932843,True,6.92687206149678e-07
lexicographic,RTOPSIS,2,194,25.185200007399544,True,6.92687206149678e-07
lexicographic,RTOPSIS,2,195,21.788300000480376,True,6.92687206149678e-07
lexicographic,RTOPSIS,2,196,20.934999993187375,True,6.92687206149678e-07
lexicographic,RTOPSIS,2,197,23.60130001034122,True,6.92687206149678e-07
lexicographic,RTOPSIS,2,198,22.50099999946542,True,6.92687206149678e-07
lexicographic,RTOPSIS,2,199,20.426300005055964,True,6.92687206149678e-07
lexicographic,SAW,2,0,28.512899996712804,True,1.472174870897902e-07
lexicographic,SAW,2,1,21.158900010050274,True,1.472174870897902e-07
lexicographic,SAW,2,2,20.381299997097813,True,1.472174870897902e-07
lexicographic,SAW,2,3,18.147799986763857,True,1.472174870897902e-07
lexicographic,SAW,2,4,18.974499995238148,True,1.472174870897902e-07
lexicographic,SAW,2,5,18.973700003698468,True,1.472174870897902e-07
lexicographic,SAW,2,6,15.809400007128716,True,1.472174870897902e-07
lexicographic,SAW,2,7,14.346500000101514,True,1.472174870897902e-07
lexicographic,SAW,2,8,14.106499991612509,True,1.472174870897902e-07
lexicographic,SAW,2,9,18.394399987300858,True,1.472174870897902e-07
lexicographic,SAW,2,10,16.978600004222244,True,1.472174870897902e-07
lexicographic,SAW,2,11,16.738400008762255,True,1.472174870897902e-07
lexicographic,SAW,2,12,15.177300010691397,True,1.472174870897902e-07
lexicographic,SAW,2,13,14.222300000255927,True,1.472174870897902e-07
lexicographic,SAW,2,14,14.296900000772439,True,1.472174870897902e-07
lexicographic,SAW,2,15,15.019899990875274,True,1.472174870897902e-07
lexicographic,SAW,2,16,17.314900003839284,True,1.472174870897902e-07
lexicographic,SAW,2,17,21.751899999799207,True,1.472174870897902e-07
lexicographic,SAW,2,18,20.635099994251505,True,1.472174870897902e-07
lexicographic,SAW,2,19,18.544199992902577,True,1.472174870897902e-07
lexicographic,SAW,2,20,16.958899999735877,True,1.472174870897902e-07
lexicographic,SAW,2,21,15.660300006857142,True,1.472174870897902e-07
lexicographic,SAW,2,22,12.648899995838292,True,1.472174870897902e-07
lexicographic,SAW,2,23,11.606600004597567,True,1.472174870897902e-07
lexicographic,SAW,2,24,9.940400006598793,True,1.472174870897902e-07
lexicographic,SAW,2,25,14.668499992694706,True,1.472174870897902e-07
lexicographic,SAW,2,26,15.681100005167536,True,1.472174870897902e-07
lexicographic,SAW,2,27,17.71859999280423,True,1.472174870897902e-07
lexicographic,SAW,2,28,20.000500007881783,True,1.472174870897902e-07
lexicographic,SAW,2,29,19.14530000067316,True,1.472174870897902e-07
lexicographic,SAW,2,30,24.525999993784353,True,1.472174870897902e-07
lexicographic,SAW,2,31,22.59320000302978,True,1.472174870897902e-07
lexicographic,SAW,2,32,17.620099999476224,True,1.472174870897902e-07
lexicographic,SAW,2,33,17.759800000931136,True,1.472174870897902e-07
lexicographic,SAW,2,34,16.209900000831112,True,1.472174870897902e-07
lexicographic,SAW,2,35,15.399600000819191,True,1.472174870897902e-07
lexicographic,SAW,2,36,14.08550000633113,True,1.472174870897902e-07
lexicographic,SAW,2,37,13.714600005187094,True,1.472174870897902e-07
lexicographic,SAW,2,38,13.724299991736189,True,1.472174870897902e-07
lexicographic,SAW,2,39,18.007799997576512,True,1.472174870897902e-07
lexicographic,SAW,2,40,18.468599999323487,True,1.472174870897902e-07
lexicographic,SAW,2,41,15.594800002872944,True,1.472174870897902e-07
lexicographic,SAW,2,42,14.198899996699765,True,1.472174870897902e-07
lexicographic,SAW,2,43,13.428300007944927,True,1.472174870897902e-07
lexicographic,SAW,2,44,14.8308000061661,True,1.472174870897902e-07
lexicographic,SAW,2,45,19.066499997279607,True,1.472174870897902e-07
lexicographic,SAW,2,46,19.23489999899175,True,1.472174870897902e-07
lexicographic,SAW,2,47,20.97630000207573,True,1.472174870897902e-07
lexicographic,SAW,2,48,18.508599998313002,True,1.472174870897902e-07
lexicographic,SAW,2,49,16.146299996762536,True,1.472174870897902e-07
lexicographic,SAW,2,50,16.56810000713449,True,1.472174870897902e-07
lexicographic,SAW,2,51,10.935900005279109,True,1.472174870897902e-07
lexicographic,SAW,2,52,13.179700006730855,True,1.472174870897902e-07
lexicographic,SAW,2,53,16.003299999283627,True,1.472174870897902e-07
lexicographic,SAW,2,54,14.719399987370707,True,1.472174870897902e-07
lexicographic,SAW,2,55,13.754200001130812,True,1.472174870897902e-07
lexicographic,SAW,2,56,13.996299996506423,True,1.472174870897902e-07
lexicographic,SAW,2,57,17.151099993498065,True,1.472174870897902e-07
lexicographic,SAW,2,58,17.910299997311085,True,1.472174870897902e-07
lexicographic,SAW,2,59,17.027000008965842,True,1.472174870897902e-07
lexicographic,SAW,2,60,14.71760000276845,True,1.472174870897902e-07
lexicographic,SAW,2,61,14.218700001947582,True,1.472174870897902e-07
lexicographic,SAW,2,62,13.716600005864166,True,1.472174870897902e-07
lexicographic,SAW,2,63,18.406200004392304,True,1.472174870897902e-07
lexicographic,SAW,2,64,22.346800004015677,True,1.472174870897902e-07
lexicographic,SAW,2,65,23.57069999561645,True,1.472174870897902e-07
lexicographic,SAW,2,66,18.60359999409411,True,1.472174870897902e-07
lexicographic,SAW,2,67,16.767900000559166,True,1.472174870897902e-07
lexicographic,SAW,2,68,18.08210001036059,True,1.472174870897902e-07
lexicographic,SAW,2,69,16.4020999945933,True,1.472174870897902e-07
lexicographic,SAW,2,70,14.820399999734946,True,1.472174870897902e-07
lexicographic,SAW,2,71,14.717300000484101,True,1.472174870897902e-07
lexicographic,SAW,2,72,17.759100010152906,True,1.472174870897902e-07
lexicographic,SAW,2,73,17.32439998886548,True,1.472174870897902e-07
lexicographic,SAW,2,74,17.936300006113015,True,1.472174870897902e-07
lexicographic,SAW,2,75,16.664499999023974,True,1.472174870897902e-07
lexicographic,SAW,2,76,14.476600001216866,True,1.472174870897902e-07
lexicographic,SAW,2,77,14.2381000041496,True,1.472174870897902e-07
lexicographic,SAW,2,78,17.43190000706818,True,1.472174870897902e-07
lexicographic,SAW,2,79,20.644400006858632,True,1.472174870897902e-07
lexicographic,SAW,2,80,21.800799993798137,True,1.472174870897902e-07
lexicographic,SAW,2,81,19.67119998880662,True,1.472174870897902e-07
lexicographic,SAW,2,82,16.107899995404296,True,1.472174870897902e-07
lexicographic,SAW,2,83,15.079400007380173,True,1.472174870897902e-07
lexicographic,SAW,2,84,15.067699991050176,True,1.472174870897902e-07
lexicographic,SAW,2,85,17.746299999998882,True,1.472174870897902e-07
lexicographic,SAW,2,86,18.254400012665428,True,1.472174870897902e-07
lexicographic,SAW,2,87,18.536700008553453,True,1.472174870897902e-07
lexicographic,SAW,2,88,18.820799989043735,True,1.472174870897902e-07
lexicographic,SAW,2,89,17.519299988634884,True,1.472174870897902e-07
lexicographic,SAW,2,90,19.88089999940712,True,1.472174870897902e-07
lexicographic,SAW,2,91,21.38859999831766,True,1.472174870897902e-07
lexicographic,SAW,2,92,23.5199000017019,True,1.472174870897902e-07
lexicographic,SAW,2,93,16.569100000197068,True,1.472174870897902e-07
lexicographic,SAW,2,94,16.43550000153482,True,1.472174870897902e-07
lexicographic,SAW,2,95,17.274400001042522,True,1.472174870897902e-07
lexicographic,SAW,2,96,16.216200005146675,True,1.472174870897902e-07
lexicographic,SAW,2,97,13.711799998418428,True,1.472174870897902e-07
lexicographic,SAW,2,98,15.877900004852563,True,1.472174870897902e-07
lexicographic,SAW,2,99,15.029200003482401,True,1.472174870897902e-07
lexicographic,SAW,2,100,16.931399994064122,True,1.472174870897902e-07
lexicographic,SAW,2,101,23.45700000296347,True,1.472174870897902e-07
lexicographic,SAW,2,102,20.010899999761023,True,1.472174870897902e-07
lexicographic,SAW,2,103,17.070000001695007,True,1.472174870897902e-07
lexicographic,SAW,2,104,16.373699996620417,True,1.472174870897902e-07
lexicographic,SAW,2,105,17.285300011280924,True,1.472174870897902e-07
lexicographic,SAW,2,106,18.435999998473562,True,1.472174870897902e-07
lexicographic,SAW,2,107,18.235199997434393,True,1.472174870897902e-07
lexicographic,SAW,2,108,20.113999999011867,True,1.472174870897902e-07
lexicographic,SAW,2,109,17.833299993071705,True,1.472174870897902e-07
lexicographic,SAW,2,110,16.722000000299886,True,1.472174870897902e-07
lexicographic,SAW,2,111,18.46210000803694,True,1.472174870897902e-07
lexicographic,SAW,2,112,19.562400004360825,True,1.472174870897902e-07
lexicographic,SAW,2,113,16.756499986513518,True,1.472174870897902e-07
lexicographic,SAW,2,114,14.629600002081133,True,1.472174870897902e-07
lexicographic,SAW,2,115,13.607200002297759,True,1.472174870897902e-07
lexicographic,SAW,2,116,14.019800000824034,True,1.472174870897902e-07
lexicographic,SAW,2,117,17.486299999291077,True,1.472174870897902e-07
lexicographic,SAW,2,118,16.94359999964945,True,1.472174870897902e-07
lexicographic,SAW,2,119,16.77489999565296,True,1.472174870897902e-07
lexicographic,SAW,2,120,14.276600006269291,True,1.472174870897902e-07
lexicographic,SAW,2,121,14.003699994646013,True,1.472174870897902e-07
lexicographic,SAW,2,122,13.979200011817738,True,1.472174870897902e-07
lexicographic,SAW,2,123,17.627299996092916,True,1.472174870897902e-07
lexicographic,SAW,2,124,19.1047999978764,True,1.472174870897902e-07
lexicographic,SAW,2,125,25.914499987266026,True,1.472174870897902e-07
lexicographic,SAW,2,126,17.197299996041693,True,1.472174870897902e-07
lexicographic,SAW,2,127,15.55099998950027,True,1.472174870897902e-07
lexicographic,SAW,2,128,16.078000000561588,True,1.472174870897902e-07
lexicographic,SAW,2,129,17.960299999685958,True,1.472174870897902e-07
lexicographic,SAW,2,130,20.412399986525998,True,1.472174870897902e-07
lexicographic,SAW,2,131,15.11690000188537,True,1.472174870897902e-07
lexicographic,SAW,2,132,15.094000002136454,True,1.472174870897902e-07
lexicographic,SAW,2,133,15.221699999528937,True,1.472174870897902e-07
lexicographic,SAW,2,134,18.94749999337364,True,1.472174870897902e-07
lexicographic,SAW,2,135,21.178900002269074,True,1.472174870897902e-07
lexicographic,SAW,2,136,19.060400009038858,True,1.472174870897902e-07
lexicographic,SAW,2,137,15.77240000187885,True,1.472174870897902e-07
lexicographic,SAW,2,138,14.301500006695278,True,1.472174870897902e-07
lexicographic,SAW,2,139,21.43120000255294,True,1.472174870897902e-07
lexicographic,SAW,2,140,22.890499996719882,True,1.472174870897902e-07
lexicographic,SAW,2,141,23.621600004844368,True,1.472174870897902e-07
lexicographic,SAW,2,142,18.454699995345436,True,1.472174870897902e-07
lexicographic,SAW,2,143,17.51029999286402,True,1.472174870897902e-07
lexicographic,SAW,2,144,17.279499996220693,True,1.472174870897902e-07
lexicographic,SAW,2,145,16.8755000049714,True,1.472174870897902e-07
lexicographic,SAW,2,146,16.937100008362904,True,1.472174870897902e-07
lexicographic,SAW,2,147,21.740099997259676,True,1.472174870897902e-07
lexicographic,SAW,2,148,17.483199990238063,True,1.472174870897902e-07
lexicographic,SAW,2,149,18.282999997609295,True,1.472174870897902e-07
lexicographic,SAW,2,150,21.00819999759551,True,1.472174870897902e-07
lexicographic,SAW,2,151,22.295700007816777,True,1.472174870897902e-07
lexicographic,SAW,2,152,25.391400005901232,True,1.472174870897902e-07
lexicographic,SAW,2,153,19.05270000861492,True,1.472174870897902e-07
lexicographic,SAW,2,154,17.82880000246223,True,1.472174870897902e-07
lexicographic,SAW,2,155,16.046100005041808,True,1.472174870897902e-07
lexicographic,SAW,2,156,14.846899997792207,True,1.472174870897902e-07
lexicographic,SAW,2,157,13.710200000787154,True,1.472174870897902e-07
lexicographic,SAW,2,158,16.419300009147264,True,1.472174870897902e-07
lexicographic,SAW,2,159,18.01359999808483,True,1.472174870897902e-07
lexicographic,SAW,2,160,17.70149999356363,True,1.472174870897902e-07
lexicographic,SAW,2,161,16.628299999865703,True,1.472174870897902e-07
lexicographic,SAW,2,162,14.363499998580664,True,1.472174870897902e-07
lexicographic,SAW,2,163,15.04279999062419,True,1.472174870897902e-07
lexicographic,SAW,2,164,15.136600006371737,True,1.472174870897902e-07
lexicographic,SAW,2,165,19.295999998576008,True,1.472174870897902e-07
lexicographic,SAW,2,166,26.88760000455659,True,1.472174870897902e-07
lexicographic,SAW,2,167,25.283900002250448,True,1.472174870897902e-07
lexicographic,SAW,2,168,18.221999998786487,True,1.472174870897902e-07
lexicographic,SAW,2,169,15.968300009262748,True,1.472174870897902e-07
lexicographic,SAW,2,170,17.324200001894496,True,1.472174870897902e-07
lexicographic,SAW,2,171,15.91839999309741,True,1.472174870897902e-07
lexicographic,SAW,2,172,14.89150000270456,True,1.472174870897902e-07
lexicographic,SAW,2,173,14.15090000955388,True,1.472174870897902e-07
lexicographic,SAW,2,174,14.941300003556535,True,1.472174870897902e-07
lexicographic,SAW,2,175,15.808099997229874,True,1.472174870897902e-07
lexicographic,SAW,2,176,20.940600006724708,True,1.472174870897902e-07
lexicographic,SAW,2,177,21.253600003547035,True,1.472174870897902e-07
lexicographic,SAW,2,178,21.686899999622256,True,1.472174870897902e-07
lexicographic,SAW,2,179,18.578699993668124,True,1.472174870897902e-07
lexicographic,SAW,2,180,18.394500002614222,True,1.472174870897902e-07
lexicographic,SAW,2,181,19.54329998989124,True,1.472174870897902e-07
lexicographic,SAW,2,182,17.01719999255147,True,1.472174870897902e-07
lexicographic,SAW,2,183,15.238599997246638,True,1.472174870897902e-07
lexicographic,SAW,2,184,15.0664999964647,True,1.472174870897902e-07
lexicographic,SAW,2,185,15.39980000234209,True,1.472174870897902e-07
lexicographic,SAW,2,186,15.759299989440478,True,1.472174870897902e-07
lexicographic,SAW,2,187,20.370600002934225,True,1.472174870897902e-07
lexicographic,SAW,2,188,16.46900000923779,True,1.472174870897902e-07
lexicographic,SAW,2,189,15.276500009349547,True,1.472174870897902e-07
lexicographic,SAW,2,190,13.707499994779937,True,1.472174870897902e-07
lexicographic,SAW,2,191,13.668400002643466,True,1.472174870897902e-07
lexicographic,SAW,2,192,16.95619999372866,True,1.472174870897902e-07
lexicographic,SAW,2,193,23.487500002374873,True,1.472174870897902e-07
lexicographic,SAW,2,194,20.736199992825277,True,1.472174870897902e-07
lexicographic,SAW,2,195,17.439599992940202,True,1.472174870897902e-07
lexicographic,SAW,2,196,15.735599998151883,True,1.472174870897902e-07
lexicographic,SAW,2,197,16.109899996081367,True,1.472174870897902e-07
lexicographic,SAW,2,198,18.0638000019826,True,1.472174870897902e-07
lexicographic,SAW,2,199,19.008600007509813,True,1.472174870897902e-07
lexicographic,VIKOR,2,0,39.443100002245046,True,7.009460103457599e-07
lexicographic,VIKOR,2,1,39.79779999644961,True,7.009460103457599e-07
lexicographic,VIKOR,2,2,35.26760000386275,True,7.009460103457599e-07
lexicographic,VIKOR,2,3,60.93900000269059,True,7.009460103457599e-07
lexicographic,VIKOR,2,4,39.21220000484027,True,7.009460103457599e-07
lexicographic,VIKOR,2,5,46.83380000642501,True,7.009460103457599e-07
lexicographic,VIKOR,2,6,43.32799999974668,True,7.009460103457599e-07
lexicographic,VIKOR,2,7,41.83700001158286,True,7.009460103457599e-07
lexicographic,VIKOR,2,8,38.61660000984557,True,7.009460103457599e-07
lexicographic,VIKOR,2,9,47.92500000621658,True,7.009460103457599e-07
lexicographic,VIKOR,2,10,50.09630000859033,True,7.009460103457599e-07
lexicographic,VIKOR,2,11,44.461299999966286,True,7.009460103457599e-07
lexicographic,VIKOR,2,12,28.902499994728714,True,7.009460103457599e-07
lexicographic,VIKOR,2,13,33.83359999861568,True,7.009460103457599e-07
lexicographic,VIKOR,2,14,54.220199992414564,True,7.009460103457599e-07
lexicographic,VIKOR,2,15,38.166899990756065,True,7.009460103457599e-07
lexicographic,VIKOR,2,16,54.92949999461416,True,7.009460103457599e-07
lexicographic,VIKOR,2,17,44.00129998975899,True,7.009460103457599e-07
lexicographic,VIKOR,2,18,44.72340000211261,True,7.009460103457599e-07
lexicographic,VIKOR,2,19,37.16049999638926,True,7.009460103457599e-07
lexicographic,VIKOR,2,20,44.26460000104271,True,7.009460103457599e-07
lexicographic,VIKOR,2,21,40.55109999899287,True,7.009460103457599e-07
lexicographic,VIKOR,2,22,48.722699997597374,True,7.009460103457599e-07
lexicographic,VIKOR,2,23,55.34089999855496,True,7.009460103457599e-07
lexicographic,VIKOR,2,24,44.546100005391054,True,7.009460103457599e-07
lexicographic,VIKOR,2,25,49.343999999109656,True,7.009460103457599e-07
lexicographic,VIKOR,2,26,46.8072000076063,True,7.009460103457599e-07
lexicographic,VIKOR,2,27,35.146000009262934,True,7.009460103457599e-07
lexicographic,VIKOR,2,28,41.035200003534555,True,7.009460103457599e-07
lexicographic,VIKOR,2,29,45.998499990673736,True,7.009460103457599e-07
lexicographic,VIKOR,2,30,36.49290000612382,True,7.009460103457599e-07
lexicographic,VIKOR,2,31,53.87200000404846,True,7.009460103457599e-07
lexicographic,VIKOR,2,32,39.96920000645332,True,7.009460103457599e-07
lexicographic,VIKOR,2,33,42.12670000561047,True,7.009460103457599e-07
lexicographic,VIKOR,2,34,35.88609999860637,True,7.009460103457599e-07
lexicographic,VIKOR,2,35,42.18399999081157,True,7.009460103457599e-07
lexicographic,VIKOR,2,36,39.03800000261981,True,7.009460103457599e-07
lexicographic,VIKOR,2,37,36.07689999626018,True,7.009460103457599e-07
lexicographic,VIKOR,2,38,51.5261999971699,True,7.009460103457599e-07
lexicographic,VIKOR,2,39,42.18029999174178,True,7.009460103457599e-07
lexicographic,VIKOR,2,40,41.42100000171922,True,7.009460103457599e-07
lexicographic,VIKOR,2,41,41.16509998857509,True,7.009460103457599e-07
lexicographic,VIKOR,2,42,46.31619999418035,True,7.009460103457599e-07
lexicographic,VIKOR,2,43,41.60549999505747,True,7.009460103457599e-07
lexicographic,VIKOR,2,44,37.411899989820085,True,7.009460103457599e-07
lexicographic,VIKOR,2,45,46.587400007410906,True,7.009460103457599e-07
lexicographic,VIKOR,2,46,40.602699998999014,True,7.009460103457599e-07
lexicographic,VIKOR,2,47,41.67429999506567,True,7.009460103457599e-07
lexicographic,VIKOR,2,48,34.27779999037739,True,7.009460103457599e-07
lexicographic,VIKOR,2,49,40.31929999473505,True,7.009460103457599e-07
lexicographic,VIKOR,2,50,38.807100005215034,True,7.009460103457599e-07
lexicographic,VIKOR,2,51,41.04580001148861,True,7.009460103457599e-07
lexicographic,VIKOR,2,52,55.86340000445489,True,7.009460103457599e-07
lexicographic,VIKOR,2,53,46.4747000078205,True,7.009460103457599e-07
lexicographic,VIKOR,2,54,34.08179999678396,True,7.009460103457599e-07
lexicographic,VIKOR,2,55,40.1966000063112,True,7.009460103457599e-07
lexicographic,VIKOR,2,56,53.05640000733547,True,7.009460103457599e-07
lexicographic,VIKOR,2,57,43.06470000301488,True,7.009460103457599e-07
lexicographic,VIKOR,2,58,44.29000000527594,True,7.009460103457599e-07
lexicographic,VIKOR,2,59,27.598900007433258,True,7.009460103457599e-07
lexicographic,VIKOR,2,60,36.808999997447245,True,7.009460103457599e-07
lexicographic,VIKOR,2,61,41.3505000033183,True,7.009460103457599e-07
lexicographic,VIKOR,2,62,35.44329998840112,True,7.009460103457599e-07
lexicographic,VIKOR,2,63,48.61770001298282,True,7.009460103457599e-07
lexicographic,VIKOR,2,64,45.61600000306498,True,7.009460103457599e-07
lexicographic,VIKOR,2,65,43.67590000038035,True,7.009460103457599e-07
lexicographic,VIKOR,2,66,41.49170000164304,True,7.009460103457599e-07
lexicographic,VIKOR,2,67,39.448600000469014,True,7.009460103457599e-07
lexicographic,VIKOR,2,68,39.77459999441635,True,7.009460103457599e-07
lexicographic,VIKOR,2,69,47.51770000439137,True,7.009460103457599e-07
lexicographic,VIKOR,2,70,53.88560000574216,True,7.009460103457599e-07
lexicographic,VIKOR,2,71,41.20130000228528,True,7.009460103457599e-07
lexicographic,VIKOR,2,72,40.110700007062405,True,7.009460103457599e-07
lexicographic,VIKOR,2,73,34.7149999870453,True,7.009460103457599e-07
lexicographic,VIKOR,2,74,51.33410000416916,True,7.009460103457599e-07
lexicographic,VIKOR,2,75,49.533899989910424,True,7.009460103457599e-07
lexicographic,VIKOR,2,76,42.7917999913916,True,7.009460103457599e-07
lexicographic,VIKOR,2,77,36.16940000210889,True,7.009460103457599e-07
lexicographic,VIKOR,2,78,47.87249999935739,True,7.009460103457599e-07
lexicographic,VIKOR,2,79,39.141000001109205,True,7.009460103457599e-07
lexicographic,VIKOR,2,80,34.985700011020526,True,7.009460103457599e-07
lexicographic,VIKOR,2,81,51.31680000340566,True,7.009460103457599e-07
lexicographic,VIKOR,2,82,41.21530000702478,True,7.009460103457599e-07
lexicographic,VIKOR,2,83,40.38960000616498,True,7.009460103457599e-07
lexicographic,VIKOR,2,84,38.848399999551475,True,7.009460103457599e-07
lexicographic,VIKOR,2,85,41.03239999676589,True,7.009460103457599e-07
lexicographic,VIKOR,2,86,42.63650000211783,True,7.009460103457599e-07
lexicographic,VIKOR,2,87,40.1685999968322,True,7.009460103457599e-07
lexicographic,VIKOR,2,88,55.925399996340275,True,7.009460103457599e-07
lexicographic,VIKOR,2,89,43.335300011676736,True,7.009460103457599e-07
lexicographic,VIKOR,2,90,41.45849999622442,True,7.009460103457599e-07
lexicographic,VIKOR,2,91,41.14649999246467,True,7.009460103457599e-07
lexicographic,VIKOR,2,92,57.24150000605732,True,7.009460103457599e-07
lexicographic,VIKOR,2,93,44.288299992331304,True,7.009460103457599e-07
lexicographic,VIKOR,2,94,42.48820000793785,True,7.009460103457599e-07
lexicographic,VIKOR,2,95,34.6074000117369,True,7.009460103457599e-07
lexicographic,VIKOR,2,96,42.3463999904925,True,7.009460103457599e-07
lexicographic,VIKOR,2,97,39.658699999563396,True,7.009460103457599e-07
lexicographic,VIKOR,2,98,37.52699999313336,True,7.009460103457599e-07
lexicographic,VIKOR,2,99,54.31370000587776,True,7.009460103457599e-07
lexicographic,VIKOR,2,100,41.188699993654154,True,7.009460103457599e-07
lexicographic,VIKOR,2,101,40.752999993856065,True,7.009460103457599e-07
lexicographic,VIKOR,2,102,44.68940000515431,True,7.009460103457599e-07
lexicographic,VIKOR,2,103,47.786099996301346,True,7.009460103457599e-07
lexicographic,VIKOR,2,104,41.870200002449565,True,7.009460103457599e-07
lexicographic,VIKOR,2,105,48.60900000494439,True,7.009460103457599e-07
lexicographic,VIKOR,2,106,46.05779999110382,True,7.009460103457599e-07
lexicographic,VIKOR,2,107,42.29940001096111,True,7.009460103457599e-07
lexicographic,VIKOR,2,108,35.27729999041185,True,7.009460103457599e-07
lexicographic,VIKOR,2,109,38.543400005437434,True,7.009460103457599e-07
lexicographic,VIKOR,2,110,43.87280000082683,True,7.009460103457599e-07
lexicographic,VIKOR,2,111,34.4141999958083,True,7.009460103457599e-07
lexicographic,VIKOR,2,112,58.590600005118176,True,7.009460103457599e-07
lexicographic,VIKOR,2,113,40.97159999946598,True,7.009460103457599e-07
lexicographic,VIKOR,2,114,42.88390000874642,True,7.009460103457599e-07
lexicographic,VIKOR,2,115,42.31649999564979,True,7.009460103457599e-07
lexicographic,VIKOR,2,116,48.25150000397116,True,7.009460103457599e-07
lexicographic,VIKOR,2,117,38.495200002216734,True,7.009460103457599e-07
lexicographic,VIKOR,2,118,44.23349999706261,True,7.009460103457599e-07
lexicographic,VIKOR,2,119,44.90220001025591,True,7.009460103457599e-07
lexicographic,VIKOR,2,120,41.3678000040818,True,7.009460103457599e-07
lexicographic,VIKOR,2,121,35.33289999177214,True,7.009460103457599e-07
lexicographic,VIKOR,2,122,51.78340000566095,True,7.009460103457599e-07
lexicographic,VIKOR,2,123,56.82060000253841,True,7.009460103457599e-07
lexicographic,VIKOR,2,124,50.48920000263024,True,7.009460103457599e-07
lexicographic,VIKOR,2,125,42.25610000139568,True,7.009460103457599e-07
lexicographic,VIKOR,2,126,34.89850000187289,True,7.009460103457599e-07
lexicographic,VIKOR,2,127,53.181600000243634,True,7.009460103457599e-07
lexicographic,VIKOR,2,128,47.479499990004115,True,7.009460103457599e-07
lexicographic,VIKOR,2,129,42.67769999569282,True,7.009460103457599e-07
lexicographic,VIKOR,2,130,41.04739999456797,True,7.009460103457599e-07
lexicographic,VIKOR,2,131,41.48079999140464,True,7.009460103457599e-07
lexicographic,VIKOR,2,132,34.999199997400865,True,7.009460103457599e-07
lexicographic,VIKOR,2,133,31.993099997635,True,7.009460103457599e-07
lexicographic,VIKOR,2,134,55.826099996920675,True,7.009460103457599e-07
lexicographic,VIKOR,2,135,49.242799999774434,True,7.009460103457599e-07
lexicographic,VIKOR,2,136,38.999599986709654,True,7.009460103457599e-07
lexicographic,VIKOR,2,137,37.458700011484325,True,7.009460103457599e-07
lexicographic,VIKOR,2,138,51.044100007857196,True,7.009460103457599e-07
lexicographic,VIKOR,2,139,48.46599999291357,True,7.009460103457599e-07
lexicographic,VIKOR,2,140,50.07610000029672,True,7.009460103457599e-07
lexicographic,VIKOR,2,141,48.46140000154264,True,7.009460103457599e-07
lexicographic,VIKOR,2,142,43.12479999498464,True,7.009460103457599e-07
lexicographic,VIKOR,2,143,36.556899998686276,True,7.009460103457599e-07
lexicographic,VIKOR,2,144,42.770300002302974,True,7.009460103457599e-07
lexicographic,VIKOR,2,145,41.494400007650256,True,7.009460103457599e-07
lexicographic,VIKOR,2,146,35.85630000452511,True,7.009460103457599e-07
lexicographic,VIKOR,2,147,56.9413000048371,True,7.009460103457599e-07
lexicographic,VIKOR,2,148,43.26999999466352,True,7.009460103457599e-07
lexicographic,VIKOR,2,149,41.54310000012629,True,7.009460103457599e-07
lexicographic,VIKOR,2,150,36.424699996132404,True,7.009460103457599e-07
lexicographic,VIKOR,2,151,41.1523000075249,True,7.009460103457599e-07
lexicographic,VIKOR,2,152,35.76100000645965,True,7.009460103457599e-07
lexicographic,VIKOR,2,153,36.160899995593354,True,7.009460103457599e-07
lexicographic,VIKOR,2,154,54.55929999880027,True,7.009460103457599e-07
lexicographic,VIKOR,2,155,41.63920000428334,True,7.009460103457599e-07
lexicographic,VIKOR,2,156,44.76770000474062,True,7.009460103457599e-07
lexicographic,VIKOR,2,157,35.362099995836616,True,7.009460103457599e-07
lexicographic,VIKOR,2,158,45.38929999398533,True,7.009460103457599e-07
lexicographic,VIKOR,2,159,34.950899993418716,True,7.009460103457599e-07
lexicographic,VIKOR,2,160,39.25339999841526,True,7.009460103457599e-07
lexicographic,VIKOR,2,161,56.43949999648612,True,7.009460103457599e-07
lexicographic,VIKOR,2,162,41.84279999753926,True,7.009460103457599e-07
lexicographic,VIKOR,2,163,43.532399999094196,True,7.009460103457599e-07
lexicographic,VIKOR,2,164,49.51710000750609,True,7.009460103457599e-07
lexicographic,VIKOR,2,165,64.82510000932962,True,7.009460103457599e-07
lexicographic,VIKOR,2,166,44.64849999931175,True,7.009460103457599e-07
lexicographic,VIKOR,2,167,40.6424000102561,True,7.009460103457599e-07
lexicographic,VIKOR,2,168,44.41509999742266,True,7.009460103457599e-07
lexicographic,VIKOR,2,169,52.09630000172183,True,7.009460103457599e-07
lexicographic,VIKOR,2,170,47.29329999827314,True,7.009460103457599e-07
lexicographic,VIKOR,2,171,37.46099999989383,True,7.009460103457599e-07
lexicographic,VIKOR,2,172,41.90609999932349,True,7.009460103457599e-07
lexicographic,VIKOR,2,173,46.10000000684522,True,7.009460103457599e-07
lexicographic,VIKOR,2,174,35.11359999538399,True,7.009460103457599e-07
lexicographic,VIKOR,2,175,45.88010000588838,True,7.009460103457599e-07
lexicographic,VIKOR,2,176,44.541399998706765,True,7.009460103457599e-07
lexicographic,VIKOR,2,177,40.43839999940246,True,7.009460103457599e-07
lexicographic,VIKOR,2,178,38.95600000396371,True,7.009460103457599e-07
lexicographic,VIKOR,2,179,46.68630000378471,True,7.009460103457599e-07
lexicographic,VIKOR,2,180,75.65919999615289,True,7.009460103457599e-07
lexicographic,VIKOR,2,181,62.69919998885598,True,7.009460103457599e-07
lexicographic,VIKOR,2,182,49.53860001114663,True,7.009460103457599e-07
lexicographic,VIKOR,2,183,40.18359999463428,True,7.009460103457599e-07
lexicographic,VIKOR,2,184,38.02799999539275,True,7.009460103457599e-07
lexicographic,VIKOR,2,185,48.11779998999555,True,7.009460103457599e-07
lexicographic,VIKOR,2,186,36.04710000217892,True,7.009460103457599e-07
lexicographic,VIKOR,2,187,47.91079999995418,True,7.009460103457599e-07
lexicographic,VIKOR,2,188,50.75840000063181,True,7.009460103457599e-07
lexicographic,VIKOR,2,189,45.11980000825133,True,7.009460103457599e-07
lexicographic,VIKOR,2,190,36.23430000152439,True,7.009460103457599e-07
lexicographic,VIKOR,2,191,36.07820000615902,True,7.009460103457599e-07
lexicographic,VIKOR,2,192,55.46810000669211,True,7.009460103457599e-07
lexicographic,VIKOR,2,193,41.16779999458231,True,7.009460103457599e-07
lexicographic,VIKOR,2,194,37.651099992217496,True,7.009460103457599e-07
lexicographic,VIKOR,2,195,45.090400002663955,True,7.009460103457599e-07
lexicographic,VIKOR,2,196,41.43560001102742,True,7.009460103457599e-07
lexicographic,VIKOR,2,197,34.66689999913797,True,7.009460103457599e-07
lexicographic,VIKOR,2,198,46.27750000508968,True,7.009460103457599e-07
lexicographic,VIKOR,2,199,50.78160000266507,True,7.009460103457599e-07
lexicographic,COPRAS,2,0,19.601100008003414,True,1.472174870897902e-07
lexicographic,COPRAS,2,1,16.79419999709353,True,1.472174870897902e-07
lexicographic,COPRAS,2,2,15.569800001685508,True,1.472174870897902e-07
lexicographic,COPRAS,2,3,15.09670000814367,True,1.472174870897902e-07
lexicographic,COPRAS,2,4,15.97919999039732,True,1.472174870897902e-07
lexicographic,COPRAS,2,5,22.22270000493154,True,1.472174870897902e-07
lexicographic,COPRAS,2,6,19.260400003986433,True,1.472174870897902e-07
lexicographic,COPRAS,2,7,16.110399999888614,True,1.472174870897902e-07
lexicographic,COPRAS,2,8,14.806699997279793,True,1.472174870897902e-07
lexicographic,COPRAS,2,9,14.33089999773074,True,1.472174870897902e-07
lexicographic,COPRAS,2,10,15.724099997896701,True,1.472174870897902e-07
lexicographic,COPRAS,2,11,20.398399996338412,True,1.472174870897902e-07
lexicographic,COPRAS,2,12,21.93079999415204,True,1.472174870897902e-07
lexicographic,COPRAS,2,13,20.403700007591397,True,1.472174870897902e-07
lexicographic,COPRAS,2,14,17.94099999824539,True,1.472174870897902e-07
lexicographic,COPRAS,2,15,17.38900000054855,True,1.472174870897902e-07
lexicographic,COPRAS,2,16,18.305399993550964,True,1.472174870897902e-07
lexicographic,COPRAS,2,17,17.429499988793395,True,1.472174870897902e-07
lexicographic,COPRAS,2,18,15.990500003681518,True,1.472174870897902e-07
lexicographic,COPRAS,2,19,15.825899987248704,True,1.472174870897902e-07
lexicographic,COPRAS,2,20,15.06869999866467,True,1.472174870897902e-07
lexicographic,COPRAS,2,21,17.406800005119294,True,1.472174870897902e-07
lexicographic,COPRAS,2,22,21.858699998119846,True,1.472174870897902e-07
lexicographic,COPRAS,2,23,17.119399999501184,True,1.472174870897902e-07
lexicographic,COPRAS,2,24,16.46860000619199,True,1.472174870897902e-07
lexicographic,COPRAS,2,25,16.53930000611581,True,1.472174870897902e-07
lexicographic,COPRAS,2,26,16.851199994562194,True,1.472174870897902e-07
lexicographic,COPRAS,2,27,21.966000000247732,True,1.472174870897902e-07
lexicographic,COPRAS,2,28,24.26339998783078,True,1.472174870897902e-07
lexicographic,COPRAS,2,29,20.232100010616705,True,1.472174870897902e-07
lexicographic,COPRAS,2,30,19.605699999374337,True,1.472174870897902e-07
lexicographic,COPRAS,2,31,18.950000012409873,True,1.472174870897902e-07
lexicographic,COPRAS,2,32,17.166999998153187,True,1.472174870897902e-07
lexicographic,COPRAS,2,33,15.49759999033995,True,1.472174870897902e-07
lexicographic,COPRAS,2,34,15.926000007311814,True,1.472174870897902e-07
lexicographic,COPRAS,2,35,15.675399990868755,True,1.472174870897902e-07
lexicographic,COPRAS,2,36,16.100399996503256,True,1.472174870897902e-07
lexicographic,COPRAS,2,37,23.29759999702219,True,1.472174870897902e-07
lexicographic,COPRAS,2,38,20.58959999703802,True,1.472174870897902e-07
lexicographic,COPRAS,2,39,20.516099990345538,True,1.472174870897902e-07
lexicographic,COPRAS,2,40,19.81710000836756,True,1.472174870897902e-07
lexicographic,COPRAS,2,41,20.217500001308508,True,1.472174870897902e-07
lexicographic,COPRAS,2,42,18.662000002223067,True,1.472174870897902e-07
lexicographic,COPRAS,2,43,16.204300001845695,True,1.472174870897902e-07
lexicographic,COPRAS,2,44,16.853699999046512,True,1.472174870897902e-07
lexicographic,COPRAS,2,45,16.657100000884384,True,1.472174870897902e-07
lexicographic,COPRAS,2,46,18.960799992782995,True,1.472174870897902e-07
lexicographic,COPRAS,2,47,22.16779999434948,True,1.472174870897902e-07
lexicographic,COPRAS,2,48,21.206599994911812,True,1.472174870897902e-07
lexicographic,COPRAS,2,49,20.340399991255254,True,1.472174870897902e-07
lexicographic,COPRAS,2,50,17.909600006532855,True,1.472174870897902e-07
lexicographic,COPRAS,2,51,16.92439999897033,True,1.472174870897902e-07
lexicographic,COPRAS,2,52,18.017099995631725,True,1.472174870897902e-07
lexicographic,COPRAS,2,53,16.27020000887569,True,1.472174870897902e-07
lexicographic,COPRAS,2,54,17.024699991452508,True,1.472174870897902e-07
lexicographic,COPRAS,2,55,16.021599993109703,True,1.472174870897902e-07
lexicographic,COPRAS,2,56,15.51100000506267,True,1.472174870897902e-07
lexicographic,COPRAS,2,57,18.6392000032356,True,1.472174870897902e-07
lexicographic,COPRAS,2,58,22.525300009874627,True,1.472174870897902e-07
lexicographic,COPRAS,2,59,17.17250001092907,True,1.472174870897902e-07
lexicographic,COPRAS,2,60,16.721200008760206,True,1.472174870897902e-07
lexicographic,COPRAS,2,61,16.50129999325145,True,1.472174870897902e-07
lexicographic,COPRAS,2,62,17.63770000252407,True,1.472174870897902e-07
lexicographic,COPRAS,2,63,23.11059999919962,True,1.472174870897902e-07
lexicographic,COPRAS,2,64,20.32179999514483,True,1.472174870897902e-07
lexicographic,COPRAS,2,65,20.01629999722354,True,1.472174870897902e-07
lexicographic,COPRAS,2,66,19.648699992103502,True,1.472174870897902e-07
lexicographic,COPRAS,2,67,18.2170999905793,True,1.472174870897902e-07
lexicographic,COPRAS,2,68,20.90699999826029,True,1.472174870897902e-07
lexicographic,COPRAS,2,69,18.435499994666316,True,1.472174870897902e-07
lexicographic,COPRAS,2,70,15.953199996147305,True,1.472174870897902e-07
lexicographic,COPRAS,2,71,20.09890000044834,True,1.472174870897902e-07
lexicographic,COPRAS,2,72,20.043600001372397,True,1.472174870897902e-07
lexicographic,COPRAS,2,73,19.431799999438226,True,1.472174870897902e-07
lexicographic,COPRAS,2,74,15.366299994639121,True,1.472174870897902e-07
lexicographic,COPRAS,2,75,15.018700010841712,True,1.472174870897902e-07
lexicographic,COPRAS,2,76,14.339999994263053,True,1.472174870897902e-07
lexicographic,COPRAS,2,77,14.720500010298565,True,1.472174870897902e-07
lexicographic,COPRAS,2,78,21.219700007350184,True,1.472174870897902e-07
lexicographic,COPRAS,2,79,21.65969999623485,True,1.472174870897902e-07
lexicographic,COPRAS,2,80,19.901300009223633,True,1.472174870897902e-07
lexicographic,COPRAS,2,81,18.829699998605065,True,1.472174870897902e-07
lexicographic,COPRAS,2,82,20.22710000164807,True,1.472174870897902e-07
lexicographic,COPRAS,2,83,20.05640001152642,True,1.472174870897902e-07
lexicographic,COPRAS,2,84,18.102499991073273,True,1.472174870897902e-07
lexicographic,COPRAS,2,85,16.192099996260367,True,1.472174870897902e-07
lexicographic,COPRAS,2,86,14.89910000236705,True,1.472174870897902e-07
lexicographic,COPRAS,2,87,14.182200000504963,True,1.472174870897902e-07
lexicographic,COPRAS,2,88,16.538600000785664,True,1.472174870897902e-07
lexicographic,COPRAS,2,89,22.72140000422951,True,1.472174870897902e-07
lexicographic,COPRAS,2,90,22.01460000651423,True,1.472174870897902e-07
lexicographic,COPRAS,2,91,19.422500001383014,True,1.472174870897902e-07
lexicographic,COPRAS,2,92,15.683199992054142,True,1.472174870897902e-07
lexicographic,COPRAS,2,93,18.399199994746596,True,1.472174870897902e-07
lexicographic,COPRAS,2,94,22.705900002620183,True,1.472174870897902e-07
lexicographic,COPRAS,2,95,23.648300004424527,True,1.472174870897902e-07
lexicographic,COPRAS,2,96,20.034499990288168,True,1.472174870897902e-07
lexicographic,COPRAS,2,97,16.272099994239397,True,1.472174870897902e-07
lexicographic,COPRAS,2,98,17.380899997078814,True,1.472174870897902e-07
lexicographic,COPRAS,2,99,22.932599997147918,True,1.472174870897902e-07
lexicographic,COPRAS,2,100,16.8757000064943,True,1.472174870897902e-07
lexicographic,COPRAS,2,101,11.389599996618927,True,1.472174870897902e-07
lexicographic,COPRAS,2,102,10.60019999567885,True,1.472174870897902e-07
lexicographic,COPRAS,2,103,15.590700000757352,True,1.472174870897902e-07
lexicographic,COPRAS,2,104,22.05520001007244,True,1.472174870897902e-07
lexicographic,COPRAS,2,105,21.85789999202825,True,1.472174870897902e-07
lexicographic,COPRAS,2,106,21.95350000692997,True,1.472174870897902e-07
lexicographic,COPRAS,2,107,22.728999989340082,True,1.472174870897902e-07
lexicographic,COPRAS,2,108,22.661900002276525,True,1.472174870897902e-07
lexicographic,COPRAS,2,109,25.17480000096839,True,1.472174870897902e-07
lexicographic,COPRAS,2,110,23.323900008108467,True,1.472174870897902e-07
lexicographic,COPRAS,2,111,18.172199997934513,True,1.472174870897902e-07
lexicographic,COPRAS,2,112,17.642399994656444,True,1.472174870897902e-07
lexicographic,COPRAS,2,113,19.277799990959466,True,1.472174870897902e-07
lexicographic,COPRAS,2,114,17.97919999808073,True,1.472174870897902e-07
lexicographic,COPRAS,2,115,17.426999998860992,True,1.472174870897902e-07
lexicographic,COPRAS,2,116,19.97520000441,True,1.472174870897902e-07
lexicographic,COPRAS,2,117,17.839000007370487,True,1.472174870897902e-07
lexicographic,COPRAS,2,118,22.22500000789296,True,1.472174870897902e-07
lexicographic,COPRAS,2,119,20.22979999310337,True,1.472174870897902e-07
lexicographic,COPRAS,2,120,17.399100004695356,True,1.472174870897902e-07
lexicographic,COPRAS,2,121,17.34760000545066,True,1.472174870897902e-07
lexicographic,COPRAS,2,122,18.802699996740557,True,1.472174870897902e-07
lexicographic,COPRAS,2,123,20.346799996332265,True,1.472174870897902e-07
lexicographic,COPRAS,2,124,23.05210000486113,True,1.472174870897902e-07
lexicographic,COPRAS,2,125,19.436000002315268,True,1.472174870897902e-07
lexicographic,COPRAS,2,126,18.287600003532134,True,1.472174870897902e-07
lexicographic,COPRAS,2,127,16.75690000411123,True,1.472174870897902e-07
lexicographic,COPRAS,2,128,17.430799998692237,True,1.472174870897902e-07
lexicographic,COPRAS,2,129,19.424500002060086,True,1.472174870897902e-07
lexicographic,COPRAS,2,130,16.76440000301227,True,1.472174870897902e-07
lexicographic,COPRAS,2,131,17.073600000003353,True,1.472174870897902e-07
lexicographic,COPRAS,2,132,19.873900004313327,True,1.472174870897902e-07
lexicographic,COPRAS,2,133,20.58229999965988,True,1.472174870897902e-07
lexicographic,COPRAS,2,134,25.337200000649318,True,1.472174870897902e-07
lexicographic,COPRAS,2,135,23.963999992702156,True,1.472174870897902e-07
lexicographic,COPRAS,2,136,20.36160000716336,True,1.472174870897902e-07
lexicographic,COPRAS,2,137,19.685899998876266,True,1.472174870897902e-07
lexicographic,COPRAS,2,138,19.97920000576414,True,1.472174870897902e-07
lexicographic,COPRAS,2,139,16.30289999593515,True,1.472174870897902e-07
lexicographic,COPRAS,2,140,15.633200004231185,True,1.472174870897902e-07
lexicographic,COPRAS,2,141,15.520700006163679,True,1.472174870897902e-07
lexicographic,COPRAS,2,142,19.848500000080094,True,1.472174870897902e-07
lexicographic,COPRAS,2,143,23.670200011110865,True,1.472174870897902e-07
lexicographic,COPRAS,2,144,23.724300001049414,True,1.472174870897902e-07
lexicographic,COPRAS,2,145,23.43230000406038,True,1.472174870897902e-07
lexicographic,COPRAS,2,146,21.317299993825145,True,1.472174870897902e-07
lexicographic,COPRAS,2,147,20.775699988007545,True,1.472174870897902e-07
lexicographic,COPRAS,2,148,19.72110000497196,True,1.472174870897902e-07
lexicographic,COPRAS,2,149,15.824699992663227,True,1.472174870897902e-07
lexicographic,COPRAS,2,150,15.088899992406368,True,1.472174870897902e-07
lexicographic,COPRAS,2,151,14.703599998028949,True,1.472174870897902e-07
lexicographic,COPRAS,2,152,22.069500002544373,True,1.472174870897902e-07
lexicographic,COPRAS,2,153,25.891100012813695,True,1.472174870897902e-07
lexicographic,COPRAS,2,154,16.614199994364753,True,1.472174870897902e-07
lexicographic,COPRAS,2,155,16.230000008363277,True,1.472174870897902e-07
lexicographic,COPRAS,2,156,15.54059999762103,True,1.472174870897902e-07
lexicographic,COPRAS,2,157,17.172000007121824,True,1.472174870897902e-07
lexicographic,COPRAS,2,158,24.88219999941066,True,1.472174870897902e-07
lexicographic,COPRAS,2,159,22.604199999477714,True,1.472174870897902e-07
lexicographic,COPRAS,2,160,19.816900006844662,True,1.472174870897902e-07
lexicographic,COPRAS,2,161,16.64139999775216,True,1.472174870897902e-07
lexicographic,COPRAS,2,162,17.100099998060614,True,1.472174870897902e-07
lexicographic,COPRAS,2,163,18.34019999660086,True,1.472174870897902e-07
lexicographic,COPRAS,2,164,17.779300003894605,True,1.472174870897902e-07
lexicographic,COPRAS,2,165,17.658299999311566,True,1.472174870897902e-07
lexicographic,COPRAS,2,166,17.03260000795126,True,1.472174870897902e-07
lexicographic,COPRAS,2,167,17.878200000268407,True,1.472174870897902e-07
lexicographic,COPRAS,2,168,19.984300000942312,True,1.472174870897902e-07
lexicographic,COPRAS,2,169,19.572599994717166,True,1.472174870897902e-07
lexicographic,COPRAS,2,170,17.75799998722505,True,1.472174870897902e-07
lexicographic,COPRAS,2,171,20.143999994616024,True,1.472174870897902e-07
lexicographic,COPRAS,2,172,19.569700001738966,True,1.472174870897902e-07
lexicographic,COPRAS,2,173,24.558999997680075,True,1.472174870897902e-07
lexicographic,COPRAS,2,174,21.264199996949174,True,1.472174870897902e-07
lexicographic,COPRAS,2,175,20.16369999910239,True,1.472174870897902e-07
lexicographic,COPRAS,2,176,17.1107999922242,True,1.472174870897902e-07
lexicographic,COPRAS,2,177,19.048800008022226,True,1.472174870897902e-07
lexicographic,COPRAS,2,178,19.211499995435588,True,1.472174870897902e-07
lexicographic,COPRAS,2,179,17.7067999902647,True,1.472174870897902e-07
lexicographic,COPRAS,2,180,16.981399996438995,True,1.472174870897902e-07
lexicographic,COPRAS,2,181,16.248500003712252,True,1.472174870897902e-07
lexicographic,COPRAS,2,182,16.380899993237108,True,1.472174870897902e-07
lexicographic,COPRAS,2,183,21.232899991446175,True,1.472174870897902e-07
lexicographic,COPRAS,2,184,19.906499990611337,True,1.472174870897902e-07
lexicographic,COPRAS,2,185,16.77830000699032,True,1.472174870897902e-07
lexicographic,COPRAS,2,186,19.06849999795668,True,1.472174870897902e-07
lexicographic,COPRAS,2,187,20.5363999994006,True,1.472174870897902e-07
lexicographic,COPRAS,2,188,25.468699997873046,True,1.472174870897902e-07
lexicographic,COPRAS,2,189,23.742099991068244,True,1.472174870897902e-07
lexicographic,COPRAS,2,190,19.80609999736771,True,1.472174870897902e-07
lexicographic,COPRAS,2,191,17.07479999458883,True,1.472174870897902e-07
lexicographic,COPRAS,2,192,18.694500002311543,True,1.472174870897902e-07
lexicographic,COPRAS,2,193,19.240300011006184,True,1.472174870897902e-07
lexicographic,COPRAS,2,194,20.07110000704415,True,1.472174870897902e-07
lexicographic,COPRAS,2,195,18.80370000435505,True,1.472174870897902e-07
lexicographic,COPRAS,2,196,15.13149999664165,True,1.472174870897902e-07
lexicographic,COPRAS,2,197,15.7102999946801,True,1.472174870897902e-07
lexicographic,COPRAS,2,198,18.164399996749125,True,1.472174870897902e-07
lexicographic,COPRAS,2,199,18.241199999465607,True,1.472174870897902e-07
lexicographic,ARAS,2,0,15.62710000143852,True,4.4165246126937063e-08
lexicographic,ARAS,2,1,22.314299989375286,True,4.4165246126937063e-08
lexicographic,ARAS,2,2,41.196099991793744,True,4.4165246126937063e-08
lexicographic,ARAS,2,3,25.31260000250768,True,4.4165246126937063e-08
lexicographic,ARAS,2,4,18.071400001645088,True,4.4165246126937063e-08
lexicographic,ARAS,2,5,17.211300000781193,True,4.4165246126937063e-08
lexicographic,ARAS,2,6,17.103300007875077,True,4.4165246126937063e-08
lexicographic,ARAS,2,7,15.48509999702219,True,4.4165246126937063e-08
lexicographic,ARAS,2,8,14.870999992126599,True,4.4165246126937063e-08
lexicographic,ARAS,2,9,14.585400000214577,True,4.4165246126937063e-08
lexicographic,ARAS,2,10,14.444299988099374,True,4.4165246126937063e-08
lexicographic,ARAS,2,11,19.983999998657964,True,4.4165246126937063e-08
lexicographic,ARAS,2,12,21.311800010153092,True,4.4165246126937063e-08
lexicographic,ARAS,2,13,22.526000000652857,True,4.4165246126937063e-08
lexicographic,ARAS,2,14,19.844099995680153,True,4.4165246126937063e-08
lexicographic,ARAS,2,15,18.136600003344938,True,4.4165246126937063e-08
lexicographic,ARAS,2,16,20.239300007233396,True,4.4165246126937063e-08
lexicographic,ARAS,2,17,17.988599996897392,True,4.4165246126937063e-08
lexicographic,ARAS,2,18,14.563100005034357,True,4.4165246126937063e-08
lexicographic,ARAS,2,19,16.542399986064993,True,4.4165246126937063e-08
lexicographic,ARAS,2,20,14.170099995681085,True,4.4165246126937063e-08
lexicographic,ARAS,2,21,15.612699993653223,True,4.4165246126937063e-08
lexicographic,ARAS,2,22,19.82780000253115,True,4.4165246126937063e-08
lexicographic,ARAS,2,23,17.630099988309667,True,4.4165246126937063e-08
lexicographic,ARAS,2,24,18.71019999089185,True,4.4165246126937063e-08
lexicographic,ARAS,2,25,17.04829999653157,True,4.4165246126937063e-08
lexicographic,ARAS,2,26,15.182399991317652,True,4.4165246126937063e-08
lexicographic,ARAS,2,27,20.53120000346098,True,4.4165246126937063e-08
lexicographic,ARAS,2,28,23.521499999333173,True,4.4165246126937063e-08
lexicographic,ARAS,2,29,22.853599992231466,True,4.4165246126937063e-08
lexicographic,ARAS,2,30,17.00120000168681,True,4.4165246126937063e-08
lexicographic,ARAS,2,31,16.35089999763295,True,4.4165246126937063e-08
lexicographic,ARAS,2,32,16.966499999398366,True,4.4165246126937063e-08
lexicographic,ARAS,2,33,22.02709999983199,True,4.4165246126937063e-08
lexicographic,ARAS,2,34,15.536699997028336,True,4.4165246126937063e-08
lexicographic,ARAS,2,35,14.705299996421672,True,4.4165246126937063e-08
lexicographic,ARAS,2,36,13.685900004929863,True,4.4165246126937063e-08
lexicographic,ARAS,2,37,17.78080000076443,True,4.4165246126937063e-08
lexicographic,ARAS,2,38,20.584699988830835,True,4.4165246126937063e-08
lexicographic,ARAS,2,39,17.548099989653565,True,4.4165246126937063e-08
lexicographic,ARAS,2,40,17.178900001454167,True,4.4165246126937063e-08
lexicographic,ARAS,2,41,16.898700007004663,True,4.4165246126937063e-08
lexicographic,ARAS,2,42,19.630399998277426,True,4.4165246126937063e-08
lexicographic,ARAS,2,43,21.774499997263774,True,4.4165246126937063e-08
lexicographic,ARAS,2,44,22.95889999368228,True,4.4165246126937063e-08
lexicographic,ARAS,2,45,18.64979999663774,True,4.4165246126937063e-08
lexicographic,ARAS,2,46,16.717799997422844,True,4.4165246126937063e-08
lexicographic,ARAS,2,47,17.548700008774176,True,4.4165246126937063e-08
lexicographic,ARAS,2,48,18.56519999273587,True,4.4165246126937063e-08
lexicographic,ARAS,2,49,15.673399990191683,True,4.4165246126937063e-08
lexicographic,ARAS,2,50,16.357200001948513,True,4.4165246126937063e-08
lexicographic,ARAS,2,51,15.576499994494952,True,4.4165246126937063e-08
lexicographic,ARAS,2,52,14.615700012654997,True,4.4165246126937063e-08
lexicographic,ARAS,2,53,17.48609999776818,True,4.4165246126937063e-08
lexicographic,ARAS,2,54,19.431900000199676,True,4.4165246126937063e-08
lexicographic,ARAS,2,55,21.193799999309704,True,4.4165246126937063e-08
lexicographic,ARAS,2,56,23.85100000537932,True,4.4165246126937063e-08
lexicographic,ARAS,2,57,17.811400000937283,True,4.4165246126937063e-08
lexicographic,ARAS,2,58,18.88800000597257,True,4.4165246126937063e-08
lexicographic,ARAS,2,59,17.890999995870516,True,4.4165246126937063e-08
lexicographic,ARAS,2,60,15.86880000832025,True,4.4165246126937063e-08
lexicographic,ARAS,2,61,11.227599999983795,True,4.4165246126937063e-08
lexicographic,ARAS,2,62,18.360899994149804,True,4.4165246126937063e-08
lexicographic,ARAS,2,63,16.509299995959736,True,4.4165246126937063e-08
lexicographic,ARAS,2,64,20.51789998949971,True,4.4165246126937063e-08
lexicographic,ARAS,2,65,18.718699997407384,True,4.4165246126937063e-08
lexicographic,ARAS,2,66,16.954299993813038,True,4.4165246126937063e-08
lexicographic,ARAS,2,67,15.887699992163107,True,4.4165246126937063e-08
lexicographic,ARAS,2,68,13.837199992849492,True,4.4165246126937063e-08
lexicographic,ARAS,2,69,17.284000001382083,True,4.4165246126937063e-08
lexicographic,ARAS,2,70,23.19540000462439,True,4.4165246126937063e-08
lexicographic,ARAS,2,71,22.61299999372568,True,4.4165246126937063e-08
lexicographic,ARAS,2,72,18.39979999931529,True,4.4165246126937063e-08
lexicographic,ARAS,2,73,15.671300003305078,True,4.4165246126937063e-08
lexicographic,ARAS,2,74,18.116199993528426,True,4.4165246126937063e-08
lexicographic,ARAS,2,75,17.98239999334328,True,4.4165246126937063e-08
lexicographic,ARAS,2,76,16.81570000073407,True,4.4165246126937063e-08
lexicographic,ARAS,2,77,16.55179999943357,True,4.4165246126937063e-08
lexicographic,ARAS,2,78,18.75629999267403,True,4.4165246126937063e-08
lexicographic,ARAS,2,79,18.83339999767486,True,4.4165246126937063e-08
lexicographic,ARAS,2,80,21.513300001970492,True,4.4165246126937063e-08
lexicographic,ARAS,2,81,17.37380000122357,True,4.4165246126937063e-08
lexicographic,ARAS,2,82,15.641000005416572,True,4.4165246126937063e-08
lexicographic,ARAS,2,83,14.289200000348501,True,4.4165246126937063e-08
lexicographic,ARAS,2,84,13.991400002851151,True,4.4165246126937063e-08
lexicographic,ARAS,2,85,21.018700004788116,True,4.4165246126937063e-08
lexicographic,ARAS,2,86,24.336599992238916,True,4.4165246126937063e-08
lexicographic,ARAS,2,87,19.591699994634837,True,4.4165246126937063e-08
lexicographic,ARAS,2,88,18.200299993623048,True,4.4165246126937063e-08
lexicographic,ARAS,2,89,15.465899996343069,True,4.4165246126937063e-08
lexicographic,ARAS,2,90,18.119700005627237,True,4.4165246126937063e-08
lexicographic,ARAS,2,91,18.030799998086877,True,4.4165246126937063e-08
lexicographic,ARAS,2,92,16.581999996560626,True,4.4165246126937063e-08
lexicographic,ARAS,2,93,17.612299998290837,True,4.4165246126937063e-08
lexicographic,ARAS,2,94,18.676299994695,True,4.4165246126937063e-08
lexicographic,ARAS,2,95,19.16509999136906,True,4.4165246126937063e-08
lexicographic,ARAS,2,96,25.67010000348091,True,4.4165246126937063e-08
lexicographic,ARAS,2,97,23.793199987267144,True,4.4165246126937063e-08
lexicographic,ARAS,2,98,18.806199994287454,True,4.4165246126937063e-08
lexicographic,ARAS,2,99,16.911200000322424,True,4.4165246126937063e-08
lexicographic,ARAS,2,100,18.479699996532872,True,4.4165246126937063e-08
lexicographic,ARAS,2,101,18.380999987130053,True,4.4165246126937063e-08
lexicographic,ARAS,2,102,17.863900007796474,True,4.4165246126937063e-08
lexicographic,ARAS,2,103,15.962000004947186,True,4.4165246126937063e-08
lexicographic,ARAS,2,104,13.69680000061635,True,4.4165246126937063e-08
lexicographic,ARAS,2,105,15.880799997830763,True,4.4165246126937063e-08
lexicographic,ARAS,2,106,20.50769999914337,True,4.4165246126937063e-08
lexicographic,ARAS,2,107,18.669299999601208,True,4.4165246126937063e-08
lexicographic,ARAS,2,108,16.01610000943765,True,4.4165246126937063e-08
lexicographic,ARAS,2,109,16.35770000575576,True,4.4165246126937063e-08
lexicographic,ARAS,2,110,16.58889999089297,True,4.4165246126937063e-08
lexicographic,ARAS,2,111,18.8551000028383,True,4.4165246126937063e-08
lexicographic,ARAS,2,112,19.32439999654889,True,4.4165246126937063e-08
lexicographic,ARAS,2,113,23.77400000113994,True,4.4165246126937063e-08
lexicographic,ARAS,2,114,18.577399998321198,True,4.4165246126937063e-08
lexicographic,ARAS,2,115,18.51509998959955,True,4.4165246126937063e-08
lexicographic,ARAS,2,116,18.469400005415082,True,4.4165246126937063e-08
lexicographic,ARAS,2,117,17.68229999288451,True,4.4165246126937063e-08
lexicographic,ARAS,2,118,17.418899995391257,True,4.4165246126937063e-08
lexicographic,ARAS,2,119,16.43790000525769,True,4.4165246126937063e-08
lexicographic,ARAS,2,120,14.748000001418404,True,4.4165246126937063e-08
lexicographic,ARAS,2,121,16.085800001746975,True,4.4165246126937063e-08
lexicographic,ARAS,2,122,18.869299994548783,True,4.4165246126937063e-08
lexicographic,ARAS,2,123,16.124999994644895,True,4.4165246126937063e-08
lexicographic,ARAS,2,124,14.1530000109924,True,4.4165246126937063e-08
lexicographic,ARAS,2,125,13.914299997850321,True,4.4165246126937063e-08
lexicographic,ARAS,2,126,13.51960000465624,True,4.4165246126937063e-08
lexicographic,ARAS,2,127,14.946199997211806,True,4.4165246126937063e-08
lexicographic,ARAS,2,128,20.9986999980174,True,4.4165246126937063e-08
lexicographic,ARAS,2,129,21.142300000065006,True,4.4165246126937063e-08
lexicographic,ARAS,2,130,20.339800001238473,True,4.4165246126937063e-08
lexicographic,ARAS,2,131,17.81689999916125,True,4.4165246126937063e-08
lexicographic,ARAS,2,132,17.423500001314096,True,4.4165246126937063e-08
lexicographic,ARAS,2,133,19.97109998774249,True,4.4165246126937063e-08
lexicographic,ARAS,2,134,19.330099996295758,True,4.4165246126937063e-08
lexicographic,ARAS,2,135,17.66240000142716,True,4.4165246126937063e-08
lexicographic,ARAS,2,136,15.595899996696971,True,4.4165246126937063e-08
lexicographic,ARAS,2,137,7.9166000068653375,True,4.4165246126937063e-08
lexicographic,ARAS,2,138,12.132200004998595,True,4.4165246126937063e-08
lexicographic,ARAS,2,139,18.640000009327196,True,4.4165246126937063e-08
lexicographic,ARAS,2,140,19.562400004360825,True,4.4165246126937063e-08
lexicographic,ARAS,2,141,17.832900004577823,True,4.4165246126937063e-08
lexicographic,ARAS,2,142,18.94439999887254,True,4.4165246126937063e-08
lexicographic,ARAS,2,143,16.229299988481216,True,4.4165246126937063e-08
lexicographic,ARAS,2,144,19.18909999949392,True,4.4165246126937063e-08
lexicographic,ARAS,2,145,22.144499991554767,True,4.4165246126937063e-08
lexicographic,ARAS,2,146,22.87800000340212,True,4.4165246126937063e-08
lexicographic,ARAS,2,147,17.819800006691366,True,4.4165246126937063e-08
lexicographic,ARAS,2,148,17.267699993681163,True,4.4165246126937063e-08
lexicographic,ARAS,2,149,18.684399998164736,True,4.4165246126937063e-08
lexicographic,ARAS,2,150,18.27489999413956,True,4.4165246126937063e-08
lexicographic,ARAS,2,151,17.123400000855327,True,4.4165246126937063e-08
lexicographic,ARAS,2,152,15.826199989533052,True,4.4165246126937063e-08
lexicographic,ARAS,2,153,15.548299998044968,True,4.4165246126937063e-08
lexicographic,ARAS,2,154,18.164000008255243,True,4.4165246126937063e-08
lexicographic,ARAS,2,155,21.50909999909345,True,4.4165246126937063e-08
lexicographic,ARAS,2,156,17.785299991373904,True,4.4165246126937063e-08
lexicographic,ARAS,2,157,15.175499996985309,True,4.4165246126937063e-08
lexicographic,ARAS,2,158,14.933500002371147,True,4.4165246126937063e-08
lexicographic,ARAS,2,159,14.365099996211939,True,4.4165246126937063e-08
lexicographic,ARAS,2,160,22.89839999866672,True,4.4165246126937063e-08
lexicographic,ARAS,2,161,21.51979999325704,True,4.4165246126937063e-08
lexicographic,ARAS,2,162,23.348999995505437,True,4.4165246126937063e-08
lexicographic,ARAS,2,163,17.794100000173785,True,4.4165246126937063e-08
lexicographic,ARAS,2,164,15.193100000033155,True,4.4165246126937063e-08
lexicographic,ARAS,2,165,18.234000002848916,True,4.4165246126937063e-08
lexicographic,ARAS,2,166,17.68229999288451,True,4.4165246126937063e-08
lexicographic,ARAS,2,167,15.468099998543039,True,4.4165246126937063e-08
lexicographic,ARAS,2,168,14.212300011422485,True,4.4165246126937063e-08
lexicographic,ARAS,2,169,14.351599995279685,True,4.4165246126937063e-08
lexicographic,ARAS,2,170,15.236300008837134,True,4.4165246126937063e-08
lexicographic,ARAS,2,171,19.959099998231977,True,4.4165246126937063e-08
lexicographic,ARAS,2,172,23.29450000252109,True,4.4165246126937063e-08
lexicographic,ARAS,2,173,24.83080000092741,True,4.4165246126937063e-08
lexicographic,ARAS,2,174,22.61759999964852,True,4.4165246126937063e-08
lexicographic,ARAS,2,175,16.678899992257357,True,4.4165246126937063e-08
lexicographic,ARAS,2,176,17.184199998155236,True,4.4165246126937063e-08
lexicographic,ARAS,2,177,16.676500003086403,True,4.4165246126937063e-08
lexicographic,ARAS,2,178,16.27399999415502,True,4.4165246126937063e-08
lexicographic,ARAS,2,179,14.274899993324652,True,4.4165246126937063e-08
lexicographic,ARAS,2,180,14.13219999813009,True,4.4165246126937063e-08
lexicographic,ARAS,2,181,16.24630000151228,True,4.4165246126937063e-08
lexicographic,ARAS,2,182,20.72859999316279,True,4.4165246126937063e-08
lexicographic,ARAS,2,183,22.142699992400594,True,4.4165246126937063e-08
lexicographic,ARAS,2,184,20.831100002396852,True,4.4165246126937063e-08
lexicographic,ARAS,2,185,16.59109999309294,True,4.4165246126937063e-08
lexicographic,ARAS,2,186,17.761800001608208,True,4.4165246126937063e-08
lexicographic,ARAS,2,187,19.0874999971129,True,4.4165246126937063e-08
lexicographic,ARAS,2,188,19.59789999818895,True,4.4165246126937063e-08
lexicographic,ARAS,2,189,18.68389999435749,True,4.4165246126937063e-08
lexicographic,ARAS,2,190,19.93629999924451,True,4.4165246126937063e-08
lexicographic,ARAS,2,191,18.240299992612563,True,4.4165246126937063e-08
lexicographic,ARAS,2,192,18.40539999830071,True,4.4165246126937063e-08
lexicographic,ARAS,2,193,15.418800001498312,True,4.4165246126937063e-08
lexicographic,ARAS,2,194,14.590600010706112,True,4.4165246126937063e-08
lexicographic,ARAS,2,195,14.351899997564033,True,4.4165246126937063e-08
lexicographic,ARAS,2,196,14.070200006244704,True,4.4165246126937063e-08
lexicographic,ARAS,2,197,18.716699996730313,True,4.4165246126937063e-08
lexicographic,ARAS,2,198,24.057800008449703,True,4.4165246126937063e-08
lexicographic,ARAS,2,199,21.698300013667904,True,4.4165246126937063e-08
lexicographic,WASPAS,2,0,17.771500002709217,True,3.037164997277131e-08
lexicographic,WASPAS,2,1,18.184000000474043,True,3.037164997277131e-08
lexicographic,WASPAS,2,2,16.942799993557855,True,3.037164997277131e-08
lexicographic,WASPAS,2,3,21.00149999023415,True,3.037164997277131e-08
lexicographic,WASPAS,2,4,18.270799992023967,True,3.037164997277131e-08
lexicographic,WASPAS,2,5,18.19880001130514,True,3.037164997277131e-08
lexicographic,WASPAS,2,6,18.096400002832524,True,3.037164997277131e-08
lexicographic,WASPAS,2,7,12.637500010896474,True,3.037164997277131e-08
lexicographic,WASPAS,2,8,10.265699995215982,True,3.037164997277131e-08
lexicographic,WASPAS,2,9,9.60520000080578,True,3.037164997277131e-08
lexicographic,WASPAS,2,10,9.400700000696816,True,3.037164997277131e-08
lexicographic,WASPAS,2,11,11.418899986892939,True,3.037164997277131e-08
lexicographic,WASPAS,2,12,14.089899996179156,True,3.037164997277131e-08
lexicographic,WASPAS,2,13,18.216800002846867,True,3.037164997277131e-08
lexicographic,WASPAS,2,14,18.6192000110168,True,3.037164997277131e-08
lexicographic,WASPAS,2,15,24.173800004064105,True,3.037164997277131e-08
lexicographic,WASPAS,2,16,17.87930000864435,True,3.037164997277131e-08
lexicographic,WASPAS,2,17,16.924700001254678,True,3.037164997277131e-08
lexicographic,WASPAS,2,18,17.307500005699694,True,3.037164997277131e-08
lexicographic,WASPAS,2,19,16.88510000531096,True,3.037164997277131e-08
lexicographic,WASPAS,2,20,15.206699987174943,True,3.037164997277131e-08
lexicographic,WASPAS,2,21,14.257300004828721,True,3.037164997277131e-08
lexicographic,WASPAS,2,22,15.2477999945404,True,3.037164997277131e-08
lexicographic,WASPAS,2,23,14.68340000428725,True,3.037164997277131e-08
lexicographic,WASPAS,2,24,17.18369999434799,True,3.037164997277131e-08
lexicographic,WASPAS,2,25,18.253799993544817,True,3.037164997277131e-08
lexicographic,WASPAS,2,26,19.604999994044192,True,3.037164997277131e-08
lexicographic,WASPAS,2,27,18.29100000031758,True,3.037164997277131e-08
lexicographic,WASPAS,2,28,18.166800000471994,True,3.037164997277131e-08
lexicographic,WASPAS,2,29,17.32679999258835,True,3.037164997277131e-08
lexicographic,WASPAS,2,30,28.942500008270144,True,3.037164997277131e-08
lexicographic,WASPAS,2,31,36.092599999392405,True,3.037164997277131e-08
lexicographic,WASPAS,2,32,23.705899991909973,True,3.037164997277131e-08
lexicographic,WASPAS,2,33,21.331600000848994,True,3.037164997277131e-08
lexicographic,WASPAS,2,34,20.683599999756552,True,3.037164997277131e-08
lexicographic,WASPAS,2,35,13.767700002063066,True,3.037164997277131e-08
lexicographic,WASPAS,2,36,15.186899996479042,True,3.037164997277131e-08
lexicographic,WASPAS,2,37,15.371800007415004,True,3.037164997277131e-08
lexicographic,WASPAS,2,38,18.689399992581457,True,3.037164997277131e-08
lexicographic,WASPAS,2,39,21.40050000161864,True,3.037164997277131e-08
lexicographic,WASPAS,2,40,17.622100000153296,True,3.037164997277131e-08
lexicographic,WASPAS,2,41,15.83550000214018,True,3.037164997277131e-08
lexicographic,WASPAS,2,42,14.927899988833815,True,3.037164997277131e-08
lexicographic,WASPAS,2,43,17.089500004658476,True,3.037164997277131e-08
lexicographic,WASPAS,2,44,23.704000006546266,True,3.037164997277131e-08
lexicographic,WASPAS,2,45,25.198299990734085,True,3.037164997277131e-08
lexicographic,WASPAS,2,46,19.536899999366142,True,3.037164997277131e-08
lexicographic,WASPAS,2,47,16.479299985803664,True,3.037164997277131e-08
lexicographic,WASPAS,2,48,15.379899996332824,True,3.037164997277131e-08
lexicographic,WASPAS,2,49,17.553500001668,True,3.037164997277131e-08
lexicographic,WASPAS,2,50,18.068099991069175,True,3.037164997277131e-08
lexicographic,WASPAS,2,51,16.874299995834008,True,3.037164997277131e-08
lexicographic,WASPAS,2,52,17.984300007810816,True,3.037164997277131e-08
lexicographic,WASPAS,2,53,19.43559999926947,True,3.037164997277131e-08
lexicographic,WASPAS,2,54,17.68160000210628,True,3.037164997277131e-08
lexicographic,WASPAS,2,55,17.596699995920062,True,3.037164997277131e-08
lexicographic,WASPAS,2,56,18.90169999387581,True,3.037164997277131e-08
lexicographic,WASPAS,2,57,18.83629999065306,True,3.037164997277131e-08
lexicographic,WASPAS,2,58,22.111900005256757,True,3.037164997277131e-08
lexicographic,WASPAS,2,59,37.060699993162416,True,3.037164997277131e-08
lexicographic,WASPAS,2,60,40.25350000301842,True,3.037164997277131e-08
lexicographic,WASPAS,2,61,24.834399999235757,True,3.037164997277131e-08
lexicographic,WASPAS,2,62,17.489499994553626,True,3.037164997277131e-08
lexicographic,WASPAS,2,63,17.6806000090437,True,3.037164997277131e-08
lexicographic,WASPAS,2,64,17.67469999322202,True,3.037164997277131e-08
lexicographic,WASPAS,2,65,18.914200001745485,True,3.037164997277131e-08
lexicographic,WASPAS,2,66,20.264400009182282,True,3.037164997277131e-08
lexicographic,WASPAS,2,67,19.078999990597367,True,3.037164997277131e-08
lexicographic,WASPAS,2,68,19.182999996701255,True,3.037164997277131e-08
lexicographic,WASPAS,2,69,24.911900007282384,True,3.037164997277131e-08
lexicographic,WASPAS,2,70,25.94649999809917,True,3.037164997277131e-08
lexicographic,WASPAS,2,71,21.075500000733882,True,3.037164997277131e-08
lexicographic,WASPAS,2,72,18.69799999985844,True,3.037164997277131e-08
lexicographic,WASPAS,2,73,20.145000002230518,True,3.037164997277131e-08
lexicographic,WASPAS,2,74,19.77919999626465,True,3.037164997277131e-08
lexicographic,WASPAS,2,75,19.499300004099496,True,3.037164997277131e-08
lexicographic,WASPAS,2,76,18.962699992698617,True,3.037164997277131e-08
lexicographic,WASPAS,2,77,17.930100002558902,True,3.037164997277131e-08
lexicographic,WASPAS,2,78,19.089300010818988,True,3.037164997277131e-08
lexicographic,WASPAS,2,79,25.055199992493726,True,3.037164997277131e-08
lexicographic,WASPAS,2,80,19.68710000801366,True,3.037164997277131e-08
lexicographic,WASPAS,2,81,23.573700003908016,True,3.037164997277131e-08
lexicographic,WASPAS,2,82,18.28580000437796,True,3.037164997277131e-08
lexicographic,WASPAS,2,83,18.62059999257326,True,3.037164997277131e-08
lexicographic,WASPAS,2,84,16.1979000113206,True,3.037164997277131e-08
lexicographic,WASPAS,2,85,16.14549999067094,True,3.037164997277131e-08
lexicographic,WASPAS,2,86,14.975500002037734,True,3.037164997277131e-08
lexicographic,WASPAS,2,87,14.285700002801605,True,3.037164997277131e-08
lexicographic,WASPAS,2,88,16.059600005974062,True,3.037164997277131e-08
lexicographic,WASPAS,2,89,18.386299998383038,True,3.037164997277131e-08
lexicographic,WASPAS,2,90,18.35850000497885,True,3.037164997277131e-08
lexicographic,WASPAS,2,91,17.05249999940861,True,3.037164997277131e-08
lexicographic,WASPAS,2,92,15.877400001045316,True,3.037164997277131e-08
lexicographic,WASPAS,2,93,14.714199991431087,True,3.037164997277131e-08
lexicographic,WASPAS,2,94,16.404300011345185,True,3.037164997277131e-08
lexicographic,WASPAS,2,95,22.276200004853308,True,3.037164997277131e-08
lexicographic,WASPAS,2,96,23.06759999191854,True,3.037164997277131e-08
lexicographic,WASPAS,2,97,18.76289999927394,True,3.037164997277131e-08
lexicographic,WASPAS,2,98,16.205199994146824,True,3.037164997277131e-08
lexicographic,WASPAS,2,99,16.342300004907884,True,3.037164997277131e-08
lexicographic,WASPAS,2,100,17.932799994014204,True,3.037164997277131e-08
lexicographic,WASPAS,2,101,17.300100007560104,True,3.037164997277131e-08
lexicographic,WASPAS,2,102,14.614800005801953,True,3.037164997277131e-08
lexicographic,WASPAS,2,103,13.983500000904314,True,3.037164997277131e-08
lexicographic,WASPAS,2,104,14.602299997932278,True,3.037164997277131e-08
lexicographic,WASPAS,2,105,16.026900004362687,True,3.037164997277131e-08
lexicographic,WASPAS,2,106,22.2693999967305,True,3.037164997277131e-08
lexicographic,WASPAS,2,107,18.351299993810244,True,3.037164997277131e-08
lexicographic,WASPAS,2,108,16.106800001580268,True,3.037164997277131e-08
lexicographic,WASPAS,2,109,14.982900000177324,True,3.037164997277131e-08
lexicographic,WASPAS,2,110,14.082800000323914,True,3.037164997277131e-08
lexicographic,WASPAS,2,111,20.263700003852136,True,3.037164997277131e-08
lexicographic,WASPAS,2,112,19.510900005116127,True,3.037164997277131e-08
lexicographic,WASPAS,2,113,20.806000000447966,True,3.037164997277131e-08
lexicographic,WASPAS,2,114,19.020699997781776,True,3.037164997277131e-08
lexicographic,WASPAS,2,115,15.94870000553783,True,3.037164997277131e-08
lexicographic,WASPAS,2,116,17.194400003063492,True,3.037164997277131e-08
lexicographic,WASPAS,2,117,17.846200003987178,True,3.037164997277131e-08
lexicographic,WASPAS,2,118,14.58499999716878,True,3.037164997277131e-08
lexicographic,WASPAS,2,119,15.362399994046427,True,3.037164997277131e-08
lexicographic,WASPAS,2,120,15.665600003558211,True,3.037164997277131e-08
lexicographic,WASPAS,2,121,17.773700004909188,True,3.037164997277131e-08
lexicographic,WASPAS,2,122,21.33279999543447,True,3.037164997277131e-08
lexicographic,WASPAS,2,123,19.07720000599511,True,3.037164997277131e-08
lexicographic,WASPAS,2,124,16.566200007218868,True,3.037164997277131e-08
lexicographic,WASPAS,2,125,14.728999987710267,True,3.037164997277131e-08
lexicographic,WASPAS,2,126,14.697099992190488,True,3.037164997277131e-08
lexicographic,WASPAS,2,127,15.694000001531094,True,3.037164997277131e-08
lexicographic,WASPAS,2,128,24.244300002465025,True,3.037164997277131e-08
lexicographic,WASPAS,2,129,23.822800008929335,True,3.037164997277131e-08
lexicographic,WASPAS,2,130,19.79879999998957,True,3.037164997277131e-08
lexicographic,WASPAS,2,131,16.383199996198528,True,3.037164997277131e-08
lexicographic,WASPAS,2,132,16.170100003364496,True,3.037164997277131e-08
lexicographic,WASPAS,2,133,17.85500001278706,True,3.037164997277131e-08
lexicographic,WASPAS,2,134,18.167499991250224,True,3.037164997277131e-08
lexicographic,WASPAS,2,135,15.329100002418272,True,3.037164997277131e-08
lexicographic,WASPAS,2,136,14.229499996872619,True,3.037164997277131e-08
lexicographic,WASPAS,2,137,13.957799994386733,True,3.037164997277131e-08
lexicographic,WASPAS,2,138,16.418000013800338,True,3.037164997277131e-08
lexicographic,WASPAS,2,139,21.712800007662736,True,3.037164997277131e-08
lexicographic,WASPAS,2,140,17.04950000566896,True,3.037164997277131e-08
lexicographic,WASPAS,2,141,14.581499999621883,True,3.037164997277131e-08
lexicographic,WASPAS,2,142,14.016999994055368,True,3.037164997277131e-08
lexicographic,WASPAS,2,143,13.65889998851344,True,3.037164997277131e-08
lexicographic,WASPAS,2,144,21.61520000663586,True,3.037164997277131e-08
lexicographic,WASPAS,2,145,18.86729999387171,True,3.037164997277131e-08
lexicographic,WASPAS,2,146,22.494700009701774,True,3.037164997277131e-08
lexicographic,WASPAS,2,147,19.48360000096727,True,3.037164997277131e-08
lexicographic,WASPAS,2,148,16.313000000081956,True,3.037164997277131e-08
lexicographic,WASPAS,2,149,17.071499998564832,True,3.037164997277131e-08
lexicographic,WASPAS,2,150,16.8812999909278,True,3.037164997277131e-08
lexicographic,WASPAS,2,151,17.65400001022499,True,3.037164997277131e-08
lexicographic,WASPAS,2,152,17.017400008626282,True,3.037164997277131e-08
lexicographic,WASPAS,2,153,17.023899999912828,True,3.037164997277131e-08
lexicographic,WASPAS,2,154,16.414300000178628,True,3.037164997277131e-08
lexicographic,WASPAS,2,155,21.79660000547301,True,3.037164997277131e-08
lexicographic,WASPAS,2,156,23.132900008931756,True,3.037164997277131e-08
lexicographic,WASPAS,2,157,20.538099997793324,True,3.037164997277131e-08
lexicographic,WASPAS,2,158,17.984999998589046,True,3.037164997277131e-08
lexicographic,WASPAS,2,159,19.591700009186752,True,3.037164997277131e-08
lexicographic,WASPAS,2,160,18.181499995989725,True,3.037164997277131e-08
lexicographic,WASPAS,2,161,16.41850000305567,True,3.037164997277131e-08
lexicographic,WASPAS,2,162,16.535400005523115,True,3.037164997277131e-08
lexicographic,WASPAS,2,163,16.343099996447563,True,3.037164997277131e-08
lexicographic,WASPAS,2,164,17.864099994767457,True,3.037164997277131e-08
lexicographic,WASPAS,2,165,19.15950000693556,True,3.037164997277131e-08
lexicographic,WASPAS,2,166,19.028399998205714,True,3.037164997277131e-08
lexicographic,WASPAS,2,167,17.332499992335215,True,3.037164997277131e-08
lexicographic,WASPAS,2,168,17.015599994920194,True,3.037164997277131e-08
lexicographic,WASPAS,2,169,15.26039998861961,True,3.037164997277131e-08
lexicographic,WASPAS,2,170,22.369699989212677,True,3.037164997277131e-08
lexicographic,WASPAS,2,171,27.694599993992597,True,3.037164997277131e-08
lexicographic,WASPAS,2,172,25.006500000017695,True,3.037164997277131e-08
lexicographic,WASPAS,2,173,17.924100000527687,True,3.037164997277131e-08
lexicographic,WASPAS,2,174,17.527700008940883,True,3.037164997277131e-08
lexicographic,WASPAS,2,175,18.033100001048297,True,3.037164997277131e-08
lexicographic,WASPAS,2,176,17.52459999988787,True,3.037164997277131e-08
lexicographic,WASPAS,2,177,15.490100005990826,True,3.037164997277131e-08
lexicographic,WASPAS,2,178,13.916399999288842,True,3.037164997277131e-08
lexicographic,WASPAS,2,179,14.716699995915405,True,3.037164997277131e-08
lexicographic,WASPAS,2,180,16.18880000023637,True,3.037164997277131e-08
lexicographic,WASPAS,2,181,24.094200009130873,True,3.037164997277131e-08
lexicographic,WASPAS,2,182,19.166899990523234,True,3.037164997277131e-08
lexicographic,WASPAS,2,183,18.11950000410434,True,3.037164997277131e-08
lexicographic,WASPAS,2,184,16.454299999168143,True,3.037164997277131e-08
lexicographic,WASPAS,2,185,17.24649999232497,True,3.037164997277131e-08
lexicographic,WASPAS,2,186,20.294599991757423,True,3.037164997277131e-08
lexicographic,WASPAS,2,187,19.71860000048764,True,3.037164997277131e-08
lexicographic,WASPAS,2,188,18.546799998148344,True,3.037164997277131e-08
lexicographic,WASPAS,2,189,17.600999999558553,True,3.037164997277131e-08
lexicographic,WASPAS,2,190,16.21560000057798,True,3.037164997277131e-08
lexicographic,WASPAS,2,191,18.34680000320077,True,3.037164997277131e-08
lexicographic,WASPAS,2,192,16.254800008027814,True,3.037164997277131e-08
lexicographic,WASPAS,2,193,16.243399993982166,True,3.037164997277131e-08
lexicographic,WASPAS,2,194,15.181399998255074,True,3.037164997277131e-08
lexicographic,WASPAS,2,195,16.236199997365475,True,3.037164997277131e-08
lexicographic,WASPAS,2,196,18.696500002988614,True,3.037164997277131e-08
lexicographic,WASPAS,2,197,23.536299995612353,True,3.037164997277131e-08
lexicographic,WASPAS,2,198,22.34429999953136,True,3.037164997277131e-08
lexicographic,WASPAS,2,199,29.377900005783886,True,3.037164997277131e-08
lexicographic,RTOPSIS,4,0,29.373800003668293,True,6.92687206149678e-07
lexicographic,RTOPSIS,4,1,20.871800006716512,True,6.92687206149678e-07
lexicographic,RTOPSIS,4,2,20.18750000570435,True,6.92687206149678e-07
lexicographic,RTOPSIS,4,3,21.62700000917539,True,6.92687206149678e-07
lexicographic,RTOPSIS,4,4,22.369500002241693,True,6.92687206149678e-07
lexicographic,RTOPSIS,4,5,20.90699999826029,True,6.92687206149678e-07
lexicographic,RTOPSIS,4,6,17.786999989766628,True,6.92687206149678e-07
lexicographic,RTOPSIS,4,7,16.70610001019668,True,6.92687206149678e-07
lexicographic,RTOPSIS,4,8,19.182899995939806,True,6.92687206149678e-07
lexicographic,RTOPSIS,4,9,27.58009999524802,True,6.92687206149678e-07
lexicographic,RTOPSIS,4,10,27.052299992647022,True,6.92687206149678e-07
lexicographic,RTOPSIS,4,11,19.009099996765144,True,6.92687206149678e-07
lexicographic,RTOPSIS,4,12,18.651199992746115,True,6.92687206149678e-07
lexicographic,RTOPSIS,4,13,20.2073999971617,True,6.92687206149678e-07
lexicographic,RTOPSIS,4,14,20.981399997253902,True,6.92687206149678e-07
lexicographic,RTOPSIS,4,15,18.83790000283625,True,6.92687206149678e-07
lexicographic,RTOPSIS,4,16,20.590300002368167,True,6.92687206149678e-07
lexicographic,RTOPSIS,4,17,23.936000012326986,True,6.92687206149678e-07
lexicographic,RTOPSIS,4,18,21.912899988819845,True,6.92687206149678e-07
lexicographic,RTOPSIS,4,19,19.927999994251877,True,6.92687206149678e-07
lexicographic,RTOPSIS,4,20,17.675700000836514,True,6.92687206149678e-07
lexicographic,RTOPSIS,4,21,16.500300000188872,True,6.92687206149678e-07
lexicographic,RTOPSIS,4,22,21.96199999889359,True,6.92687206149678e-07
lexicographic,RTOPSIS,4,23,23.529900005087256,True,6.92687206149678e-07
lexicographic,RTOPSIS,4,24,22.377800007234327,True,6.92687206149678e-07
lexicographic,RTOPSIS,4,25,21.28840000659693,True,6.92687206149678e-07
lexicographic,RTOPSIS,4,26,20.635099994251505,True,6.92687206149678e-07
lexicographic,RTOPSIS,4,27,21.41739999933634,True,6.92687206149678e-07
lexicographic,RTOPSIS,4,28,17.513300001155585,True,6.92687206149678e-07
lexicographic,RTOPSIS,4,29,15.978100011125207,True,6.92687206149678e-07
lexicographic,RTOPSIS,4,30,16.716600002837367,True,6.92687206149678e-07
lexicographic,RTOPSIS,4,31,19.04029998695478,True,6.92687206149678e-07
lexicographic,RTOPSIS,4,32,23.893499994301237,True,6.92687206149678e-07
lexicographic,RTOPSIS,4,33,27.721299993572757,True,6.92687206149678e-07
lexicographic,RTOPSIS,4,34,22.149999989778735,True,6.92687206149678e-07
lexicographic,RTOPSIS,4,35,20.45890000590589,True,6.92687206149678e-07
lexicographic,RTOPSIS,4,36,21.48460000171326,True,6.92687206149678e-07
lexicographic,RTOPSIS,4,37,20.016900001792237,True,6.92687206149678e-07
lexicographic,RTOPSIS,4,38,24.483400004100986,True,6.92687206149678e-07
lexicographic,RTOPSIS,4,39,21.00389999395702,True,6.92687206149678e-07
lexicographic,RTOPSIS,4,40,21.5034000138985,True,6.92687206149678e-07
lexicographic,RTOPSIS,4,41,21.09090000158176,True,6.92687206149678e-07
lexicographic,RTOPSIS,4,42,17.218799999682233,True,6.92687206149678e-07
lexicographic,RTOPSIS,4,43,16.614399995887652,True,6.92687206149678e-07
lexicographic,RTOPSIS,4,44,15.585599991027266,True,6.92687206149678e-07
lexicographic,RTOPSIS,4,45,19.536000007065013,True,6.92687206149678e-07
lexicographic,RTOPSIS,4,46,27.576399996178225,True,6.92687206149678e-07
lexicographic,RTOPSIS,4,47,23.629999996046536,True,6.92687206149678e-07
lexicographic,RTOPSIS,4,48,19.545999995898455,True,6.92687206149678e-07
lexicographic,RTOPSIS,4,49,19.201299990527332,True,6.92687206149678e-07
lexicographic,RTOPSIS,4,50,24.021599994739518,True,6.92687206149678e-07
lexicographic,RTOPSIS,4,51,21.703700011130422,True,6.92687206149678e-07
lexicographic,RTOPSIS,4,52,21.243700000923127,True,6.92687206149678e-07
lexicographic,RTOPSIS,4,53,21.07350000005681,True,6.92687206149678e-07
lexicographic,RTOPSIS,4,54,21.199900002102368,True,6.92687206149678e-07
lexicographic,RTOPSIS,4,55,20.563299985951744,True,6.92687206149678e-07
lexicographic,RTOPSIS,4,56,17.046599998138845,True,6.92687206149678e-07
lexicographic,RTOPSIS,4,57,22.004099999321625,True,6.92687206149678e-07
lexicographic,RTOPSIS,4,58,17.612000010558404,True,6.92687206149678e-07
lexicographic,RTOPSIS,4,59,23.6812000075588,True,6.92687206149678e-07
lexicographic,RTOPSIS,4,60,26.45049999409821,True,6.92687206149678e-07
lexicographic,RTOPSIS,4,61,23.070700000971556,True,6.92687206149678e-07
lexicographic,RTOPSIS,4,62,23.140899997088127,True,6.92687206149678e-07
lexicographic,RTOPSIS,4,63,22.55360000708606,True,6.92687206149678e-07
lexicographic,RTOPSIS,4,64,21.632500007399358,True,6.92687206149678e-07
lexicographic,RTOPSIS,4,65,19.829299999400973,True,6.92687206149678e-07
lexicographic,RTOPSIS,4,66,17.71089999238029,True,6.92687206149678e-07
lexicographic,RTOPSIS,4,67,18.068800010951236,True,6.92687206149678e-07
lexicographic,RTOPSIS,4,68,22.620200004894286,True,6.92687206149678e-07
lexicographic,RTOPSIS,4,69,18.406100003630854,True,6.92687206149678e-07
lexicographic,RTOPSIS,4,70,12.380900006974116,True,6.92687206149678e-07
lexicographic,RTOPSIS,4,71,18.973099999129772,True,6.92687206149678e-07
lexicographic,RTOPSIS,4,72,21.32720001100097,True,6.92687206149678e-07
lexicographic,RTOPSIS,4,73,26.97940000507515,True,6.92687206149678e-07
lexicographic,RTOPSIS,4,74,24.70270000048913,True,6.92687206149678e-07
lexicographic,RTOPSIS,4,75,20.163700013654307,True,6.92687206149678e-07
lexicographic,RTOPSIS,4,76,18.10220000334084,True,6.92687206149678e-07
lexicographic,RTOPSIS,4,77,19.464499986497685,True,6.92687206149678e-07
lexicographic,RTOPSIS,4,78,20.242999991751276,True,6.92687206149678e-07
lexicographic,RTOPSIS,4,79,18.350600003032014,True,6.92687206149678e-07
lexicographic,RTOPSIS,4,80,17.20269999350421,True,6.92687206149678e-07
lexicographic,RTOPSIS,4,81,16.23930000641849,True,6.92687206149678e-07
lexicographic,RTOPSIS,4,82,18.14349999767728,True,6.92687206149678e-07
lexicographic,RTOPSIS,4,83,21.895999991102144,True,6.92687206149678e-07
lexicographic,RTOPSIS,4,84,20.06559999426827,True,6.92687206149678e-07
lexicographic,RTOPSIS,4,85,12.847899997723289,True,6.92687206149678e-07
lexicographic,RTOPSIS,4,86,9.087999991606921,True,6.92687206149678e-07
lexicographic,RTOPSIS,4,87,8.23340000351891,True,6.92687206149678e-07
lexicographic,RTOPSIS,4,88,8.217599999625236,True,6.92687206149678e-07
lexicographic,RTOPSIS,4,89,23.08350001112558,True,6.92687206149678e-07
lexicographic,RTOPSIS,4,90,28.694700013147667,True,6.92687206149678e-07
lexicographic,RTOPSIS,4,91,23.92629999667406,True,6.92687206149678e-07
lexicographic,RTOPSIS,4,92,19.254600003478117,True,6.92687206149678e-07
lexicographic,RTOPSIS,4,93,19.347299996297807,True,6.92687206149678e-07
lexicographic,RTOPSIS,4,94,20.309600004111417,True,6.92687206149678e-07
lexicographic,RTOPSIS,4,95,20.55149999796413,True,6.92687206149678e-07
lexicographic,RTOPSIS,4,96,19.155400004819967,True,6.92687206149678e-07
lexicographic,RTOPSIS,4,97,19.50589999614749,True,6.92687206149678e-07
lexicographic,RTOPSIS,4,98,21.77389999269508,True,6.92687206149678e-07
lexicographic,RTOPSIS,4,99,32.23019999859389,True,6.92687206149678e-07
lexicographic,RTOPSIS,4,100,23.469000007025898,True,6.92687206149678e-07
lexicographic,RTOPSIS,4,101,20.0602999975672,True,6.92687206149678e-07
lexicographic,RTOPSIS,4,102,20.986700008506887,True,6.92687206149678e-07
lexicographic,RTOPSIS,4,103,20.70780000940431,True,6.92687206149678e-07
lexicographic,RTOPSIS,4,104,17.31419999850914,True,6.92687206149678e-07
lexicographic,RTOPSIS,4,105,8.679499995196238,True,6.92687206149678e-07
lexicographic,RTOPSIS,4,106,12.934099999256432,True,6.92687206149678e-07
lexicographic,RTOPSIS,4,107,17.312299998593517,True,6.92687206149678e-07
lexicographic,RTOPSIS,4,108,25.054199999431148,True,6.92687206149678e-07
lexicographic,RTOPSIS,4,109,20.87720000417903,True,6.92687206149678e-07
lexicographic,RTOPSIS,4,110,18.316700006835163,True,6.92687206149678e-07
lexicographic,RTOPSIS,4,111,17.218499997397885,True,6.92687206149678e-07
lexicographic,RTOPSIS,4,112,18.769100002828054,True,6.92687206149678e-07
lexicographic,RTOPSIS,4,113,22.180100000696257,True,6.92687206149678e-07
lexicographic,RTOPSIS,4,114,24.09110000007786,True,6.92687206149678e-07
lexicographic,RTOPSIS,4,115,20.499199992627837,True,6.92687206149678e-07
lexicographic,RTOPSIS,4,116,19.749499988392927,True,6.92687206149678e-07
lexicographic,RTOPSIS,4,117,20.910100007313304,True,6.92687206149678e-07
lexicographic,RTOPSIS,4,118,20.141000000876375,True,6.92687206149678e-07
lexicographic,RTOPSIS,4,119,19.104999999399297,True,6.92687206149678e-07
lexicographic,RTOPSIS,4,120,19.006299989996478,True,6.92687206149678e-07
lexicographic,RTOPSIS,4,121,17.82680000178516,True,6.92687206149678e-07
lexicographic,RTOPSIS,4,122,19.891100004315376,True,6.92687206149678e-07
lexicographic,RTOPSIS,4,123,23.69889999681618,True,6.92687206149678e-07
lexicographic,RTOPSIS,4,124,23.543899995274842,True,6.92687206149678e-07
lexicographic,RTOPSIS,4,125,20.849599997745827,True,6.92687206149678e-07
lexicographic,RTOPSIS,4,126,20.044499993673526,True,6.92687206149678e-07
lexicographic,RTOPSIS,4,127,21.65810001315549,True,6.92687206149678e-07
lexicographic,RTOPSIS,4,128,18.159999992349185,True,6.92687206149678e-07
lexicographic,RTOPSIS,4,129,17.23159999528434,True,6.92687206149678e-07
lexicographic,RTOPSIS,4,130,17.65160000650212,True,6.92687206149678e-07
lexicographic,RTOPSIS,4,131,18.163800006732345,True,6.92687206149678e-07
lexicographic,RTOPSIS,4,132,25.15750000020489,True,6.92687206149678e-07
lexicographic,RTOPSIS,4,133,20.220799997332506,True,6.92687206149678e-07
lexicographic,RTOPSIS,4,134,17.699000003631227,True,6.92687206149678e-07
lexicographic,RTOPSIS,4,135,15.94660000409931,True,6.92687206149678e-07
lexicographic,RTOPSIS,4,136,18.262700003106147,True,6.92687206149678e-07
lexicographic,RTOPSIS,4,137,21.965000007185154,True,6.92687206149678e-07
lexicographic,RTOPSIS,4,138,24.139800007105805,True,6.92687206149678e-07
lexicographic,RTOPSIS,4,139,20.77380000264384,True,6.92687206149678e-07
lexicographic,RTOPSIS,4,140,17.232800004421733,True,6.92687206149678e-07
lexicographic,RTOPSIS,4,141,21.067499998025596,True,6.92687206149678e-07
lexicographic,RTOPSIS,4,142,21.202700008871034,True,6.92687206149678e-07
lexicographic,RTOPSIS,4,143,17.89210000424646,True,6.92687206149678e-07
lexicographic,RTOPSIS,4,144,16.574799999943934,True,6.92687206149678e-07
lexicographic,RTOPSIS,4,145,16.201100006583147,True,6.92687206149678e-07
lexicographic,RTOPSIS,4,146,18.742400003247894,True,6.92687206149678e-07
lexicographic,RTOPSIS,4,147,21.55220000713598,True,6.92687206149678e-07
lexicographic,RTOPSIS,4,148,18.709099997067824,True,6.92687206149678e-07
lexicographic,RTOPSIS,4,149,17.670999994152226,True,6.92687206149678e-07
lexicographic,RTOPSIS,4,150,17.194500003824942,True,6.92687206149678e-07
lexicographic,RTOPSIS,4,151,25.33709999988787,True,6.92687206149678e-07
lexicographic,RTOPSIS,4,152,32.072199988760985,True,6.92687206149678e-07
lexicographic,RTOPSIS,4,153,24.87449999898672,True,6.92687206149678e-07
lexicographic,RTOPSIS,4,154,20.205099994200282,True,6.92687206149678e-07
lexicographic,RTOPSIS,4,155,20.967199990991503,True,6.92687206149678e-07
lexicographic,RTOPSIS,4,156,19.35260000755079,True,6.92687206149678e-07
lexicographic,RTOPSIS,4,157,17.443199991248548,True,6.92687206149678e-07
lexicographic,RTOPSIS,4,158,18.895300003350712,True,6.92687206149678e-07
lexicographic,RTOPSIS,4,159,17.392699999618344,True,6.92687206149678e-07
lexicographic,RTOPSIS,4,160,21.791399994981475,True,6.92687206149678e-07
lexicographic,RTOPSIS,4,161,21.82010000979062,True,6.92687206149678e-07
lexicographic,RTOPSIS,4,162,19.613299999036826,True,6.92687206149678e-07
lexicographic,RTOPSIS,4,163,16.89690000785049,True,6.92687206149678e-07
lexicographic,RTOPSIS,4,164,17.654499999480322,True,6.92687206149678e-07
lexicographic,RTOPSIS,4,165,24.524799999198876,True,6.92687206149678e-07
lexicographic,RTOPSIS,4,166,32.32690000731964,True,6.92687206149678e-07
lexicographic,RTOPSIS,4,167,26.643500008503906,True,6.92687206149678e-07
lexicographic,RTOPSIS,4,168,21.5745000023162,True,6.92687206149678e-07
lexicographic,RTOPSIS,4,169,22.408199991332367,True,6.92687206149678e-07
lexicographic,RTOPSIS,4,170,18.24289999785833,True,6.92687206149678e-07
lexicographic,RTOPSIS,4,171,12.920599998324178,True,6.92687206149678e-07
lexicographic,RTOPSIS,4,172,10.380899999290705,True,6.92687206149678e-07
lexicographic,RTOPSIS,4,173,10.973199998261407,True,6.92687206149678e-07
lexicographic,RTOPSIS,4,174,12.534600013168529,True,6.92687206149678e-07
lexicographic,RTOPSIS,4,175,23.44720000110101,True,6.92687206149678e-07
lexicographic,RTOPSIS,4,176,22.896700000273995,True,6.92687206149678e-07
lexicographic,RTOPSIS,4,177,20.235000003594905,True,6.92687206149678e-07
lexicographic,RTOPSIS,4,178,17.40720000816509,True,6.92687206149678e-07
lexicographic,RTOPSIS,4,179,19.18429999204818,True,6.92687206149678e-07
lexicographic,RTOPSIS,4,180,22.722599998814985,True,6.92687206149678e-07
lexicographic,RTOPSIS,4,181,24.4442999974126,True,6.92687206149678e-07
lexicographic,RTOPSIS,4,182,21.865799993975088,True,6.92687206149678e-07
lexicographic,RTOPSIS,4,183,18.559299991466105,True,6.92687206149678e-07
lexicographic,RTOPSIS,4,184,20.17879999766592,True,6.92687206149678e-07
lexicographic,RTOPSIS,4,185,19.10239999415353,True,6.92687206149678e-07
lexicographic,RTOPSIS,4,186,19.583600005717017,True,6.92687206149678e-07
lexicographic,RTOPSIS,4,187,18.04470000206493,True,6.92687206149678e-07
lexicographic,RTOPSIS,4,188,18.144100002245978,True,6.92687206149678e-07
lexicographic,RTOPSIS,4,189,20.765900000697002,True,6.92687206149678e-07
lexicographic,RTOPSIS,4,190,21.04680000047665,True,6.92687206149678e-07
lexicographic,RTOPSIS,4,191,19.330399998580106,True,6.92687206149678e-07
lexicographic,RTOPSIS,4,192,18.281099997693673,True,6.92687206149678e-07
lexicographic,RTOPSIS,4,193,16.903800002182834,True,6.92687206149678e-07
lexicographic,RTOPSIS,4,194,24.004599996260367,True,6.92687206149678e-07
lexicographic,RTOPSIS,4,195,28.254399992874824,True,6.92687206149678e-07
lexicographic,RTOPSIS,4,196,21.660300000803545,True,6.92687206149678e-07
lexicographic,RTOPSIS,4,197,19.541399989975616,True,6.92687206149678e-07
lexicographic,RTOPSIS,4,198,21.343500004149973,True,6.92687206149678e-07
lexicographic,RTOPSIS,4,199,26.87560000049416,True,6.92687206149678e-07
lexicographic,SAW,4,0,20.722899993415922,True,1.472174870897902e-07
lexicographic,SAW,4,1,16.827199986437336,True,1.472174870897902e-07
lexicographic,SAW,4,2,15.801600005943328,True,1.472174870897902e-07
lexicographic,SAW,4,3,14.197199998307042,True,1.472174870897902e-07
lexicographic,SAW,4,4,14.165899992804043,True,1.472174870897902e-07
lexicographic,SAW,4,5,13.19579999835696,True,1.472174870897902e-07
lexicographic,SAW,4,6,13.29900001292117,True,1.472174870897902e-07
lexicographic,SAW,4,7,18.24089999718126,True,1.472174870897902e-07
lexicographic,SAW,4,8,16.438699996797368,True,1.472174870897902e-07
lexicographic,SAW,4,9,14.706700007081963,True,1.472174870897902e-07
lexicographic,SAW,4,10,14.100599990342744,True,1.472174870897902e-07
lexicographic,SAW,4,11,13.345900006243028,True,1.472174870897902e-07
lexicographic,SAW,4,12,15.595599994412623,True,1.472174870897902e-07
lexicographic,SAW,4,13,17.523000002256595,True,1.472174870897902e-07
lexicographic,SAW,4,14,18.456799996783957,True,1.472174870897902e-07
lexicographic,SAW,4,15,23.557100008474663,True,1.472174870897902e-07
lexicographic,SAW,4,16,18.390700002782978,True,1.472174870897902e-07
lexicographic,SAW,4,17,17.260299995541573,True,1.472174870897902e-07
lexicographic,SAW,4,18,16.959300002781674,True,1.472174870897902e-07
lexicographic,SAW,4,19,16.557000009925105,True,1.472174870897902e-07
lexicographic,SAW,4,20,15.582599997287616,True,1.472174870897902e-07
lexicographic,SAW,4,21,14.894799998728558,True,1.472174870897902e-07
lexicographic,SAW,4,22,13.230500000645407,True,1.472174870897902e-07
lexicographic,SAW,4,23,14.438400001381524,True,1.472174870897902e-07
lexicographic,SAW,4,24,16.648400007397868,True,1.472174870897902e-07
lexicographic,SAW,4,25,20.81709999765735,True,1.472174870897902e-07
lexicographic,SAW,4,26,18.726199996308424,True,1.472174870897902e-07
lexicographic,SAW,4,27,17.788000011933036,True,1.472174870897902e-07
lexicographic,SAW,4,28,15.689699997892603,True,1.472174870897902e-07
lexicographic,SAW,4,29,16.38430000457447,True,1.472174870897902e-07
lexicographic,SAW,4,30,21.319399995263666,True,1.472174870897902e-07
lexicographic,SAW,4,31,20.448100010980852,True,1.472174870897902e-07
lexicographic,SAW,4,32,17.46149999962654,True,1.472174870897902e-07
lexicographic,SAW,4,33,16.836899987538345,True,1.472174870897902e-07
lexicographic,SAW,4,34,18.466499997884966,True,1.472174870897902e-07
lexicographic,SAW,4,35,19.352899995283224,True,1.472174870897902e-07
lexicographic,SAW,4,36,17.953999995370395,True,1.472174870897902e-07
lexicographic,SAW,4,37,15.505999996094033,True,1.472174870897902e-07
lexicographic,SAW,4,38,14.439899998251349,True,1.472174870897902e-07
lexicographic,SAW,4,39,13.777999993180856,True,1.472174870897902e-07
lexicographic,SAW,4,40,15.182800008915365,True,1.472174870897902e-07
lexicographic,SAW,4,41,21.616300000459887,True,1.472174870897902e-07
lexicographic,SAW,4,42,18.224900006316602,True,1.472174870897902e-07
lexicographic,SAW,4,43,15.437499998370185,True,1.472174870897902e-07
lexicographic,SAW,4,44,13.428200007183477,True,1.472174870897902e-07
lexicographic,SAW,4,45,13.412399988737889,True,1.472174870897902e-07
lexicographic,SAW,4,46,15.282499996828847,True,1.472174870897902e-07
lexicographic,SAW,4,47,22.914199988008477,True,1.472174870897902e-07
lexicographic,SAW,4,48,19.256399988080375,True,1.472174870897902e-07
lexicographic,SAW,4,49,18.101900001056492,True,1.472174870897902e-07
lexicographic,SAW,4,50,15.854099998250604,True,1.472174870897902e-07
lexicographic,SAW,4,51,14.338799999677576,True,1.472174870897902e-07
lexicographic,SAW,4,52,16.33689999289345,True,1.472174870897902e-07
lexicographic,SAW,4,53,19.138500007102266,True,1.472174870897902e-07
lexicographic,SAW,4,54,17.846200003987178,True,1.472174870897902e-07
lexicographic,SAW,4,55,14.560900002834387,True,1.472174870897902e-07
lexicographic,SAW,4,56,14.030999998794869,True,1.472174870897902e-07
lexicographic,SAW,4,57,14.222300000255927,True,1.472174870897902e-07
lexicographic,SAW,4,58,21.728799998527393,True,1.472174870897902e-07
lexicographic,SAW,4,59,19.508800003677607,True,1.472174870897902e-07
lexicographic,SAW,4,60,20.649199999752454,True,1.472174870897902e-07
lexicographic,SAW,4,61,16.58159999351483,True,1.472174870897902e-07
lexicographic,SAW,4,62,15.898199999355711,True,1.472174870897902e-07
lexicographic,SAW,4,63,18.545000013546087,True,1.472174870897902e-07
lexicographic,SAW,4,64,18.968099990161136,True,1.472174870897902e-07
lexicographic,SAW,4,65,22.843099999590777,True,1.472174870897902e-07
lexicographic,SAW,4,66,17.273699995712377,True,1.472174870897902e-07
lexicographic,SAW,4,67,14.963499997975305,True,1.472174870897902e-07
lexicographic,SAW,4,68,16.105200003948994,True,1.472174870897902e-07
lexicographic,SAW,4,69,16.84890000615269,True,1.472174870897902e-07
lexicographic,SAW,4,70,9.983600000850856,True,1.472174870897902e-07
lexicographic,SAW,4,71,14.263799996115267,True,1.472174870897902e-07
lexicographic,SAW,4,72,15.122800003155135,True,1.472174870897902e-07
lexicographic,SAW,4,73,14.36200000171084,True,1.472174870897902e-07
lexicographic,SAW,4,74,15.294400000129826,True,1.472174870897902e-07
lexicographic,SAW,4,75,19.601100008003414,True,1.472174870897902e-07
lexicographic,SAW,4,76,21.71269999234937,True,1.472174870897902e-07
lexicographic,SAW,4,77,20.873999994364567,True,1.472174870897902e-07
lexicographic,SAW,4,78,18.531900001107715,True,1.472174870897902e-07
lexicographic,SAW,4,79,17.863099987152964,True,1.472174870897902e-07
lexicographic,SAW,4,80,18.257500007166527,True,1.472174870897902e-07
lexicographic,SAW,4,81,15.520200002356432,True,1.472174870897902e-07
lexicographic,SAW,4,82,12.986200003069825,True,1.472174870897902e-07
lexicographic,SAW,4,83,11.650200001895428,True,1.472174870897902e-07
lexicographic,SAW,4,84,14.188400004059076,True,1.472174870897902e-07
lexicographic,SAW,4,85,13.56330000271555,True,1.472174870897902e-07
lexicographic,SAW,4,86,17.3718000005465,True,1.472174870897902e-07
lexicographic,SAW,4,87,18.77950000925921,True,1.472174870897902e-07
lexicographic,SAW,4,88,15.849499992327765,True,1.472174870897902e-07
lexicographic,SAW,4,89,14.341200003400445,True,1.472174870897902e-07
lexicographic,SAW,4,90,13.673199995537288,True,1.472174870897902e-07
lexicographic,SAW,4,91,17.07029998942744,True,1.472174870897902e-07
lexicographic,SAW,4,92,17.440499999793246,True,1.472174870897902e-07
lexicographic,SAW,4,93,18.43929999449756,True,1.472174870897902e-07
lexicographic,SAW,4,94,20.107299991650507,True,1.472174870897902e-07
lexicographic,SAW,4,95,16.05340000241995,True,1.472174870897902e-07
lexicographic,SAW,4,96,15.352200003690086,True,1.472174870897902e-07
lexicographic,SAW,4,97,14.624000003095716,True,1.472174870897902e-07
lexicographic,SAW,4,98,16.543899997486733,True,1.472174870897902e-07
lexicographic,SAW,4,99,16.391199998906814,True,1.472174870897902e-07
lexicographic,SAW,4,100,15.034299998660572,True,1.472174870897902e-07
lexicographic,SAW,4,101,14.733500007423572,True,1.472174870897902e-07
lexicographic,SAW,4,102,13.867499990737997,True,1.472174870897902e-07
lexicographic,SAW,4,103,14.176700002280995,True,1.472174870897902e-07
lexicographic,SAW,4,104,19.50479998777155,True,1.472174870897902e-07
lexicographic,SAW,4,105,18.691000004764646,True,1.472174870897902e-07
lexicographic,SAW,4,106,17.2076000017114,True,1.472174870897902e-07
lexicographic,SAW,4,107,17.229999997653067,True,1.472174870897902e-07
lexicographic,SAW,4,108,15.287499991245568,True,1.472174870897902e-07
lexicographic,SAW,4,109,14.974299992900342,True,1.472174870897902e-07
lexicographic,SAW,4,110,19.23710000119172,True,1.472174870897902e-07
lexicographic,SAW,4,111,22.431999997934327,True,1.472174870897902e-07
lexicographic,SAW,4,112,16.82069999515079,True,1.472174870897902e-07
lexicographic,SAW,4,113,16.231300003710203,True,1.472174870897902e-07
lexicographic,SAW,4,114,15.656499992473982,True,1.472174870897902e-07
lexicographic,SAW,4,115,17.00459999847226,True,1.472174870897902e-07
lexicographic,SAW,4,116,17.049899994162843,True,1.472174870897902e-07
lexicographic,SAW,4,117,17.762300005415455,True,1.472174870897902e-07
lexicographic,SAW,4,118,16.998800012515858,True,1.472174870897902e-07
lexicographic,SAW,4,119,17.630900008953176,True,1.472174870897902e-07
lexicographic,SAW,4,120,20.177500002318993,True,1.472174870897902e-07
lexicographic,SAW,4,121,28.722800008836202,True,1.472174870897902e-07
lexicographic,SAW,4,122,22.427599993534386,True,1.472174870897902e-07
lexicographic,SAW,4,123,18.986600000062026,True,1.472174870897902e-07
lexicographic,SAW,4,124,18.718399995123036,True,1.472174870897902e-07
lexicographic,SAW,4,125,18.636299995705485,True,1.472174870897902e-07
lexicographic,SAW,4,126,18.215899995993823,True,1.472174870897902e-07
lexicographic,SAW,4,127,17.059199992218055,True,1.472174870897902e-07
lexicographic,SAW,4,128,14.56049999978859,True,1.472174870897902e-07
lexicographic,SAW,4,129,13.530600001104176,True,1.472174870897902e-07
lexicographic,SAW,4,130,14.535100010107271,True,1.472174870897902e-07
lexicographic,SAW,4,131,17.771500002709217,True,1.472174870897902e-07
lexicographic,SAW,4,132,16.772800008766353,True,1.472174870897902e-07
lexicographic,SAW,4,133,17.007899994496256,True,1.472174870897902e-07
lexicographic,SAW,4,134,18.31629998923745,True,1.472174870897902e-07
lexicographic,SAW,4,135,17.06130000820849,True,1.472174870897902e-07
lexicographic,SAW,4,136,18.84670001163613,True,1.472174870897902e-07
lexicographic,SAW,4,137,21.181999996770173,True,1.472174870897902e-07
lexicographic,SAW,4,138,20.7211999950232,True,1.472174870897902e-07
lexicographic,SAW,4,139,18.239199998788536,True,1.472174870897902e-07
lexicographic,SAW,4,140,15.086200000951067,True,1.472174870897902e-07
lexicographic,SAW,4,141,16.057999993790872,True,1.472174870897902e-07
lexicographic,SAW,4,142,17.344000007142313,True,1.472174870897902e-07
lexicographic,SAW,4,143,16.286099998978898,True,1.472174870897902e-07
lexicographic,SAW,4,144,14.355000006617047,True,1.472174870897902e-07
lexicographic,SAW,4,145,15.287100002751686,True,1.472174870897902e-07
lexicographic,SAW,4,146,14.065099996514618,True,1.472174870897902e-07
lexicographic,SAW,4,147,17.013199991197325,True,1.472174870897902e-07
lexicographic,SAW,4,148,20.489499991526827,True,1.472174870897902e-07
lexicographic,SAW,4,149,16.76929999666754,True,1.472174870897902e-07
lexicographic,SAW,4,150,15.843899993342347,True,1.472174870897902e-07
lexicographic,SAW,4,151,17.774499996448867,True,1.472174870897902e-07
lexicographic,SAW,4,152,17.305400004261173,True,1.472174870897902e-07
lexicographic,SAW,4,153,22.089299993240274,True,1.472174870897902e-07
lexicographic,SAW,4,154,25.141800011624582,True,1.472174870897902e-07
lexicographic,SAW,4,155,18.38030001090374,True,1.472174870897902e-07
lexicographic,SAW,4,156,16.145600005984306,True,1.472174870897902e-07
lexicographic,SAW,4,157,18.41940000304021,True,1.472174870897902e-07
lexicographic,SAW,4,158,18.958000000566244,True,1.472174870897902e-07
lexicographic,SAW,4,159,15.866000001551583,True,1.472174870897902e-07
lexicographic,SAW,4,160,14.695299993036315,True,1.472174870897902e-07
lexicographic,SAW,4,161,14.06340001267381,True,1.472174870897902e-07
lexicographic,SAW,4,162,13.299300000653602,True,1.472174870897902e-07
lexicographic,SAW,4,163,13.379099997109734,True,1.472174870897902e-07
lexicographic,SAW,4,164,20.269500004360452,True,1.472174870897902e-07
lexicographic,SAW,4,165,26.784600006067194,True,1.472174870897902e-07
lexicographic,SAW,4,166,21.554599996306933,True,1.472174870897902e-07
lexicographic,SAW,4,167,18.316400004550815,True,1.472174870897902e-07
lexicographic,SAW,4,168,16.190499998629093,True,1.472174870897902e-07
lexicographic,SAW,4,169,17.90469999832567,True,1.472174870897902e-07
lexicographic,SAW,4,170,16.68509999581147,True,1.472174870897902e-07
lexicographic,SAW,4,171,18.936499996925704,True,1.472174870897902e-07
lexicographic,SAW,4,172,16.355800005840138,True,1.472174870897902e-07
lexicographic,SAW,4,173,17.971299996133894,True,1.472174870897902e-07
lexicographic,SAW,4,174,18.645700009074062,True,1.472174870897902e-07
lexicographic,SAW,4,175,18.285400001332164,True,1.472174870897902e-07
lexicographic,SAW,4,176,19.245699993916787,True,1.472174870897902e-07
lexicographic,SAW,4,177,17.607500005397014,True,1.472174870897902e-07
lexicographic,SAW,4,178,17.085100000258535,True,1.472174870897902e-07
lexicographic,SAW,4,179,23.250400001415983,True,1.472174870897902e-07
lexicographic,SAW,4,180,22.582899997360073,True,1.472174870897902e-07
lexicographic,SAW,4,181,23.021700006211177,True,1.472174870897902e-07
lexicographic,SAW,4,182,19.228200006182306,True,1.472174870897902e-07
lexicographic,SAW,4,183,17.90219999384135,True,1.472174870897902e-07
lexicographic,SAW,4,184,18.39920000929851,True,1.472174870897902e-07
lexicographic,SAW,4,185,19.232999999076128,True,1.472174870897902e-07
lexicographic,SAW,4,186,15.750699996715412,True,1.472174870897902e-07
lexicographic,SAW,4,187,13.650299995788373,True,1.472174870897902e-07
lexicographic,SAW,4,188,16.448100010165945,True,1.472174870897902e-07
lexicographic,SAW,4,189,19.22020000347402,True,1.472174870897902e-07
lexicographic,SAW,4,190,20.617699992726557,True,1.472174870897902e-07
lexicographic,SAW,4,191,16.691299999365583,True,1.472174870897902e-07
lexicographic,SAW,4,192,15.287700007320382,True,1.472174870897902e-07
lexicographic,SAW,4,193,13.597699988167733,True,1.472174870897902e-07
lexicographic,SAW,4,194,14.437999998335727,True,1.472174870897902e-07
lexicographic,SAW,4,195,22.518900004797615,True,1.472174870897902e-07
lexicographic,SAW,4,196,21.123200000147335,True,1.472174870897902e-07
lexicographic,SAW,4,197,20.92919999267906,True,1.472174870897902e-07
lexicographic,SAW,4,198,18.174899989389814,True,1.472174870897902e-07
lexicographic,SAW,4,199,17.657299991697073,True,1.472174870897902e-07
lexicographic,VIKOR,4,0,36.05020001123194,True,7.009460103457599e-07
lexicographic,VIKOR,4,1,34.85309999086894,True,7.009460103457599e-07
lexicographic,VIKOR,4,2,41.72179999295622,True,7.009460103457599e-07
lexicographic,VIKOR,4,3,34.48950000165496,True,7.009460103457599e-07
lexicographic,VIKOR,4,4,46.58989999734331,True,7.009460103457599e-07
lexicographic,VIKOR,4,5,45.422099996358156,True,7.009460103457599e-07
lexicographic,VIKOR,4,6,41.98619999806397,True,7.009460103457599e-07
lexicographic,VIKOR,4,7,36.49819998827297,True,7.009460103457599e-07
lexicographic,VIKOR,4,8,35.49799999746028,True,7.009460103457599e-07
lexicographic,VIKOR,4,9,46.11229999864008,True,7.009460103457599e-07
lexicographic,VIKOR,4,10,37.814800001797266,True,7.009460103457599e-07
lexicographic,VIKOR,4,11,54.423600013251416,True,7.009460103457599e-07
lexicographic,VIKOR,4,12,47.40999999921769,True,7.009460103457599e-07
lexicographic,VIKOR,4,13,46.087700000498444,True,7.009460103457599e-07
lexicographic,VIKOR,4,14,55.35559999407269,True,7.009460103457599e-07
lexicographic,VIKOR,4,15,41.53329999826383,True,7.009460103457599e-07
lexicographic,VIKOR,4,16,34.419199990225025,True,7.009460103457599e-07
lexicographic,VIKOR,4,17,37.977400003001094,True,7.009460103457599e-07
lexicographic,VIKOR,4,18,44.614999991608784,True,7.009460103457599e-07
lexicographic,VIKOR,4,19,45.51410001295153,True,7.009460103457599e-07
lexicographic,VIKOR,4,20,49.003099993569776,True,7.009460103457599e-07
lexicographic,VIKOR,4,21,40.27870000572875,True,7.009460103457599e-07
lexicographic,VIKOR,4,22,42.496100009884685,True,7.009460103457599e-07
lexicographic,VIKOR,4,23,39.04980000515934,True,7.009460103457599e-07
lexicographic,VIKOR,4,24,50.181099999463186,True,7.009460103457599e-07
lexicographic,VIKOR,4,25,36.06729999592062,True,7.009460103457599e-07
lexicographic,VIKOR,4,26,47.66090000339318,True,7.009460103457599e-07
lexicographic,VIKOR,4,27,43.70249999919906,True,7.009460103457599e-07
lexicographic,VIKOR,4,28,41.24149998824578,True,7.009460103457599e-07
lexicographic,VIKOR,4,29,30.755600004340522,True,7.009460103457599e-07
lexicographic,VIKOR,4,30,21.125500003108755,True,7.009460103457599e-07
lexicographic,VIKOR,4,31,32.54410000226926,True,7.009460103457599e-07
lexicographic,VIKOR,4,32,42.92680000071414,True,7.009460103457599e-07
lexicographic,VIKOR,4,33,36.39570000814274,True,7.009460103457599e-07
lexicographic,VIKOR,4,34,45.12889999023173,True,7.009460103457599e-07
lexicographic,VIKOR,4,35,47.83850000239909,True,7.009460103457599e-07
lexicographic,VIKOR,4,36,48.41909999959171,True,7.009460103457599e-07
lexicographic,VIKOR,4,37,40.93230000580661,True,7.009460103457599e-07
lexicographic,VIKOR,4,38,50.05590000655502,True,7.009460103457599e-07
lexicographic,VIKOR,4,39,39.67630000261124,True,7.009460103457599e-07
lexicographic,VIKOR,4,40,41.60569999658037,True,7.009460103457599e-07
lexicographic,VIKOR,4,41,48.410100003820844,True,7.009460103457599e-07
lexicographic,VIKOR,4,42,44.53600000124425,True,7.009460103457599e-07
lexicographic,VIKOR,4,43,33.670200005872175,True,7.009460103457599e-07
lexicographic,VIKOR,4,44,22.74869999382645,True,7.009460103457599e-07
lexicographic,VIKOR,4,45,27.910499993595295,True,7.009460103457599e-07
lexicographic,VIKOR,4,46,45.42070000024978,True,7.009460103457599e-07
lexicographic,VIKOR,4,47,34.95420000399463,True,7.009460103457599e-07
lexicographic,VIKOR,4,48,52.84360000223387,True,7.009460103457599e-07
lexicographic,VIKOR,4,49,43.81459999422077,True,7.009460103457599e-07
lexicographic,VIKOR,4,50,43.50279999198392,True,7.009460103457599e-07
lexicographic,VIKOR,4,51,49.305399996228516,True,7.009460103457599e-07
lexicographic,VIKOR,4,52,52.62360000051558,True,7.009460103457599e-07
lexicographic,VIKOR,4,53,44.471300003351644,True,7.009460103457599e-07
lexicographic,VIKOR,4,54,42.19870000088122,True,7.009460103457599e-07
lexicographic,VIKOR,4,55,37.60719999263529,True,7.009460103457599e-07
lexicographic,VIKOR,4,56,35.904599993955344,True,7.009460103457599e-07
lexicographic,VIKOR,4,57,38.7170000030892,True,7.009460103457599e-07
lexicographic,VIKOR,4,58,34.800499997800216,True,7.009460103457599e-07
lexicographic,VIKOR,4,59,50.14649999793619,True,7.009460103457599e-07
lexicographic,VIKOR,4,60,48.59340000257362,True,7.009460103457599e-07
lexicographic,VIKOR,4,61,44.379400002071634,True,7.009460103457599e-07
lexicographic,VIKOR,4,62,38.88320000260137,True,7.009460103457599e-07
lexicographic,VIKOR,4,63,44.592699996428564,True,7.009460103457599e-07
lexicographic,VIKOR,4,64,54.91170000459533,True,7.009460103457599e-07
lexicographic,VIKOR,4,65,43.71700000774581,True,7.009460103457599e-07
lexicographic,VIKOR,4,66,42.28239999793004,True,7.009460103457599e-07
lexicographic,VIKOR,4,67,41.788499991525896,True,7.009460103457599e-07
lexicographic,VIKOR,4,68,42.076599987922236,True,7.009460103457599e-07
lexicographic,VIKOR,4,69,35.282199998619035,True,7.009460103457599e-07
lexicographic,VIKOR,4,70,53.13659999228548,True,7.009460103457599e-07
lexicographic,VIKOR,4,71,42.89959999732673,True,7.009460103457599e-07
lexicographic,VIKOR,4,72,45.64789999858476,True,7.009460103457599e-07
lexicographic,VIKOR,4,73,39.65320000133943,True,7.009460103457599e-07
lexicographic,VIKOR,4,74,43.771900003775954,True,7.009460103457599e-07
lexicographic,VIKOR,4,75,38.31450000870973,True,7.009460103457599e-07
lexicographic,VIKOR,4,76,38.31160000117961,True,7.009460103457599e-07
lexicographic,VIKOR,4,77,57.68220000027213,True,7.009460103457599e-07
lexicographic,VIKOR,4,78,53.90659999102354,True,7.009460103457599e-07
lexicographic,VIKOR,4,79,37.66410000389442,True,7.009460103457599e-07
lexicographic,VIKOR,4,80,34.451600004103966,True,7.009460103457599e-07
lexicographic,VIKOR,4,81,44.929099996807054,True,7.009460103457599e-07
lexicographic,VIKOR,4,82,43.3671999926446,True,7.009460103457599e-07
lexicographic,VIKOR,4,83,51.393000001553446,True,7.009460103457599e-07
lexicographic,VIKOR,4,84,41.122499998891726,True,7.009460103457599e-07
lexicographic,VIKOR,4,85,41.876900009810925,True,7.009460103457599e-07
lexicographic,VIKOR,4,86,40.35729999304749,True,7.009460103457599e-07
lexicographic,VIKOR,4,87,46.10149998916313,True,7.009460103457599e-07
lexicographic,VIKOR,4,88,51.52170000656042,True,7.009460103457599e-07
lexicographic,VIKOR,4,89,45.29270000057295,True,7.009460103457599e-07
lexicographic,VIKOR,4,90,37.53819999110419,True,7.009460103457599e-07
lexicographic,VIKOR,4,91,36.08499999972992,True,7.009460103457599e-07
lexicographic,VIKOR,4,92,47.74739999265876,True,7.009460103457599e-07
lexicographic,VIKOR,4,93,39.62929999397602,True,7.009460103457599e-07
lexicographic,VIKOR,4,94,52.16350000409875,True,7.009460103457599e-07
lexicographic,VIKOR,4,95,42.68600000068545,True,7.009460103457599e-07
lexicographic,VIKOR,4,96,42.97419999784324,True,7.009460103457599e-07
lexicographic,VIKOR,4,97,34.4660999980988,True,7.009460103457599e-07
lexicographic,VIKOR,4,98,44.38770000706427,True,7.009460103457599e-07
lexicographic,VIKOR,4,99,44.0420999948401,True,7.009460103457599e-07
lexicographic,VIKOR,4,100,37.80510000069626,True,7.009460103457599e-07
lexicographic,VIKOR,4,101,48.62390000198502,True,7.009460103457599e-07
lexicographic,VIKOR,4,102,41.184299989254214,True,7.009460103457599e-07
lexicographic,VIKOR,4,103,40.861699992092326,True,7.009460103457599e-07
lexicographic,VIKOR,4,104,38.77440000360366,True,7.009460103457599e-07
lexicographic,VIKOR,4,105,46.44209999241866,True,7.009460103457599e-07
lexicographic,VIKOR,4,106,44.47229999641422,True,7.009460103457599e-07
lexicographic,VIKOR,4,107,42.42359999625478,True,7.009460103457599e-07
lexicographic,VIKOR,4,108,48.61450000316836,True,7.009460103457599e-07
lexicographic,VIKOR,4,109,40.06919999665115,True,7.009460103457599e-07
lexicographic,VIKOR,4,110,43.776200007414445,True,7.009460103457599e-07
lexicographic,VIKOR,4,111,26.079500006744638,True,7.009460103457599e-07
lexicographic,VIKOR,4,112,51.60720000276342,True,7.009460103457599e-07
lexicographic,VIKOR,4,113,46.08949999965262,True,7.009460103457599e-07
lexicographic,VIKOR,4,114,42.09500001161359,True,7.009460103457599e-07
lexicographic,VIKOR,4,115,40.27130000758916,True,7.009460103457599e-07
lexicographic,VIKOR,4,116,41.97810000914615,True,7.009460103457599e-07
lexicographic,VIKOR,4,117,52.27580000064336,True,7.009460103457599e-07
lexicographic,VIKOR,4,118,40.86700000334531,True,7.009460103457599e-07
lexicographic,VIKOR,4,119,30.519600011757575,True,7.009460103457599e-07
lexicographic,VIKOR,4,120,20.65660001244396,True,7.009460103457599e-07
lexicographic,VIKOR,4,121,41.95909999543801,True,7.009460103457599e-07
lexicographic,VIKOR,4,122,38.10890000022482,True,7.009460103457599e-07
lexicographic,VIKOR,4,123,40.49900000973139,True,7.009460103457599e-07
lexicographic,VIKOR,4,124,53.43010000069626,True,7.009460103457599e-07
lexicographic,VIKOR,4,125,43.01919999124948,True,7.009460103457599e-07
lexicographic,VIKOR,4,126,41.03199999372009,True,7.009460103457599e-07
lexicographic,VIKOR,4,127,35.39750000345521,True,7.009460103457599e-07
lexicographic,VIKOR,4,128,40.890200005378574,True,7.009460103457599e-07
lexicographic,VIKOR,4,129,45.66410000552423,True,7.009460103457599e-07
lexicographic,VIKOR,4,130,47.03539999900386,True,7.009460103457599e-07
lexicographic,VIKOR,4,131,50.3824000043096,True,7.009460103457599e-07
lexicographic,VIKOR,4,132,40.60520000348333,True,7.009460103457599e-07
lexicographic,VIKOR,4,133,39.72869999415707,True,7.009460103457599e-07
lexicographic,VIKOR,4,134,38.74000000359956,True,7.009460103457599e-07
lexicographic,VIKOR,4,135,48.45440000644885,True,7.009460103457599e-07
lexicographic,VIKOR,4,136,43.91800001030788,True,7.009460103457599e-07
lexicographic,VIKOR,4,137,49.671000000671484,True,7.009460103457599e-07
lexicographic,VIKOR,4,138,41.48459999123588,True,7.009460103457599e-07
lexicographic,VIKOR,4,139,42.12869999173563,True,7.009460103457599e-07
lexicographic,VIKOR,4,140,22.302299999864772,True,7.009460103457599e-07
lexicographic,VIKOR,4,141,33.17869998863898,True,7.009460103457599e-07
lexicographic,VIKOR,4,142,51.54459999175742,True,7.009460103457599e-07
lexicographic,VIKOR,4,143,37.830000001122244,True,7.009460103457599e-07
lexicographic,VIKOR,4,144,45.46259999915492,True,7.009460103457599e-07
lexicographic,VIKOR,4,145,48.89170000387821,True,7.009460103457599e-07
lexicographic,VIKOR,4,146,40.16150000097696,True,7.009460103457599e-07
lexicographic,VIKOR,4,147,41.2374000006821,True,7.009460103457599e-07
lexicographic,VIKOR,4,148,35.82629999436904,True,7.009460103457599e-07
lexicographic,VIKOR,4,149,42.895999999018386,True,7.009460103457599e-07
lexicographic,VIKOR,4,150,36.322400002973154,True,7.009460103457599e-07
lexicographic,VIKOR,4,151,49.46330000529997,True,7.009460103457599e-07
lexicographic,VIKOR,4,152,45.85199999564793,True,7.009460103457599e-07
lexicographic,VIKOR,4,153,44.95070000120904,True,7.009460103457599e-07
lexicographic,VIKOR,4,154,39.603199998964556,True,7.009460103457599e-07
lexicographic,VIKOR,4,155,42.736000003060326,True,7.009460103457599e-07
lexicographic,VIKOR,4,156,41.40670000924729,True,7.009460103457599e-07
lexicographic,VIKOR,4,157,44.901500004925765,True,7.009460103457599e-07
lexicographic,VIKOR,4,158,50.72080000536516,True,7.009460103457599e-07
lexicographic,VIKOR,4,159,41.259600009652786,True,7.009460103457599e-07
lexicographic,VIKOR,4,160,52.228699991246685,True,7.009460103457599e-07
lexicographic,VIKOR,4,161,51.795399995171465,True,7.009460103457599e-07
lexicographic,VIKOR,4,162,43.10149999218993,True,7.009460103457599e-07
lexicographic,VIKOR,4,163,36.55929998785723,True,7.009460103457599e-07
lexicographic,VIKOR,4,164,43.58140000840649,True,7.009460103457599e-07
lexicographic,VIKOR,4,165,39.15419999975711,True,7.009460103457599e-07
lexicographic,VIKOR,4,166,46.80510000616778,True,7.009460103457599e-07
lexicographic,VIKOR,4,167,53.340800004662015,True,7.009460103457599e-07
lexicographic,VIKOR,4,168,45.36110001208726,True,7.009460103457599e-07
lexicographic,VIKOR,4,169,37.26579999784008,True,7.009460103457599e-07
lexicographic,VIKOR,4,170,41.44030000315979,True,7.009460103457599e-07
lexicographic,VIKOR,4,171,42.037499995785765,True,7.009460103457599e-07
lexicographic,VIKOR,4,172,38.58110000146553,True,7.009460103457599e-07
lexicographic,VIKOR,4,173,47.754200000781566,True,7.009460103457599e-07
lexicographic,VIKOR,4,174,43.88959999778308,True,7.009460103457599e-07
lexicographic,VIKOR,4,175,44.07289999653585,True,7.009460103457599e-07
lexicographic,VIKOR,4,176,44.96879999351222,True,7.009460103457599e-07
lexicographic,VIKOR,4,177,44.29849999723956,True,7.009460103457599e-07
lexicographic,VIKOR,4,178,37.48749999795109,True,7.009460103457599e-07
lexicographic,VIKOR,4,179,39.7510000038892,True,7.009460103457599e-07
lexicographic,VIKOR,4,180,51.0978999955114,True,7.009460103457599e-07
lexicographic,VIKOR,4,181,39.97580001305323,True,7.009460103457599e-07
lexicographic,VIKOR,4,182,47.55069999373518,True,7.009460103457599e-07
lexicographic,VIKOR,4,183,53.0064000049606,True,7.009460103457599e-07
lexicographic,VIKOR,4,184,43.1520999991335,True,7.009460103457599e-07
lexicographic,VIKOR,4,185,40.0519999966491,True,7.009460103457599e-07
lexicographic,VIKOR,4,186,50.96770000818651,True,7.009460103457599e-07
lexicographic,VIKOR,4,187,37.46540000429377,True,7.009460103457599e-07
lexicographic,VIKOR,4,188,42.44850001123268,True,7.009460103457599e-07
lexicographic,VIKOR,4,189,36.20430000592023,True,7.009460103457599e-07
lexicographic,VIKOR,4,190,41.65060000377707,True,7.009460103457599e-07
lexicographic,VIKOR,4,191,40.467899991199374,True,7.009460103457599e-07
lexicographic,VIKOR,4,192,34.67330000421498,True,7.009460103457599e-07
lexicographic,VIKOR,4,193,52.525899998727255,True,7.009460103457599e-07
lexicographic,VIKOR,4,194,42.20450000138953,True,7.009460103457599e-07
lexicographic,VIKOR,4,195,41.59190000791568,True,7.009460103457599e-07
lexicographic,VIKOR,4,196,39.473500000895,True,7.009460103457599e-07
lexicographic,VIKOR,4,197,49.53390000446234,True,7.009460103457599e-07
lexicographic,VIKOR,4,198,46.77820000506472,True,7.009460103457599e-07
lexicographic,VIKOR,4,199,43.594800008577295,True,7.009460103457599e-07
lexicographic,COPRAS,4,0,14.749900001334026,True,1.472174870897902e-07
lexicographic,COPRAS,4,1,8.529400001862086,True,1.472174870897902e-07
lexicographic,COPRAS,4,2,12.727799999993294,True,1.472174870897902e-07
lexicographic,COPRAS,4,3,18.365299998549744,True,1.472174870897902e-07
lexicographic,COPRAS,4,4,16.785400002845563,True,1.472174870897902e-07
lexicographic,COPRAS,4,5,15.057099997648038,True,1.472174870897902e-07
lexicographic,COPRAS,4,6,14.585500000976026,True,1.472174870897902e-07
lexicographic,COPRAS,4,7,14.191300011589192,True,1.472174870897902e-07
lexicographic,COPRAS,4,8,14.61889999336563,True,1.472174870897902e-07
lexicographic,COPRAS,4,9,21.01300000504125,True,1.472174870897902e-07
lexicographic,COPRAS,4,10,23.587399991811253,True,1.472174870897902e-07
lexicographic,COPRAS,4,11,19.16150000761263,True,1.472174870897902e-07
lexicographic,COPRAS,4,12,17.794300001696683,True,1.472174870897902e-07
lexicographic,COPRAS,4,13,20.36999999836553,True,1.472174870897902e-07
lexicographic,COPRAS,4,14,20.13970000552945,True,1.472174870897902e-07
lexicographic,COPRAS,4,15,19.19919998908881,True,1.472174870897902e-07
lexicographic,COPRAS,4,16,18.97859999735374,True,1.472174870897902e-07
lexicographic,COPRAS,4,17,16.51680000941269,True,1.472174870897902e-07
lexicographic,COPRAS,4,18,15.118899988010526,True,1.472174870897902e-07
lexicographic,COPRAS,4,19,19.986100000096485,True,1.472174870897902e-07
lexicographic,COPRAS,4,20,22.98490000248421,True,1.472174870897902e-07
lexicographic,COPRAS,4,21,22.25439999892842,True,1.472174870897902e-07
lexicographic,COPRAS,4,22,17.61419999820646,True,1.472174870897902e-07
lexicographic,COPRAS,4,23,17.17540000390727,True,1.472174870897902e-07
lexicographic,COPRAS,4,24,19.07950000895653,True,1.472174870897902e-07
lexicographic,COPRAS,4,25,18.71950000349898,True,1.472174870897902e-07
lexicographic,COPRAS,4,26,16.426400005002506,True,1.472174870897902e-07
lexicographic,COPRAS,4,27,15.925600004266016,True,1.472174870897902e-07
lexicographic,COPRAS,4,28,17.02379999915138,True,1.472174870897902e-07
lexicographic,COPRAS,4,29,18.681300003663637,True,1.472174870897902e-07
lexicographic,COPRAS,4,30,18.94239999819547,True,1.472174870897902e-07
lexicographic,COPRAS,4,31,17.67120001022704,True,1.472174870897902e-07
lexicographic,COPRAS,4,32,15.430200000992045,True,1.472174870897902e-07
lexicographic,COPRAS,4,33,15.84510000247974,True,1.472174870897902e-07
lexicographic,COPRAS,4,34,16.793399991001934,True,1.472174870897902e-07
lexicographic,COPRAS,4,35,22.625700003118254,True,1.472174870897902e-07
lexicographic,COPRAS,4,36,22.28859999740962,True,1.472174870897902e-07
lexicographic,COPRAS,4,37,18.82000001205597,True,1.472174870897902e-07
lexicographic,COPRAS,4,38,17.346299995551817,True,1.472174870897902e-07
lexicographic,COPRAS,4,39,17.578300001332536,True,1.472174870897902e-07
lexicographic,COPRAS,4,40,19.848899988573976,True,1.472174870897902e-07
lexicographic,COPRAS,4,41,19.36980000755284,True,1.472174870897902e-07
lexicographic,COPRAS,4,42,15.746300006867386,True,1.472174870897902e-07
lexicographic,COPRAS,4,43,15.16720000654459,True,1.472174870897902e-07
lexicographic,COPRAS,4,44,14.743099993211217,True,1.472174870897902e-07
lexicographic,COPRAS,4,45,18.8691000075778,True,1.472174870897902e-07
lexicographic,COPRAS,4,46,21.99500000278931,True,1.472174870897902e-07
lexicographic,COPRAS,4,47,16.973899997537956,True,1.472174870897902e-07
lexicographic,COPRAS,4,48,15.373400005046278,True,1.472174870897902e-07
lexicographic,COPRAS,4,49,14.106900009210221,True,1.472174870897902e-07
lexicographic,COPRAS,4,50,14.468800000031479,True,1.472174870897902e-07
lexicographic,COPRAS,4,51,21.171999993384816,True,1.472174870897902e-07
lexicographic,COPRAS,4,52,20.97440000216011,True,1.472174870897902e-07
lexicographic,COPRAS,4,53,19.900700004654936,True,1.472174870897902e-07
lexicographic,COPRAS,4,54,18.087000004015863,True,1.472174870897902e-07
lexicographic,COPRAS,4,55,18.1688999873586,True,1.472174870897902e-07
lexicographic,COPRAS,4,56,18.163300002925098,True,1.472174870897902e-07
lexicographic,COPRAS,4,57,16.94560000032652,True,1.472174870897902e-07
lexicographic,COPRAS,4,58,18.30530000734143,True,1.472174870897902e-07
lexicographic,COPRAS,4,59,15.818100000615232,True,1.472174870897902e-07
lexicographic,COPRAS,4,60,14.272900007199496,True,1.472174870897902e-07
lexicographic,COPRAS,4,61,15.989000006811693,True,1.472174870897902e-07
lexicographic,COPRAS,4,62,18.336799999815412,True,1.472174870897902e-07
lexicographic,COPRAS,4,63,17.017000005580485,True,1.472174870897902e-07
lexicographic,COPRAS,4,64,15.64870000584051,True,1.472174870897902e-07
lexicographic,COPRAS,4,65,17.55050000792835,True,1.472174870897902e-07
lexicographic,COPRAS,4,66,18.838700008927844,True,1.472174870897902e-07
lexicographic,COPRAS,4,67,23.540200010756962,True,1.472174870897902e-07
lexicographic,COPRAS,4,68,28.44579999509733,True,1.472174870897902e-07
lexicographic,COPRAS,4,69,19.57280001079198,True,1.472174870897902e-07
lexicographic,COPRAS,4,70,18.479000005754642,True,1.472174870897902e-07
lexicographic,COPRAS,4,71,18.021800002316013,True,1.472174870897902e-07
lexicographic,COPRAS,4,72,18.1657999928575,True,1.472174870897902e-07
lexicographic,COPRAS,4,73,16.724999994039536,True,1.472174870897902e-07
lexicographic,COPRAS,4,74,15.00790000136476,True,1.472174870897902e-07
lexicographic,COPRAS,4,75,14.546799997333437,True,1.472174870897902e-07
lexicographic,COPRAS,4,76,14.123899993137456,True,1.472174870897902e-07
lexicographic,COPRAS,4,77,18.18130000901874,True,1.472174870897902e-07
lexicographic,COPRAS,4,78,24.94190000288654,True,1.472174870897902e-07
lexicographic,COPRAS,4,79,26.69630000309553,True,1.472174870897902e-07
lexicographic,COPRAS,4,80,20.012900000438094,True,1.472174870897902e-07
lexicographic,COPRAS,4,81,17.963200007216074,True,1.472174870897902e-07
lexicographic,COPRAS,4,82,20.21999999124091,True,1.472174870897902e-07
lexicographic,COPRAS,4,83,17.71060000464786,True,1.472174870897902e-07
lexicographic,COPRAS,4,84,15.477199995075352,True,1.472174870897902e-07
lexicographic,COPRAS,4,85,18.373900005826727,True,1.472174870897902e-07
lexicographic,COPRAS,4,86,16.210900008445606,True,1.472174870897902e-07
lexicographic,COPRAS,4,87,20.020899988594465,True,1.472174870897902e-07
lexicographic,COPRAS,4,88,19.574999998440035,True,1.472174870897902e-07
lexicographic,COPRAS,4,89,16.928500001085922,True,1.472174870897902e-07
lexicographic,COPRAS,4,90,16.38000000093598,True,1.472174870897902e-07
lexicographic,COPRAS,4,91,15.243799993186258,True,1.472174870897902e-07
lexicographic,COPRAS,4,92,15.819400010514073,True,1.472174870897902e-07
lexicographic,COPRAS,4,93,20.72329999646172,True,1.472174870897902e-07
lexicographic,COPRAS,4,94,21.13860000099521,True,1.472174870897902e-07
lexicographic,COPRAS,4,95,19.473899999866262,True,1.472174870897902e-07
lexicographic,COPRAS,4,96,16.8444000009913,True,1.472174870897902e-07
lexicographic,COPRAS,4,97,17.86359999096021,True,1.472174870897902e-07
lexicographic,COPRAS,4,98,19.21119999315124,True,1.472174870897902e-07
lexicographic,COPRAS,4,99,17.241800000192598,True,1.472174870897902e-07
lexicographic,COPRAS,4,100,16.218400007346645,True,1.472174870897902e-07
lexicographic,COPRAS,4,101,16.42629998968914,True,1.472174870897902e-07
lexicographic,COPRAS,4,102,16.401700006099418,True,1.472174870897902e-07
lexicographic,COPRAS,4,103,19.336099998326972,True,1.472174870897902e-07
lexicographic,COPRAS,4,104,21.443699995870702,True,1.472174870897902e-07
lexicographic,COPRAS,4,105,16.737599988118745,True,1.472174870897902e-07
lexicographic,COPRAS,4,106,14.768300010473467,True,1.472174870897902e-07
lexicographic,COPRAS,4,107,17.540799992275424,True,1.472174870897902e-07
lexicographic,COPRAS,4,108,20.75429999968037,True,1.472174870897902e-07
lexicographic,COPRAS,4,109,23.40919998823665,True,1.472174870897902e-07
lexicographic,COPRAS,4,110,20.86240000789985,True,1.472174870897902e-07
lexicographic,COPRAS,4,111,19.889200004399754,True,1.472174870897902e-07
lexicographic,COPRAS,4,112,17.099699995014817,True,1.472174870897902e-07
lexicographic,COPRAS,4,113,18.566200000350364,True,1.472174870897902e-07
lexicographic,COPRAS,4,114,18.179399994551204,True,1.472174870897902e-07
lexicographic,COPRAS,4,115,15.399399999296293,True,1.472174870897902e-07
lexicographic,COPRAS,4,116,14.57010000012815,True,1.472174870897902e-07
lexicographic,COPRAS,4,117,14.425500005017966,True,1.472174870897902e-07
lexicographic,COPRAS,4,118,14.544400008162484,True,1.472174870897902e-07
lexicographic,COPRAS,4,119,18.841099998098798,True,1.472174870897902e-07
lexicographic,COPRAS,4,120,17.987400002311915,True,1.472174870897902e-07
lexicographic,COPRAS,4,121,16.685000009601936,True,1.472174870897902e-07
lexicographic,COPRAS,4,122,15.43600000150036,True,1.472174870897902e-07
lexicographic,COPRAS,4,123,15.353899987530895,True,1.472174870897902e-07
lexicographic,COPRAS,4,124,19.264500006102026,True,1.472174870897902e-07
lexicographic,COPRAS,4,125,20.845499995630234,True,1.472174870897902e-07
lexicographic,COPRAS,4,126,23.87040000758134,True,1.472174870897902e-07
lexicographic,COPRAS,4,127,18.846399994799867,True,1.472174870897902e-07
lexicographic,COPRAS,4,128,17.0228000060888,True,1.472174870897902e-07
lexicographic,COPRAS,4,129,17.755399996531196,True,1.472174870897902e-07
lexicographic,COPRAS,4,130,19.575899990741163,True,1.472174870897902e-07
lexicographic,COPRAS,4,131,19.54229999682866,True,1.472174870897902e-07
lexicographic,COPRAS,4,132,18.8408999965759,True,1.472174870897902e-07
lexicographic,COPRAS,4,133,16.698799998266622,True,1.472174870897902e-07
lexicographic,COPRAS,4,134,16.60420000553131,True,1.472174870897902e-07
lexicographic,COPRAS,4,135,22.777899997890927,True,1.472174870897902e-07
lexicographic,COPRAS,4,136,22.697000007610768,True,1.472174870897902e-07
lexicographic,COPRAS,4,137,18.72170000569895,True,1.472174870897902e-07
lexicographic,COPRAS,4,138,17.528299998957664,True,1.472174870897902e-07
lexicographic,COPRAS,4,139,17.13380000728648,True,1.472174870897902e-07
lexicographic,COPRAS,4,140,20.91449999716133,True,1.472174870897902e-07
lexicographic,COPRAS,4,141,21.345200002542697,True,1.472174870897902e-07
lexicographic,COPRAS,4,142,19.093800001428463,True,1.472174870897902e-07
lexicographic,COPRAS,4,143,17.242699992493726,True,1.472174870897902e-07
lexicographic,COPRAS,4,144,16.95309999922756,True,1.472174870897902e-07
lexicographic,COPRAS,4,145,22.18269999139011,True,1.472174870897902e-07
lexicographic,COPRAS,4,146,19.211700011510402,True,1.472174870897902e-07
lexicographic,COPRAS,4,147,16.518300006282516,True,1.472174870897902e-07
lexicographic,COPRAS,4,148,14.986199996201321,True,1.472174870897902e-07
lexicographic,COPRAS,4,149,15.729999999166466,True,1.472174870897902e-07
lexicographic,COPRAS,4,150,21.598199993604794,True,1.472174870897902e-07
lexicographic,COPRAS,4,151,24.894300004234537,True,1.472174870897902e-07
lexicographic,COPRAS,4,152,19.916200006264262,True,1.472174870897902e-07
lexicographic,COPRAS,4,153,17.985499987844378,True,1.472174870897902e-07
lexicographic,COPRAS,4,154,17.29469999554567,True,1.472174870897902e-07
lexicographic,COPRAS,4,155,20.864399994025007,True,1.472174870897902e-07
lexicographic,COPRAS,4,156,17.012900003464893,True,1.472174870897902e-07
lexicographic,COPRAS,4,157,14.716000005137175,True,1.472174870897902e-07
lexicographic,COPRAS,4,158,14.29160000407137,True,1.472174870897902e-07
lexicographic,COPRAS,4,159,14.65959999768529,True,1.472174870897902e-07
lexicographic,COPRAS,4,160,16.27520000329241,True,1.472174870897902e-07
lexicographic,COPRAS,4,161,25.601200002711266,True,1.472174870897902e-07
lexicographic,COPRAS,4,162,26.00440000242088,True,1.472174870897902e-07
lexicographic,COPRAS,4,163,19.597299993620254,True,1.472174870897902e-07
lexicographic,COPRAS,4,164,18.45639999373816,True,1.472174870897902e-07
lexicographic,COPRAS,4,165,17.586200003279373,True,1.472174870897902e-07
lexicographic,COPRAS,4,166,18.506199994590133,True,1.472174870897902e-07
lexicographic,COPRAS,4,167,16.61710000189487,True,1.472174870897902e-07
lexicographic,COPRAS,4,168,15.747099998407066,True,1.472174870897902e-07
lexicographic,COPRAS,4,169,15.13169999816455,True,1.472174870897902e-07
lexicographic,COPRAS,4,170,16.816699993796647,True,1.472174870897902e-07
lexicographic,COPRAS,4,171,20.30320001358632,True,1.472174870897902e-07
lexicographic,COPRAS,4,172,16.03110000723973,True,1.472174870897902e-07
lexicographic,COPRAS,4,173,15.078500000527129,True,1.472174870897902e-07
lexicographic,COPRAS,4,174,16.04070000757929,True,1.472174870897902e-07
lexicographic,COPRAS,4,175,14.505300001474097,True,1.472174870897902e-07
lexicographic,COPRAS,4,176,19.21250000305008,True,1.472174870897902e-07
lexicographic,COPRAS,4,177,25.706499989610165,True,1.472174870897902e-07
lexicographic,COPRAS,4,178,22.922200005268678,True,1.472174870897902e-07
lexicographic,COPRAS,4,179,18.86509999167174,True,1.472174870897902e-07
lexicographic,COPRAS,4,180,18.169000002671964,True,1.472174870897902e-07
lexicographic,COPRAS,4,181,18.60730000771582,True,1.472174870897902e-07
lexicographic,COPRAS,4,182,17.06749999721069,True,1.472174870897902e-07
lexicographic,COPRAS,4,183,10.373600001912564,True,1.472174870897902e-07
lexicographic,COPRAS,4,184,7.39389999944251,True,1.472174870897902e-07
lexicographic,COPRAS,4,185,14.134799988823943,True,1.472174870897902e-07
lexicographic,COPRAS,4,186,14.810200009378605,True,1.472174870897902e-07
lexicographic,COPRAS,4,187,16.919700006837957,True,1.472174870897902e-07
lexicographic,COPRAS,4,188,20.468499991693534,True,1.472174870897902e-07
lexicographic,COPRAS,4,189,19.42850000341423,True,1.472174870897902e-07
lexicographic,COPRAS,4,190,16.836599999805912,True,1.472174870897902e-07
lexicographic,COPRAS,4,191,15.335300005972385,True,1.472174870897902e-07
lexicographic,COPRAS,4,192,14.734399999724701,True,1.472174870897902e-07
lexicographic,COPRAS,4,193,20.369499994558282,True,1.472174870897902e-07
lexicographic,COPRAS,4,194,21.222199997282587,True,1.472174870897902e-07
lexicographic,COPRAS,4,195,23.131299996748567,True,1.472174870897902e-07
lexicographic,COPRAS,4,196,18.050700004096143,True,1.472174870897902e-07
lexicographic,COPRAS,4,197,15.745299999252893,True,1.472174870897902e-07
lexicographic,COPRAS,4,198,17.273699995712377,True,1.472174870897902e-07
lexicographic,COPRAS,4,199,18.401399996946566,True,1.472174870897902e-07
lexicographic,ARAS,4,0,16.112800003611483,True,4.4165246126937063e-08
lexicographic,ARAS,4,1,18.74800000223331,True,4.4165246126937063e-08
lexicographic,ARAS,4,2,18.877800001064315,True,4.4165246126937063e-08
lexicographic,ARAS,4,3,21.140000011655502,True,4.4165246126937063e-08
lexicographic,ARAS,4,4,18.28949998889584,True,4.4165246126937063e-08
lexicographic,ARAS,4,5,16.685399998095818,True,4.4165246126937063e-08
lexicographic,ARAS,4,6,14.56789999792818,True,4.4165246126937063e-08
lexicographic,ARAS,4,7,14.13450000109151,True,4.4165246126937063e-08
lexicographic,ARAS,4,8,18.420899999910034,True,4.4165246126937063e-08
lexicographic,ARAS,4,9,19.96750000398606,True,4.4165246126937063e-08
lexicographic,ARAS,4,10,21.695099989301525,True,4.4165246126937063e-08
lexicographic,ARAS,4,11,17.460400005802512,True,4.4165246126937063e-08
lexicographic,ARAS,4,12,16.260399992461316,True,4.4165246126937063e-08
lexicographic,ARAS,4,13,17.67799998924602,True,4.4165246126937063e-08
lexicographic,ARAS,4,14,17.611299990676343,True,4.4165246126937063e-08
lexicographic,ARAS,4,15,14.854299995931797,True,4.4165246126937063e-08
lexicographic,ARAS,4,16,14.952599987736903,True,4.4165246126937063e-08
lexicographic,ARAS,4,17,16.981699998723343,True,4.4165246126937063e-08
lexicographic,ARAS,4,18,18.875399997341447,True,4.4165246126937063e-08
lexicographic,ARAS,4,19,21.104499988723546,True,4.4165246126937063e-08
lexicographic,ARAS,4,20,19.33929999358952,True,4.4165246126937063e-08
lexicographic,ARAS,4,21,16.652799997245893,True,4.4165246126937063e-08
lexicographic,ARAS,4,22,14.856000008876435,True,4.4165246126937063e-08
lexicographic,ARAS,4,23,14.48569999774918,True,4.4165246126937063e-08
lexicographic,ARAS,4,24,18.22689999244176,True,4.4165246126937063e-08
lexicographic,ARAS,4,25,23.066399997333065,True,4.4165246126937063e-08
lexicographic,ARAS,4,26,19.082000013440847,True,4.4165246126937063e-08
lexicographic,ARAS,4,27,17.997000002651475,True,4.4165246126937063e-08
lexicographic,ARAS,4,28,15.55380001082085,True,4.4165246126937063e-08
lexicographic,ARAS,4,29,15.7723000011174,True,4.4165246126937063e-08
lexicographic,ARAS,4,30,20.437600003788248,True,4.4165246126937063e-08
lexicographic,ARAS,4,31,16.54929999494925,True,4.4165246126937063e-08
lexicographic,ARAS,4,32,14.991700008977205,True,4.4165246126937063e-08
lexicographic,ARAS,4,33,17.604399996344,True,4.4165246126937063e-08
lexicographic,ARAS,4,34,17.540400003781542,True,4.4165246126937063e-08
lexicographic,ARAS,4,35,17.946100007975474,True,4.4165246126937063e-08
lexicographic,ARAS,4,36,18.963399998028763,True,4.4165246126937063e-08
lexicographic,ARAS,4,37,17.14969999738969,True,4.4165246126937063e-08
lexicographic,ARAS,4,38,14.875900000333786,True,4.4165246126937063e-08
lexicographic,ARAS,4,39,15.692200002376921,True,4.4165246126937063e-08
lexicographic,ARAS,4,40,21.82530000573024,True,4.4165246126937063e-08
lexicographic,ARAS,4,41,20.578800002112985,True,4.4165246126937063e-08
lexicographic,ARAS,4,42,20.741699991049245,True,4.4165246126937063e-08
lexicographic,ARAS,4,43,16.303099997458048,True,4.4165246126937063e-08
lexicographic,ARAS,4,44,16.008400009013712,True,4.4165246126937063e-08
lexicographic,ARAS,4,45,16.86009998957161,True,4.4165246126937063e-08
lexicographic,ARAS,4,46,18.749100010609254,True,4.4165246126937063e-08
lexicographic,ARAS,4,47,19.340200000442564,True,4.4165246126937063e-08
lexicographic,ARAS,4,48,20.14469999994617,True,4.4165246126937063e-08
lexicographic,ARAS,4,49,22.251699992921203,True,4.4165246126937063e-08
lexicographic,ARAS,4,50,18.536400006269105,True,4.4165246126937063e-08
lexicographic,ARAS,4,51,17.211999991559424,True,4.4165246126937063e-08
lexicographic,ARAS,4,52,16.064599985838868,True,4.4165246126937063e-08
lexicographic,ARAS,4,53,14.374600010341965,True,4.4165246126937063e-08
lexicographic,ARAS,4,54,19.402200006879866,True,4.4165246126937063e-08
lexicographic,ARAS,4,55,16.33219998620916,True,4.4165246126937063e-08
lexicographic,ARAS,4,56,18.53139999730047,True,4.4165246126937063e-08
lexicographic,ARAS,4,57,18.406699993647635,True,4.4165246126937063e-08
lexicographic,ARAS,4,58,14.21229999687057,True,4.4165246126937063e-08
lexicographic,ARAS,4,59,14.270900006522425,True,4.4165246126937063e-08
lexicographic,ARAS,4,60,14.03520000167191,True,4.4165246126937063e-08
lexicographic,ARAS,4,61,14.259899995522574,True,4.4165246126937063e-08
lexicographic,ARAS,4,62,21.396800002548844,True,4.4165246126937063e-08
lexicographic,ARAS,4,63,25.524199998471886,True,4.4165246126937063e-08
lexicographic,ARAS,4,64,23.652000003494322,True,4.4165246126937063e-08
lexicographic,ARAS,4,65,18.36979998915922,True,4.4165246126937063e-08
lexicographic,ARAS,4,66,21.008799987612292,True,4.4165246126937063e-08
lexicographic,ARAS,4,67,20.167900001979433,True,4.4165246126937063e-08
lexicographic,ARAS,4,68,16.694199992343783,True,4.4165246126937063e-08
lexicographic,ARAS,4,69,15.225900002405979,True,4.4165246126937063e-08
lexicographic,ARAS,4,70,14.578400005120784,True,4.4165246126937063e-08
lexicographic,ARAS,4,71,13.707999998587184,True,4.4165246126937063e-08
lexicographic,ARAS,4,72,16.778199991676956,True,4.4165246126937063e-08
lexicographic,ARAS,4,73,21.054699987871572,True,4.4165246126937063e-08
lexicographic,ARAS,4,74,19.068800000241026,True,4.4165246126937063e-08
lexicographic,ARAS,4,75,17.92159999604337,True,4.4165246126937063e-08
lexicographic,ARAS,4,76,16.086799994809553,True,4.4165246126937063e-08
lexicographic,ARAS,4,77,22.897100003319792,True,4.4165246126937063e-08
lexicographic,ARAS,4,78,20.645099997636862,True,4.4165246126937063e-08
lexicographic,ARAS,4,79,24.74140000413172,True,4.4165246126937063e-08
lexicographic,ARAS,4,80,18.12140000401996,True,4.4165246126937063e-08
lexicographic,ARAS,4,81,16.877999994903803,True,4.4165246126937063e-08
lexicographic,ARAS,4,82,17.271200005779974,True,4.4165246126937063e-08
lexicographic,ARAS,4,83,17.4029000045266,True,4.4165246126937063e-08
lexicographic,ARAS,4,84,15.470700003788806,True,4.4165246126937063e-08
lexicographic,ARAS,4,85,15.759700007038191,True,4.4165246126937063e-08
lexicographic,ARAS,4,86,15.784000002895482,True,4.4165246126937063e-08
lexicographic,ARAS,4,87,15.067300002556294,True,4.4165246126937063e-08
lexicographic,ARAS,4,88,19.154199995682575,True,4.4165246126937063e-08
lexicographic,ARAS,4,89,21.009599993703887,True,4.4165246126937063e-08
lexicographic,ARAS,4,90,17.596600009710528,True,4.4165246126937063e-08
lexicographic,ARAS,4,91,16.383900001528673,True,4.4165246126937063e-08
lexicographic,ARAS,4,92,15.849300005356781,True,4.4165246126937063e-08
lexicographic,ARAS,4,93,17.830400000093505,True,4.4165246126937063e-08
lexicographic,ARAS,4,94,22.73609999974724,True,4.4165246126937063e-08
lexicographic,ARAS,4,95,24.314399997820146,True,4.4165246126937063e-08
lexicographic,ARAS,4,96,18.565999998827465,True,4.4165246126937063e-08
lexicographic,ARAS,4,97,16.069000004790723,True,4.4165246126937063e-08
lexicographic,ARAS,4,98,17.413699999451637,True,4.4165246126937063e-08
lexicographic,ARAS,4,99,17.982999997911975,True,4.4165246126937063e-08
lexicographic,ARAS,4,100,17.609099988476373,True,4.4165246126937063e-08
lexicographic,ARAS,4,101,17.60890000150539,True,4.4165246126937063e-08
lexicographic,ARAS,4,102,15.02779999282211,True,4.4165246126937063e-08
lexicographic,ARAS,4,103,15.027700006612577,True,4.4165246126937063e-08
lexicographic,ARAS,4,104,18.693099991651252,True,4.4165246126937063e-08
lexicographic,ARAS,4,105,16.85179999913089,True,4.4165246126937063e-08
lexicographic,ARAS,4,106,15.431399995577522,True,4.4165246126937063e-08
lexicographic,ARAS,4,107,14.664299989817664,True,4.4165246126937063e-08
lexicographic,ARAS,4,108,13.923500009696,True,4.4165246126937063e-08
lexicographic,ARAS,4,109,14.365800001542084,True,4.4165246126937063e-08
lexicographic,ARAS,4,110,21.381700003985316,True,4.4165246126937063e-08
lexicographic,ARAS,4,111,23.778399990987964,True,4.4165246126937063e-08
lexicographic,ARAS,4,112,18.647600008989684,True,4.4165246126937063e-08
lexicographic,ARAS,4,113,16.62639999995008,True,4.4165246126937063e-08
lexicographic,ARAS,4,114,14.945700007956475,True,4.4165246126937063e-08
lexicographic,ARAS,4,115,17.25859999714885,True,4.4165246126937063e-08
lexicographic,ARAS,4,116,16.685700000380166,True,4.4165246126937063e-08
lexicographic,ARAS,4,117,15.58639999711886,True,4.4165246126937063e-08
lexicographic,ARAS,4,118,15.28870000038296,True,4.4165246126937063e-08
lexicographic,ARAS,4,119,14.752599992789328,True,4.4165246126937063e-08
lexicographic,ARAS,4,120,14.286700010416098,True,4.4165246126937063e-08
lexicographic,ARAS,4,121,17.358299999614246,True,4.4165246126937063e-08
lexicographic,ARAS,4,122,19.241000001784414,True,4.4165246126937063e-08
lexicographic,ARAS,4,123,16.522499994607642,True,4.4165246126937063e-08
lexicographic,ARAS,4,124,18.79170000029262,True,4.4165246126937063e-08
lexicographic,ARAS,4,125,15.829099997063167,True,4.4165246126937063e-08
lexicographic,ARAS,4,126,19.880700012436137,True,4.4165246126937063e-08
lexicographic,ARAS,4,127,19.701499986695126,True,4.4165246126937063e-08
lexicographic,ARAS,4,128,19.57580000453163,True,4.4165246126937063e-08
lexicographic,ARAS,4,129,20.108299999265,True,4.4165246126937063e-08
lexicographic,ARAS,4,130,19.782300005317666,True,4.4165246126937063e-08
lexicographic,ARAS,4,131,20.990200006053783,True,4.4165246126937063e-08
lexicographic,ARAS,4,132,19.43700000992976,True,4.4165246126937063e-08
lexicographic,ARAS,4,133,16.121699998620898,True,4.4165246126937063e-08
lexicographic,ARAS,4,134,14.603800009354018,True,4.4165246126937063e-08
lexicographic,ARAS,4,135,14.05079998949077,True,4.4165246126937063e-08
lexicographic,ARAS,4,136,14.12269999855198,True,4.4165246126937063e-08
lexicographic,ARAS,4,137,18.486699991626665,True,4.4165246126937063e-08
lexicographic,ARAS,4,138,25.001400004839525,True,4.4165246126937063e-08
lexicographic,ARAS,4,139,24.14649999991525,True,4.4165246126937063e-08
lexicographic,ARAS,4,140,17.097899995860644,True,4.4165246126937063e-08
lexicographic,ARAS,4,141,16.98719999694731,True,4.4165246126937063e-08
lexicographic,ARAS,4,142,18.923499999800697,True,4.4165246126937063e-08
lexicographic,ARAS,4,143,17.389899992849678,True,4.4165246126937063e-08
lexicographic,ARAS,4,144,17.140199997811578,True,4.4165246126937063e-08
lexicographic,ARAS,4,145,18.38080000015907,True,4.4165246126937063e-08
lexicographic,ARAS,4,146,17.306099995039403,True,4.4165246126937063e-08
lexicographic,ARAS,4,147,17.094399998313747,True,4.4165246126937063e-08
lexicographic,ARAS,4,148,18.232899994472973,True,4.4165246126937063e-08
lexicographic,ARAS,4,149,15.58639999711886,True,4.4165246126937063e-08
lexicographic,ARAS,4,150,14.196399992215447,True,4.4165246126937063e-08
lexicographic,ARAS,4,151,13.492600002791733,True,4.4165246126937063e-08
lexicographic,ARAS,4,152,13.25810000707861,True,4.4165246126937063e-08
lexicographic,ARAS,4,153,16.451100003905594,True,4.4165246126937063e-08
lexicographic,ARAS,4,154,19.422299999860115,True,4.4165246126937063e-08
lexicographic,ARAS,4,155,24.399599991738796,True,4.4165246126937063e-08
lexicographic,ARAS,4,156,17.646000007516704,True,4.4165246126937063e-08
lexicographic,ARAS,4,157,16.038399990065955,True,4.4165246126937063e-08
lexicographic,ARAS,4,158,16.73470000969246,True,4.4165246126937063e-08
lexicographic,ARAS,4,159,17.743799995514564,True,4.4165246126937063e-08
lexicographic,ARAS,4,160,18.462099993485026,True,4.4165246126937063e-08
lexicographic,ARAS,4,161,17.731699990690686,True,4.4165246126937063e-08
lexicographic,ARAS,4,162,17.14199999696575,True,4.4165246126937063e-08
lexicographic,ARAS,4,163,16.287099992041476,True,4.4165246126937063e-08
lexicographic,ARAS,4,164,21.662500003003515,True,4.4165246126937063e-08
lexicographic,ARAS,4,165,20.84469998953864,True,4.4165246126937063e-08
lexicographic,ARAS,4,166,21.052399999462068,True,4.4165246126937063e-08
lexicographic,ARAS,4,167,17.549200012581423,True,4.4165246126937063e-08
lexicographic,ARAS,4,168,18.229199995403178,True,4.4165246126937063e-08
lexicographic,ARAS,4,169,18.866499987780116,True,4.4165246126937063e-08
lexicographic,ARAS,4,170,17.631900002015755,True,4.4165246126937063e-08
lexicographic,ARAS,4,171,15.15230000950396,True,4.4165246126937063e-08
lexicographic,ARAS,4,172,14.143799999146722,True,4.4165246126937063e-08
lexicographic,ARAS,4,173,14.293300002464093,True,4.4165246126937063e-08
lexicographic,ARAS,4,174,15.262800006894395,True,4.4165246126937063e-08
lexicographic,ARAS,4,175,18.761500003165565,True,4.4165246126937063e-08
lexicographic,ARAS,4,176,19.09100000921171,True,4.4165246126937063e-08
lexicographic,ARAS,4,177,16.073000006144866,True,4.4165246126937063e-08
lexicographic,ARAS,4,178,14.525899998261593,True,4.4165246126937063e-08
lexicographic,ARAS,4,179,14.370600008987822,True,4.4165246126937063e-08
lexicographic,ARAS,4,180,14.543199999025092,True,4.4165246126937063e-08
lexicographic,ARAS,4,181,22.60989999922458,True,4.4165246126937063e-08
lexicographic,ARAS,4,182,20.850200002314523,True,4.4165246126937063e-08
lexicographic,ARAS,4,183,19.775599997956306,True,4.4165246126937063e-08
lexicographic,ARAS,4,184,16.794300012406893,True,4.4165246126937063e-08
lexicographic,ARAS,4,185,17.510000005131587,True,4.4165246126937063e-08
lexicographic,ARAS,4,186,18.241600002511404,True,4.4165246126937063e-08
lexicographic,ARAS,4,187,19.783599986112677,True,4.4165246126937063e-08
lexicographic,ARAS,4,188,17.024899992975406,True,4.4165246126937063e-08
lexicographic,ARAS,4,189,15.98270000249613,True,4.4165246126937063e-08
lexicographic,ARAS,4,190,14.751399998203851,True,4.4165246126937063e-08
lexicographic,ARAS,4,191,17.176499997731298,True,4.4165246126937063e-08
lexicographic,ARAS,4,192,21.40789999975823,True,4.4165246126937063e-08
lexicographic,ARAS,4,193,17.931499998667277,True,4.4165246126937063e-08
lexicographic,ARAS,4,194,15.641700010746717,True,4.4165246126937063e-08
lexicographic,ARAS,4,195,14.472700000624172,True,4.4165246126937063e-08
lexicographic,ARAS,4,196,14.44719999562949,True,4.4165246126937063e-08
lexicographic,ARAS,4,197,20.28779999818653,True,4.4165246126937063e-08
lexicographic,ARAS,4,198,22.466700000222772,True,4.4165246126937063e-08
lexicographic,ARAS,4,199,19.981699995696545,True,4.4165246126937063e-08
lexicographic,WASPAS,4,0,19.59559999522753,True,3.037164997277131e-08
lexicographic,WASPAS,4,1,17.95500000298489,True,3.037164997277131e-08
lexicographic,WASPAS,4,2,12.646000002860092,True,3.037164997277131e-08
lexicographic,WASPAS,4,3,9.13109999964945,True,3.037164997277131e-08
lexicographic,WASPAS,4,4,10.343700007069856,True,3.037164997277131e-08
lexicographic,WASPAS,4,5,9.60760000452865,True,3.037164997277131e-08
lexicographic,WASPAS,4,6,15.618600009474903,True,3.037164997277131e-08
lexicographic,WASPAS,4,7,16.66109998768661,True,3.037164997277131e-08
lexicographic,WASPAS,4,8,19.473699998343363,True,3.037164997277131e-08
lexicographic,WASPAS,4,9,17.491500009782612,True,3.037164997277131e-08
lexicographic,WASPAS,4,10,15.191500002401881,True,3.037164997277131e-08
lexicographic,WASPAS,4,11,14.54800000647083,True,3.037164997277131e-08
lexicographic,WASPAS,4,12,14.400100000784732,True,3.037164997277131e-08
lexicographic,WASPAS,4,13,23.233299987623468,True,3.037164997277131e-08
lexicographic,WASPAS,4,14,21.85540000209585,True,3.037164997277131e-08
lexicographic,WASPAS,4,15,21.301400003721938,True,3.037164997277131e-08
lexicographic,WASPAS,4,16,17.938100005267188,True,3.037164997277131e-08
lexicographic,WASPAS,4,17,15.868999995291233,True,3.037164997277131e-08
lexicographic,WASPAS,4,18,17.547199997352436,True,3.037164997277131e-08
lexicographic,WASPAS,4,19,17.351100002997555,True,3.037164997277131e-08
lexicographic,WASPAS,4,20,15.453400003025308,True,3.037164997277131e-08
lexicographic,WASPAS,4,21,14.924700008123182,True,3.037164997277131e-08
lexicographic,WASPAS,4,22,14.765200001420453,True,3.037164997277131e-08
lexicographic,WASPAS,4,23,15.35689999582246,True,3.037164997277131e-08
lexicographic,WASPAS,4,24,20.636600005673245,True,3.037164997277131e-08
lexicographic,WASPAS,4,25,25.22740000858903,True,3.037164997277131e-08
lexicographic,WASPAS,4,26,22.22539999638684,True,3.037164997277131e-08
lexicographic,WASPAS,4,27,16.62160000705626,True,3.037164997277131e-08
lexicographic,WASPAS,4,28,17.884899993077852,True,3.037164997277131e-08
lexicographic,WASPAS,4,29,18.288700011908077,True,3.037164997277131e-08
lexicographic,WASPAS,4,30,15.871600000537,True,3.037164997277131e-08
lexicographic,WASPAS,4,31,16.253099995083176,True,3.037164997277131e-08
lexicographic,WASPAS,4,32,14.67009999032598,True,3.037164997277131e-08
lexicographic,WASPAS,4,33,13.543100008973852,True,3.037164997277131e-08
lexicographic,WASPAS,4,34,15.33529999142047,True,3.037164997277131e-08
lexicographic,WASPAS,4,35,19.662399994558655,True,3.037164997277131e-08
lexicographic,WASPAS,4,36,16.070900004706345,True,3.037164997277131e-08
lexicographic,WASPAS,4,37,14.195800002198666,True,3.037164997277131e-08
lexicographic,WASPAS,4,38,15.103300000191666,True,3.037164997277131e-08
lexicographic,WASPAS,4,39,14.114399993559346,True,3.037164997277131e-08
lexicographic,WASPAS,4,40,15.33539999218192,True,3.037164997277131e-08
lexicographic,WASPAS,4,41,19.722299999557436,True,3.037164997277131e-08
lexicographic,WASPAS,4,42,27.52580000378657,True,3.037164997277131e-08
lexicographic,WASPAS,4,43,17.953999995370395,True,3.037164997277131e-08
lexicographic,WASPAS,4,44,18.4125999949174,True,3.037164997277131e-08
lexicographic,WASPAS,4,45,18.5710000077961,True,3.037164997277131e-08
lexicographic,WASPAS,4,46,18.314000000827946,True,3.037164997277131e-08
lexicographic,WASPAS,4,47,13.002099993173033,True,3.037164997277131e-08
lexicographic,WASPAS,4,48,10.742800004663877,True,3.037164997277131e-08
lexicographic,WASPAS,4,49,14.107399998465553,True,3.037164997277131e-08
lexicographic,WASPAS,4,50,15.274299992597662,True,3.037164997277131e-08
lexicographic,WASPAS,4,51,16.17919999989681,True,3.037164997277131e-08
lexicographic,WASPAS,4,52,18.20380000572186,True,3.037164997277131e-08
lexicographic,WASPAS,4,53,16.88789999752771,True,3.037164997277131e-08
lexicographic,WASPAS,4,54,15.31970000360161,True,3.037164997277131e-08
lexicographic,WASPAS,4,55,14.716199992108159,True,3.037164997277131e-08
lexicographic,WASPAS,4,56,14.35969999874942,True,3.037164997277131e-08
lexicographic,WASPAS,4,57,15.726899990113452,True,3.037164997277131e-08
lexicographic,WASPAS,4,58,24.46080000663642,True,3.037164997277131e-08
lexicographic,WASPAS,4,59,23.582199995871633,True,3.037164997277131e-08
lexicographic,WASPAS,4,60,18.050500002573244,True,3.037164997277131e-08
lexicographic,WASPAS,4,61,16.51970000239089,True,3.037164997277131e-08
lexicographic,WASPAS,4,62,18.280899996170774,True,3.037164997277131e-08
lexicographic,WASPAS,4,63,20.196099998429418,True,3.037164997277131e-08
lexicographic,WASPAS,4,64,17.554999998537824,True,3.037164997277131e-08
lexicographic,WASPAS,4,65,15.30629998887889,True,3.037164997277131e-08
lexicographic,WASPAS,4,66,14.644499999121763,True,3.037164997277131e-08
lexicographic,WASPAS,4,67,13.674699992407113,True,3.037164997277131e-08
lexicographic,WASPAS,4,68,16.156300000147894,True,3.037164997277131e-08
lexicographic,WASPAS,4,69,19.23989999340847,True,3.037164997277131e-08
lexicographic,WASPAS,4,70,19.73720001114998,True,3.037164997277131e-08
lexicographic,WASPAS,4,71,22.63150000362657,True,3.037164997277131e-08
lexicographic,WASPAS,4,72,19.357199998921715,True,3.037164997277131e-08
lexicographic,WASPAS,4,73,19.989499996881932,True,3.037164997277131e-08
lexicographic,WASPAS,4,74,24.38060000713449,True,3.037164997277131e-08
lexicographic,WASPAS,4,75,23.430800007190555,True,3.037164997277131e-08
lexicographic,WASPAS,4,76,18.689999997150153,True,3.037164997277131e-08
lexicographic,WASPAS,4,77,18.197600002167746,True,3.037164997277131e-08
lexicographic,WASPAS,4,78,21.43409999553114,True,3.037164997277131e-08
lexicographic,WASPAS,4,79,19.96809999400284,True,3.037164997277131e-08
lexicographic,WASPAS,4,80,18.25410001038108,True,3.037164997277131e-08
lexicographic,WASPAS,4,81,17.51700000022538,True,3.037164997277131e-08
lexicographic,WASPAS,4,82,17.547199997352436,True,3.037164997277131e-08
lexicographic,WASPAS,4,83,25.72360000340268,True,3.037164997277131e-08
lexicographic,WASPAS,4,84,30.269500013673678,True,3.037164997277131e-08
lexicographic,WASPAS,4,85,21.413599999505095,True,3.037164997277131e-08
lexicographic,WASPAS,4,86,18.62650000839494,True,3.037164997277131e-08
lexicographic,WASPAS,4,87,18.284899997524917,True,3.037164997277131e-08
lexicographic,WASPAS,4,88,16.70409999496769,True,3.037164997277131e-08
lexicographic,WASPAS,4,89,14.65019999886863,True,3.037164997277131e-08
lexicographic,WASPAS,4,90,14.5248999906471,True,3.037164997277131e-08
lexicographic,WASPAS,4,91,13.755799998762086,True,3.037164997277131e-08
lexicographic,WASPAS,4,92,15.312200004700571,True,3.037164997277131e-08
lexicographic,WASPAS,4,93,21.07869999599643,True,3.037164997277131e-08
lexicographic,WASPAS,4,94,18.118899999535643,True,3.037164997277131e-08
lexicographic,WASPAS,4,95,15.102600009413436,True,3.037164997277131e-08
lexicographic,WASPAS,4,96,14.37669999722857,True,3.037164997277131e-08
lexicographic,WASPAS,4,97,13.89660000859294,True,3.037164997277131e-08
lexicographic,WASPAS,4,98,17.87549999426119,True,3.037164997277131e-08
lexicographic,WASPAS,4,99,23.916099991765805,True,3.037164997277131e-08
lexicographic,WASPAS,4,100,24.930900006438605,True,3.037164997277131e-08
lexicographic,WASPAS,4,101,16.996599995763972,True,3.037164997277131e-08
lexicographic,WASPAS,4,102,16.432399992481805,True,3.037164997277131e-08
lexicographic,WASPAS,4,103,17.100400000344962,True,3.037164997277131e-08
lexicographic,WASPAS,4,104,16.81559999997262,True,3.037164997277131e-08
lexicographic,WASPAS,4,105,15.251000004354864,True,3.037164997277131e-08
lexicographic,WASPAS,4,106,9.161800000583753,True,3.037164997277131e-08
lexicographic,WASPAS,4,107,12.177599986898713,True,3.037164997277131e-08
lexicographic,WASPAS,4,108,14.780900004552677,True,3.037164997277131e-08
lexicographic,WASPAS,4,109,14.634599996497855,True,3.037164997277131e-08
lexicographic,WASPAS,4,110,19.41100000112783,True,3.037164997277131e-08
lexicographic,WASPAS,4,111,20.671299993409775,True,3.037164997277131e-08
lexicographic,WASPAS,4,112,20.844500002567656,True,3.037164997277131e-08
lexicographic,WASPAS,4,113,18.800999998347834,True,3.037164997277131e-08
lexicographic,WASPAS,4,114,18.333100000745617,True,3.037164997277131e-08
lexicographic,WASPAS,4,115,17.89170000120066,True,3.037164997277131e-08
lexicographic,WASPAS,4,116,17.005999994580634,True,3.037164997277131e-08
lexicographic,WASPAS,4,117,15.61230000515934,True,3.037164997277131e-08
lexicographic,WASPAS,4,118,14.800199991441332,True,3.037164997277131e-08
lexicographic,WASPAS,4,119,14.816599999903701,True,3.037164997277131e-08
lexicographic,WASPAS,4,120,15.156199995544739,True,3.037164997277131e-08
lexicographic,WASPAS,4,121,18.032899999525398,True,3.037164997277131e-08
lexicographic,WASPAS,4,122,16.859400013345294,True,3.037164997277131e-08
lexicographic,WASPAS,4,123,14.428000009502284,True,3.037164997277131e-08
lexicographic,WASPAS,4,124,13.51299999805633,True,3.037164997277131e-08
lexicographic,WASPAS,4,125,13.59729999967385,True,3.037164997277131e-08
lexicographic,WASPAS,4,126,13.06040000054054,True,3.037164997277131e-08
lexicographic,WASPAS,4,127,17.336999997496605,True,3.037164997277131e-08
lexicographic,WASPAS,4,128,26.150999998208135,True,3.037164997277131e-08
lexicographic,WASPAS,4,129,23.106200009351596,True,3.037164997277131e-08
lexicographic,WASPAS,4,130,18.536699994001538,True,3.037164997277131e-08
lexicographic,WASPAS,4,131,16.029799997340888,True,3.037164997277131e-08
lexicographic,WASPAS,4,132,17.53699999244418,True,3.037164997277131e-08
lexicographic,WASPAS,4,133,17.175899993162602,True,3.037164997277131e-08
lexicographic,WASPAS,4,134,15.106100006960332,True,3.037164997277131e-08
lexicographic,WASPAS,4,135,13.816399994539097,True,3.037164997277131e-08
lexicographic,WASPAS,4,136,13.476399995852262,True,3.037164997277131e-08
lexicographic,WASPAS,4,137,8.750799999688752,True,3.037164997277131e-08
lexicographic,WASPAS,4,138,13.036700009251945,True,3.037164997277131e-08
lexicographic,WASPAS,4,139,21.89879999787081,True,3.037164997277131e-08
lexicographic,WASPAS,4,140,20.002200006274506,True,3.037164997277131e-08
lexicographic,WASPAS,4,141,17.746299999998882,True,3.037164997277131e-08
lexicographic,WASPAS,4,142,15.788600008818321,True,3.037164997277131e-08
lexicographic,WASPAS,4,143,14.06719999795314,True,3.037164997277131e-08
lexicographic,WASPAS,4,144,18.44810000329744,True,3.037164997277131e-08
lexicographic,WASPAS,4,145,21.407199994428083,True,3.037164997277131e-08
lexicographic,WASPAS,4,146,21.48910000687465,True,3.037164997277131e-08
lexicographic,WASPAS,4,147,16.683599998941645,True,3.037164997277131e-08
lexicographic,WASPAS,4,148,14.629600002081133,True,3.037164997277131e-08
lexicographic,WASPAS,4,149,17.690699998638593,True,3.037164997277131e-08
lexicographic,WASPAS,4,150,20.103399991057813,True,3.037164997277131e-08
lexicographic,WASPAS,4,151,17.512200007331558,True,3.037164997277131e-08
lexicographic,WASPAS,4,152,17.417399998521432,True,3.037164997277131e-08
lexicographic,WASPAS,4,153,16.231400004471652,True,3.037164997277131e-08
lexicographic,WASPAS,4,154,14.587500001653098,True,3.037164997277131e-08
lexicographic,WASPAS,4,155,17.944200008059852,True,3.037164997277131e-08
lexicographic,WASPAS,4,156,18.02730000053998,True,3.037164997277131e-08
lexicographic,WASPAS,4,157,17.718400005833246,True,3.037164997277131e-08
lexicographic,WASPAS,4,158,19.954000003053807,True,3.037164997277131e-08
lexicographic,WASPAS,4,159,8.988699992187321,True,3.037164997277131e-08
lexicographic,WASPAS,4,160,13.625200008391403,True,3.037164997277131e-08
lexicographic,WASPAS,4,161,21.066600005724467,True,3.037164997277131e-08
lexicographic,WASPAS,4,162,22.325800004182383,True,3.037164997277131e-08
lexicographic,WASPAS,4,163,19.758400012506172,True,3.037164997277131e-08
lexicographic,WASPAS,4,164,16.77400000335183,True,3.037164997277131e-08
lexicographic,WASPAS,4,165,16.19860000209883,True,3.037164997277131e-08
lexicographic,WASPAS,4,166,19.04320000903681,True,3.037164997277131e-08
lexicographic,WASPAS,4,167,18.33259999693837,True,3.037164997277131e-08
lexicographic,WASPAS,4,168,15.758499997900799,True,3.037164997277131e-08
lexicographic,WASPAS,4,169,14.412500007892959,True,3.037164997277131e-08
lexicographic,WASPAS,4,170,14.265399993746541,True,3.037164997277131e-08
lexicographic,WASPAS,4,171,15.097199997399002,True,3.037164997277131e-08
lexicographic,WASPAS,4,172,18.895999994128942,True,3.037164997277131e-08
lexicographic,WASPAS,4,173,20.403399990755133,True,3.037164997277131e-08
lexicographic,WASPAS,4,174,18.39720000862144,True,3.037164997277131e-08
lexicographic,WASPAS,4,175,18.67810000840109,True,3.037164997277131e-08
lexicographic,WASPAS,4,176,16.76460000453517,True,3.037164997277131e-08
lexicographic,WASPAS,4,177,19.143499986967072,True,3.037164997277131e-08
lexicographic,WASPAS,4,178,20.088000004761852,True,3.037164997277131e-08
lexicographic,WASPAS,4,179,18.71239999309182,True,3.037164997277131e-08
lexicographic,WASPAS,4,180,16.980999993393198,True,3.037164997277131e-08
lexicographic,WASPAS,4,181,15.205899995635264,True,3.037164997277131e-08
lexicographic,WASPAS,4,182,17.170399994938634,True,3.037164997277131e-08
lexicographic,WASPAS,4,183,16.952199992374517,True,3.037164997277131e-08
lexicographic,WASPAS,4,184,15.441800002008677,True,3.037164997277131e-08
lexicographic,WASPAS,4,185,16.02229999843985,True,3.037164997277131e-08
lexicographic,WASPAS,4,186,14.750299989827909,True,3.037164997277131e-08
lexicographic,WASPAS,4,187,13.859400001820177,True,3.037164997277131e-08
lexicographic,WASPAS,4,188,18.917499997769482,True,3.037164997277131e-08
lexicographic,WASPAS,4,189,19.00470000691712,True,3.037164997277131e-08
lexicographic,WASPAS,4,190,17.428599996492267,True,3.037164997277131e-08
lexicographic,WASPAS,4,191,15.931000001728535,True,3.037164997277131e-08
lexicographic,WASPAS,4,192,16.46799998707138,True,3.037164997277131e-08
lexicographic,WASPAS,4,193,17.5421999883838,True,3.037164997277131e-08
lexicographic,WASPAS,4,194,19.976499999756925,True,3.037164997277131e-08
lexicographic,WASPAS,4,195,20.71379999688361,True,3.037164997277131e-08
lexicographic,WASPAS,4,196,18.554599999333732,True,3.037164997277131e-08
lexicographic,WASPAS,4,197,16.49330000509508,True,3.037164997277131e-08
lexicographic,WASPAS,4,198,15.702399992733262,True,3.037164997277131e-08
lexicographic,WASPAS,4,199,19.52539999911096,True,3.037164997277131e-08
lexicographic,RTOPSIS,7,0,26.940299998386763,True,2.7836176275108926e-07
lexicographic,RTOPSIS,7,1,22.923700002138503,True,2.7836176275108926e-07
lexicographic,RTOPSIS,7,2,20.17659999546595,True,2.7836176275108926e-07
lexicographic,RTOPSIS,7,3,18.28209999075625,True,2.7836176275108926e-07
lexicographic,RTOPSIS,7,4,16.830400010803714,True,2.7836176275108926e-07
lexicographic,RTOPSIS,7,5,16.734899996663444,True,2.7836176275108926e-07
lexicographic,RTOPSIS,7,6,16.762700004619546,True,2.7836176275108926e-07
lexicographic,RTOPSIS,7,7,20.543399994494393,True,2.7836176275108926e-07
lexicographic,RTOPSIS,7,8,18.88239999243524,True,2.7836176275108926e-07
lexicographic,RTOPSIS,7,9,16.204200001084246,True,2.7836176275108926e-07
lexicographic,RTOPSIS,7,10,15.611000009812415,True,2.7836176275108926e-07
lexicographic,RTOPSIS,7,11,19.519399997079745,True,2.7836176275108926e-07
lexicographic,RTOPSIS,7,12,22.191800002474338,True,2.7836176275108926e-07
lexicographic,RTOPSIS,7,13,28.1025000003865,True,2.7836176275108926e-07
lexicographic,RTOPSIS,7,14,23.882199995568953,True,2.7836176275108926e-07
lexicographic,RTOPSIS,7,15,19.513300008838996,True,2.7836176275108926e-07
lexicographic,RTOPSIS,7,16,20.378399989567697,True,2.7836176275108926e-07
lexicographic,RTOPSIS,7,17,19.804199997452088,True,2.7836176275108926e-07
lexicographic,RTOPSIS,7,18,17.39530000486411,True,2.7836176275108926e-07
lexicographic,RTOPSIS,7,19,16.71630000055302,True,2.7836176275108926e-07
lexicographic,RTOPSIS,7,20,16.525400002137758,True,2.7836176275108926e-07
lexicographic,RTOPSIS,7,21,18.870800005970523,True,2.7836176275108926e-07
lexicographic,RTOPSIS,7,22,22.68239999830257,True,2.7836176275108926e-07
lexicographic,RTOPSIS,7,23,19.676399999298155,True,2.7836176275108926e-07
lexicographic,RTOPSIS,7,24,18.309999999473803,True,2.7836176275108926e-07
lexicographic,RTOPSIS,7,25,19.31269999477081,True,2.7836176275108926e-07
lexicographic,RTOPSIS,7,26,23.79179999115877,True,2.7836176275108926e-07
lexicographic,RTOPSIS,7,27,26.90240000083577,True,2.7836176275108926e-07
lexicographic,RTOPSIS,7,28,23.933500007842667,True,2.7836176275108926e-07
lexicographic,RTOPSIS,7,29,20.114300001296215,True,2.7836176275108926e-07
lexicographic,RTOPSIS,7,30,20.99679999810178,True,2.7836176275108926e-07
lexicographic,RTOPSIS,7,31,21.13570000801701,True,2.7836176275108926e-07
lexicographic,RTOPSIS,7,32,18.506700012949295,True,2.7836176275108926e-07
lexicographic,RTOPSIS,7,33,17.169200000353158,True,2.7836176275108926e-07
lexicographic,RTOPSIS,7,34,16.23710000421852,True,2.7836176275108926e-07
lexicographic,RTOPSIS,7,35,18.42690000194125,True,2.7836176275108926e-07
lexicographic,RTOPSIS,7,36,24.379700000281446,True,2.7836176275108926e-07
lexicographic,RTOPSIS,7,37,20.13289999740664,True,2.7836176275108926e-07
lexicographic,RTOPSIS,7,38,17.49490000656806,True,2.7836176275108926e-07
lexicographic,RTOPSIS,7,39,16.955099999904633,True,2.7836176275108926e-07
lexicographic,RTOPSIS,7,40,25.719800003571436,True,2.7836176275108926e-07
lexicographic,RTOPSIS,7,41,25.71420000458602,True,2.7836176275108926e-07
lexicographic,RTOPSIS,7,42,25.82760000950657,True,2.7836176275108926e-07
lexicographic,RTOPSIS,7,43,18.8549000013154,True,2.7836176275108926e-07
lexicographic,RTOPSIS,7,44,19.16250000067521,True,2.7836176275108926e-07
lexicographic,RTOPSIS,7,45,21.016099999542348,True,2.7836176275108926e-07
lexicographic,RTOPSIS,7,46,17.690699998638593,True,2.7836176275108926e-07
lexicographic,RTOPSIS,7,47,16.398199994000606,True,2.7836176275108926e-07
lexicographic,RTOPSIS,7,48,16.605100012384355,True,2.7836176275108926e-07
lexicographic,RTOPSIS,7,49,18.725999994785525,True,2.7836176275108926e-07
lexicographic,RTOPSIS,7,50,23.471500011510216,True,2.7836176275108926e-07
lexicographic,RTOPSIS,7,51,21.560799999861047,True,2.7836176275108926e-07
lexicographic,RTOPSIS,7,52,18.699499996728264,True,2.7836176275108926e-07
lexicographic,RTOPSIS,7,53,16.746300010709092,True,2.7836176275108926e-07
lexicographic,RTOPSIS,7,54,21.35719999205321,True,2.7836176275108926e-07
lexicographic,RTOPSIS,7,55,25.14789999986533,True,2.7836176275108926e-07
lexicographic,RTOPSIS,7,56,24.975799999083392,True,2.7836176275108926e-07
lexicographic,RTOPSIS,7,57,20.266500010620803,True,2.7836176275108926e-07
lexicographic,RTOPSIS,7,58,19.015899990336038,True,2.7836176275108926e-07
lexicographic,RTOPSIS,7,59,21.941699989838526,True,2.7836176275108926e-07
lexicographic,RTOPSIS,7,60,20.736399994348176,True,2.7836176275108926e-07
lexicographic,RTOPSIS,7,61,20.904300006804988,True,2.7836176275108926e-07
lexicographic,RTOPSIS,7,62,21.822100010467693,True,2.7836176275108926e-07
lexicographic,RTOPSIS,7,63,20.683099995949306,True,2.7836176275108926e-07
lexicographic,RTOPSIS,7,64,22.904599987668917,True,2.7836176275108926e-07
lexicographic,RTOPSIS,7,65,18.75020000443328,True,2.7836176275108926e-07
lexicographic,RTOPSIS,7,66,17.01619999948889,True,2.7836176275108926e-07
lexicographic,RTOPSIS,7,67,16.53459999943152,True,2.7836176275108926e-07
lexicographic,RTOPSIS,7,68,31.347600001026876,True,2.7836176275108926e-07
lexicographic,RTOPSIS,7,69,27.3824999894714,True,2.7836176275108926e-07
lexicographic,RTOPSIS,7,70,21.624000000883825,True,2.7836176275108926e-07
lexicographic,RTOPSIS,7,71,18.00720000755973,True,2.7836176275108926e-07
lexicographic,RTOPSIS,7,72,21.216199995251372,True,2.7836176275108926e-07
lexicographic,RTOPSIS,7,73,22.202499996637926,True,2.7836176275108926e-07
lexicographic,RTOPSIS,7,74,20.404299997608177,True,2.7836176275108926e-07
lexicographic,RTOPSIS,7,75,18.394399987300858,True,2.7836176275108926e-07
lexicographic,RTOPSIS,7,76,17.93480000924319,True,2.7836176275108926e-07
lexicographic,RTOPSIS,7,77,26.553600007900968,True,2.7836176275108926e-07
lexicographic,RTOPSIS,7,78,28.86380000563804,True,2.7836176275108926e-07
lexicographic,RTOPSIS,7,79,22.35730001120828,True,2.7836176275108926e-07
lexicographic,RTOPSIS,7,80,22.364400007063523,True,2.7836176275108926e-07
lexicographic,RTOPSIS,7,81,22.991399993770756,True,2.7836176275108926e-07
lexicographic,RTOPSIS,7,82,20.19490000384394,True,2.7836176275108926e-07
lexicographic,RTOPSIS,7,83,20.74329998868052,True,2.7836176275108926e-07
lexicographic,RTOPSIS,7,84,19.11189999373164,True,2.7836176275108926e-07
lexicographic,RTOPSIS,7,85,20.192099997075275,True,2.7836176275108926e-07
lexicographic,RTOPSIS,7,86,20.639599999412894,True,2.7836176275108926e-07
lexicographic,RTOPSIS,7,87,17.206000004080124,True,2.7836176275108926e-07
lexicographic,RTOPSIS,7,88,19.100000004982576,True,2.7836176275108926e-07
lexicographic,RTOPSIS,7,89,18.183399995905347,True,2.7836176275108926e-07
lexicographic,RTOPSIS,7,90,24.606199993286282,True,2.7836176275108926e-07
lexicographic,RTOPSIS,7,91,28.07319999556057,True,2.7836176275108926e-07
lexicographic,RTOPSIS,7,92,24.003599988645874,True,2.7836176275108926e-07
lexicographic,RTOPSIS,7,93,20.522500009974465,True,2.7836176275108926e-07
lexicographic,RTOPSIS,7,94,20.627599995350465,True,2.7836176275108926e-07
lexicographic,RTOPSIS,7,95,21.750200001406483,True,2.7836176275108926e-07
lexicographic,RTOPSIS,7,96,23.630499999853782,True,2.7836176275108926e-07
lexicographic,RTOPSIS,7,97,19.88359999086242,True,2.7836176275108926e-07
lexicographic,RTOPSIS,7,98,20.32530000724364,True,2.7836176275108926e-07
lexicographic,RTOPSIS,7,99,26.295899995602667,True,2.7836176275108926e-07
lexicographic,RTOPSIS,7,100,33.186300002853386,True,2.7836176275108926e-07
lexicographic,RTOPSIS,7,101,35.98349999811035,True,2.7836176275108926e-07
lexicographic,RTOPSIS,7,102,34.68090000387747,True,2.7836176275108926e-07
lexicographic,RTOPSIS,7,103,26.902900004643016,True,2.7836176275108926e-07
lexicographic,RTOPSIS,7,104,24.365499994019046,True,2.7836176275108926e-07
lexicographic,RTOPSIS,7,105,26.664699995308183,True,2.7836176275108926e-07
lexicographic,RTOPSIS,7,106,25.805299999774434,True,2.7836176275108926e-07
lexicographic,RTOPSIS,7,107,20.06779999646824,True,2.7836176275108926e-07
lexicographic,RTOPSIS,7,108,20.112799989874475,True,2.7836176275108926e-07
lexicographic,RTOPSIS,7,109,19.852299999911338,True,2.7836176275108926e-07
lexicographic,RTOPSIS,7,110,21.544599992921576,True,2.7836176275108926e-07
lexicographic,RTOPSIS,7,111,21.86039999651257,True,2.7836176275108926e-07
lexicographic,RTOPSIS,7,112,22.771399992052466,True,2.7836176275108926e-07
lexicographic,RTOPSIS,7,113,20.56540000194218,True,2.7836176275108926e-07
lexicographic,RTOPSIS,7,114,22.550599998794496,True,2.7836176275108926e-07
lexicographic,RTOPSIS,7,115,21.57650000299327,True,2.7836176275108926e-07
lexicographic,RTOPSIS,7,116,23.248299999977462,True,2.7836176275108926e-07
lexicographic,RTOPSIS,7,117,23.89140000741463,True,2.7836176275108926e-07
lexicographic,RTOPSIS,7,118,24.720500005059876,True,2.7836176275108926e-07
lexicographic,RTOPSIS,7,119,20.54110000608489,True,2.7836176275108926e-07
lexicographic,RTOPSIS,7,120,20.47889999812469,True,2.7836176275108926e-07
lexicographic,RTOPSIS,7,121,21.881099994061515,True,2.7836176275108926e-07
lexicographic,RTOPSIS,7,122,23.99380000133533,True,2.7836176275108926e-07
lexicographic,RTOPSIS,7,123,29.553699991083704,True,2.7836176275108926e-07
lexicographic,RTOPSIS,7,124,23.666699999012053,True,2.7836176275108926e-07
lexicographic,RTOPSIS,7,125,20.736799997393973,True,2.7836176275108926e-07
lexicographic,RTOPSIS,7,126,22.296399998595007,True,2.7836176275108926e-07
lexicographic,RTOPSIS,7,127,24.870599998394027,True,2.7836176275108926e-07
lexicographic,RTOPSIS,7,128,25.08069999748841,True,2.7836176275108926e-07
lexicographic,RTOPSIS,7,129,22.59159999084659,True,2.7836176275108926e-07
lexicographic,RTOPSIS,7,130,22.975600004428998,True,2.7836176275108926e-07
lexicographic,RTOPSIS,7,131,23.85149999463465,True,2.7836176275108926e-07
lexicographic,RTOPSIS,7,132,20.942899995134212,True,2.7836176275108926e-07
lexicographic,RTOPSIS,7,133,17.749199992977083,True,2.7836176275108926e-07
lexicographic,RTOPSIS,7,134,17.06969999941066,True,2.7836176275108926e-07
lexicographic,RTOPSIS,7,135,23.39060000667814,True,2.7836176275108926e-07
lexicographic,RTOPSIS,7,136,28.438099994673394,True,2.7836176275108926e-07
lexicographic,RTOPSIS,7,137,21.969599998556077,True,2.7836176275108926e-07
lexicographic,RTOPSIS,7,138,20.918299996992573,True,2.7836176275108926e-07
lexicographic,RTOPSIS,7,139,22.09230000153184,True,2.7836176275108926e-07
lexicographic,RTOPSIS,7,140,22.134500002721325,True,2.7836176275108926e-07
lexicographic,RTOPSIS,7,141,21.148800005903468,True,2.7836176275108926e-07
lexicographic,RTOPSIS,7,142,20.153299992671236,True,2.7836176275108926e-07
lexicographic,RTOPSIS,7,143,19.243799994001165,True,2.7836176275108926e-07
lexicographic,RTOPSIS,7,144,25.77569999266416,True,2.7836176275108926e-07
lexicographic,RTOPSIS,7,145,26.389099992229603,True,2.7836176275108926e-07
lexicographic,RTOPSIS,7,146,20.96680000249762,True,2.7836176275108926e-07
lexicographic,RTOPSIS,7,147,18.52889999281615,True,2.7836176275108926e-07
lexicographic,RTOPSIS,7,148,23.138499993365258,True,2.7836176275108926e-07
lexicographic,RTOPSIS,7,149,9.910699998727068,True,2.7836176275108926e-07
lexicographic,RTOPSIS,7,150,8.773699999437667,True,2.7836176275108926e-07
lexicographic,RTOPSIS,7,151,19.473499996820465,True,2.7836176275108926e-07
lexicographic,RTOPSIS,7,152,20.176700010779314,True,2.7836176275108926e-07
lexicographic,RTOPSIS,7,153,19.86179999948945,True,2.7836176275108926e-07
lexicographic,RTOPSIS,7,154,22.72419999644626,True,2.7836176275108926e-07
lexicographic,RTOPSIS,7,155,18.069100013235584,True,2.7836176275108926e-07
lexicographic,RTOPSIS,7,156,20.209499998600222,True,2.7836176275108926e-07
lexicographic,RTOPSIS,7,157,21.058499987702817,True,2.7836176275108926e-07
lexicographic,RTOPSIS,7,158,21.81350000319071,True,2.7836176275108926e-07
lexicographic,RTOPSIS,7,159,28.472999998484738,True,2.7836176275108926e-07
lexicographic,RTOPSIS,7,160,37.614400003803894,True,2.7836176275108926e-07
lexicographic,RTOPSIS,7,161,20.844500002567656,True,2.7836176275108926e-07
lexicographic,RTOPSIS,7,162,21.607699993182905,True,2.7836176275108926e-07
lexicographic,RTOPSIS,7,163,20.5537000001641,True,2.7836176275108926e-07
lexicographic,RTOPSIS,7,164,21.16990000649821,True,2.7836176275108926e-07
lexicographic,RTOPSIS,7,165,18.31109999329783,True,2.7836176275108926e-07
lexicographic,RTOPSIS,7,166,19.60700000927318,True,2.7836176275108926e-07
lexicographic,RTOPSIS,7,167,20.826299994951114,True,2.7836176275108926e-07
lexicographic,RTOPSIS,7,168,18.20249999582302,True,2.7836176275108926e-07
lexicographic,RTOPSIS,7,169,16.770200003520586,True,2.7836176275108926e-07
lexicographic,RTOPSIS,7,170,17.126699996879324,True,2.7836176275108926e-07
lexicographic,RTOPSIS,7,171,21.795599997858517,True,2.7836176275108926e-07
lexicographic,RTOPSIS,7,172,29.04260001378134,True,2.7836176275108926e-07
lexicographic,RTOPSIS,7,173,25.296699997852556,True,2.7836176275108926e-07
lexicographic,RTOPSIS,7,174,19.567000010283664,True,2.7836176275108926e-07
lexicographic,RTOPSIS,7,175,19.54470000055153,True,2.7836176275108926e-07
lexicographic,RTOPSIS,7,176,20.655700005590916,True,2.7836176275108926e-07
lexicographic,RTOPSIS,7,177,18.716100006713532,True,2.7836176275108926e-07
lexicographic,RTOPSIS,7,178,21.770199993625283,True,2.7836176275108926e-07
lexicographic,RTOPSIS,7,179,25.787599995965138,True,2.7836176275108926e-07
lexicographic,RTOPSIS,7,180,22.235800002817996,True,2.7836176275108926e-07
lexicographic,RTOPSIS,7,181,20.9333999955561,True,2.7836176275108926e-07
lexicographic,RTOPSIS,7,182,18.28449999447912,True,2.7836176275108926e-07
lexicographic,RTOPSIS,7,183,17.216499996720813,True,2.7836176275108926e-07
lexicographic,RTOPSIS,7,184,18.39170001039747,True,2.7836176275108926e-07
lexicographic,RTOPSIS,7,185,22.542600010638125,True,2.7836176275108926e-07
lexicographic,RTOPSIS,7,186,25.158999997074716,True,2.7836176275108926e-07
lexicographic,RTOPSIS,7,187,19.45999999588821,True,2.7836176275108926e-07
lexicographic,RTOPSIS,7,188,20.765299996128306,True,2.7836176275108926e-07
lexicographic,RTOPSIS,7,189,20.47449999372475,True,2.7836176275108926e-07
lexicographic,RTOPSIS,7,190,20.4914999922039,True,2.7836176275108926e-07
lexicographic,RTOPSIS,7,191,21.463600001879968,True,2.7836176275108926e-07
lexicographic,RTOPSIS,7,192,22.279299999354407,True,2.7836176275108926e-07
lexicographic,RTOPSIS,7,193,26.517199992667884,True,2.7836176275108926e-07
lexicographic,RTOPSIS,7,194,23.52069999324158,True,2.7836176275108926e-07
lexicographic,RTOPSIS,7,195,22.21589999680873,True,2.7836176275108926e-07
lexicographic,RTOPSIS,7,196,20.864599995547906,True,2.7836176275108926e-07
lexicographic,RTOPSIS,7,197,21.508899997570552,True,2.7836176275108926e-07
lexicographic,RTOPSIS,7,198,21.452300003147684,True,2.7836176275108926e-07
lexicographic,RTOPSIS,7,199,21.68040000833571,True,2.7836176275108926e-07
lexicographic,SAW,7,0,14.056300002266653,True,4.513151132812254e-07
lexicographic,SAW,7,1,14.626999996835366,True,4.513151132812254e-07
lexicographic,SAW,7,2,17.30680000036955,True,4.513151132812254e-07
lexicographic,SAW,7,3,19.81050000176765,True,4.513151132812254e-07
lexicographic,SAW,7,4,16.70130000275094,True,4.513151132812254e-07
lexicographic,SAW,7,5,14.325299998745322,True,4.513151132812254e-07
lexicographic,SAW,7,6,13.415299996268004,True,4.513151132812254e-07
lexicographic,SAW,7,7,16.561599986744113,True,4.513151132812254e-07
lexicographic,SAW,7,8,18.157500002416782,True,4.513151132812254e-07
lexicographic,SAW,7,9,18.7415999971563,True,4.513151132812254e-07
lexicographic,SAW,7,10,18.885600002249703,True,4.513151132812254e-07
lexicographic,SAW,7,11,16.559499999857508,True,4.513151132812254e-07
lexicographic,SAW,7,12,16.96290000109002,True,4.513151132812254e-07
lexicographic,SAW,7,13,18.067099998006597,True,4.513151132812254e-07
lexicographic,SAW,7,14,18.165700006647967,True,4.513151132812254e-07
lexicographic,SAW,7,15,15.661900004488416,True,4.513151132812254e-07
lexicographic,SAW,7,16,14.354700004332699,True,4.513151132812254e-07
lexicographic,SAW,7,17,14.732099996763282,True,4.513151132812254e-07
lexicographic,SAW,7,18,15.480699992622249,True,4.513151132812254e-07
lexicographic,SAW,7,19,18.634599997312762,True,4.513151132812254e-07
lexicographic,SAW,7,20,22.774800003389828,True,4.513151132812254e-07
lexicographic,SAW,7,21,21.95429999846965,True,4.513151132812254e-07
lexicographic,SAW,7,22,17.254599995794706,True,4.513151132812254e-07
lexicographic,SAW,7,23,18.193399999290705,True,4.513151132812254e-07
lexicographic,SAW,7,24,18.814700000802986,True,4.513151132812254e-07
lexicographic,SAW,7,25,16.82299999811221,True,4.513151132812254e-07
lexicographic,SAW,7,26,9.42139999824576,True,4.513151132812254e-07
lexicographic,SAW,7,27,7.396999993943609,True,4.513151132812254e-07
lexicographic,SAW,7,28,9.438299995963462,True,4.513151132812254e-07
lexicographic,SAW,7,29,9.856800010311417,True,4.513151132812254e-07
lexicographic,SAW,7,30,9.466100003919564,True,4.513151132812254e-07
lexicographic,SAW,7,31,14.194900009897538,True,4.513151132812254e-07
lexicographic,SAW,7,32,19.17850000609178,True,4.513151132812254e-07
lexicographic,SAW,7,33,16.015699991839938,True,4.513151132812254e-07
lexicographic,SAW,7,34,14.242799996281974,True,4.513151132812254e-07
lexicographic,SAW,7,35,17.616800003452227,True,4.513151132812254e-07
lexicographic,SAW,7,36,14.182500002789311,True,4.513151132812254e-07
lexicographic,SAW,7,37,14.572000000043772,True,4.513151132812254e-07
lexicographic,SAW,7,38,18.94539999193512,True,4.513151132812254e-07
lexicographic,SAW,7,39,23.096600009012036,True,4.513151132812254e-07
lexicographic,SAW,7,40,19.034100012504496,True,4.513151132812254e-07
lexicographic,SAW,7,41,16.829899992444552,True,4.513151132812254e-07
lexicographic,SAW,7,42,16.084000002592802,True,4.513151132812254e-07
lexicographic,SAW,7,43,17.06650000414811,True,4.513151132812254e-07
lexicographic,SAW,7,44,16.716700003598817,True,4.513151132812254e-07
lexicographic,SAW,7,45,15.587000001687557,True,4.513151132812254e-07
lexicographic,SAW,7,46,15.118600000278093,True,4.513151132812254e-07
lexicographic,SAW,7,47,14.118200007942505,True,4.513151132812254e-07
lexicographic,SAW,7,48,14.588899997761473,True,4.513151132812254e-07
lexicographic,SAW,7,49,20.10330000484828,True,4.513151132812254e-07
lexicographic,SAW,7,50,18.073800005367957,True,4.513151132812254e-07
lexicographic,SAW,7,51,15.640199999324977,True,4.513151132812254e-07
lexicographic,SAW,7,52,15.800699999090284,True,4.513151132812254e-07
lexicographic,SAW,7,53,14.518600000883453,True,4.513151132812254e-07
lexicographic,SAW,7,54,16.768500005127862,True,4.513151132812254e-07
lexicographic,SAW,7,55,21.61060000071302,True,4.513151132812254e-07
lexicographic,SAW,7,56,22.585300001082942,True,4.513151132812254e-07
lexicographic,SAW,7,57,20.31790000910405,True,4.513151132812254e-07
lexicographic,SAW,7,58,16.54870000493247,True,4.513151132812254e-07
lexicographic,SAW,7,59,16.178199992282316,True,4.513151132812254e-07
lexicographic,SAW,7,60,17.26720000442583,True,4.513151132812254e-07
lexicographic,SAW,7,61,15.995000008842908,True,4.513151132812254e-07
lexicographic,SAW,7,62,14.189299996360205,True,4.513151132812254e-07
lexicographic,SAW,7,63,13.577499994426034,True,4.513151132812254e-07
lexicographic,SAW,7,64,13.34250000945758,True,4.513151132812254e-07
lexicographic,SAW,7,65,16.24640000227373,True,4.513151132812254e-07
lexicographic,SAW,7,66,20.102399997995235,True,4.513151132812254e-07
lexicographic,SAW,7,67,17.942399994353764,True,4.513151132812254e-07
lexicographic,SAW,7,68,16.959200002020225,True,4.513151132812254e-07
lexicographic,SAW,7,69,15.33979999658186,True,4.513151132812254e-07
lexicographic,SAW,7,70,15.909499998087995,True,4.513151132812254e-07
lexicographic,SAW,7,71,20.097699991310947,True,4.513151132812254e-07
lexicographic,SAW,7,72,24.134299994329922,True,4.513151132812254e-07
lexicographic,SAW,7,73,22.94509999046568,True,4.513151132812254e-07
lexicographic,SAW,7,74,17.168499995023012,True,4.513151132812254e-07
lexicographic,SAW,7,75,16.117899998789653,True,4.513151132812254e-07
lexicographic,SAW,7,76,18.035199987934902,True,4.513151132812254e-07
lexicographic,SAW,7,77,18.935200001578778,True,4.513151132812254e-07
lexicographic,SAW,7,78,16.213900002185255,True,4.513151132812254e-07
lexicographic,SAW,7,79,14.267099992139265,True,4.513151132812254e-07
lexicographic,SAW,7,80,14.139700011583045,True,4.513151132812254e-07
lexicographic,SAW,7,81,14.402299988432787,True,4.513151132812254e-07
lexicographic,SAW,7,82,18.56700000644196,True,4.513151132812254e-07
lexicographic,SAW,7,83,19.378700002562255,True,4.513151132812254e-07
lexicographic,SAW,7,84,21.148699990590103,True,4.513151132812254e-07
lexicographic,SAW,7,85,16.93620000150986,True,4.513151132812254e-07
lexicographic,SAW,7,86,14.403099994524382,True,4.513151132812254e-07
lexicographic,SAW,7,87,15.486999996937811,True,4.513151132812254e-07
lexicographic,SAW,7,88,25.306799987447448,True,4.513151132812254e-07
lexicographic,SAW,7,89,21.46790000551846,True,4.513151132812254e-07
lexicographic,SAW,7,90,19.309199997223914,True,4.513151132812254e-07
lexicographic,SAW,7,91,15.264599991496652,True,4.513151132812254e-07
lexicographic,SAW,7,92,17.539000007673167,True,4.513151132812254e-07
lexicographic,SAW,7,93,19.442599994363263,True,4.513151132812254e-07
lexicographic,SAW,7,94,18.445599998813123,True,4.513151132812254e-07
lexicographic,SAW,7,95,15.292000010958873,True,4.513151132812254e-07
lexicographic,SAW,7,96,14.10260000557173,True,4.513151132812254e-07
lexicographic,SAW,7,97,15.083799997228198,True,4.513151132812254e-07
lexicographic,SAW,7,98,16.879400005564094,True,4.513151132812254e-07
lexicographic,SAW,7,99,16.715000005206093,True,4.513151132812254e-07
lexicographic,SAW,7,100,15.166900004260242,True,4.513151132812254e-07
lexicographic,SAW,7,101,14.280100003816187,True,4.513151132812254e-07
lexicographic,SAW,7,102,13.77669999783393,True,4.513151132812254e-07
lexicographic,SAW,7,103,13.828199997078627,True,4.513151132812254e-07
lexicographic,SAW,7,104,17.222700000274926,True,4.513151132812254e-07
lexicographic,SAW,7,105,19.37589999579359,True,4.513151132812254e-07
lexicographic,SAW,7,106,22.424800001317635,True,4.513151132812254e-07
lexicographic,SAW,7,107,18.09480000520125,True,4.513151132812254e-07
lexicographic,SAW,7,108,17.349000001559034,True,4.513151132812254e-07
lexicographic,SAW,7,109,17.408900006557815,True,4.513151132812254e-07
lexicographic,SAW,7,110,24.246300003142096,True,4.513151132812254e-07
lexicographic,SAW,7,111,22.400000001653098,True,4.513151132812254e-07
lexicographic,SAW,7,112,21.74599999852944,True,4.513151132812254e-07
lexicographic,SAW,7,113,17.242600006284192,True,4.513151132812254e-07
lexicographic,SAW,7,114,16.89470000565052,True,4.513151132812254e-07
lexicographic,SAW,7,115,16.923200004384853,True,4.513151132812254e-07
lexicographic,SAW,7,116,15.460599999642,True,4.513151132812254e-07
lexicographic,SAW,7,117,14.682599998195656,True,4.513151132812254e-07
lexicographic,SAW,7,118,14.830799991614185,True,4.513151132812254e-07
lexicographic,SAW,7,119,14.190700007020496,True,4.513151132812254e-07
lexicographic,SAW,7,120,16.827599989483133,True,4.513151132812254e-07
lexicographic,SAW,7,121,19.176100002368912,True,4.513151132812254e-07
lexicographic,SAW,7,122,16.41100000415463,True,4.513151132812254e-07
lexicographic,SAW,7,123,17.537599997012876,True,4.513151132812254e-07
lexicographic,SAW,7,124,16.10140000411775,True,4.513151132812254e-07
lexicographic,SAW,7,125,14.815599992289208,True,4.513151132812254e-07
lexicographic,SAW,7,126,18.603399992571212,True,4.513151132812254e-07
lexicographic,SAW,7,127,19.38440000230912,True,4.513151132812254e-07
lexicographic,SAW,7,128,20.184599998174235,True,4.513151132812254e-07
lexicographic,SAW,7,129,18.56219999899622,True,4.513151132812254e-07
lexicographic,SAW,7,130,16.949099997873418,True,4.513151132812254e-07
lexicographic,SAW,7,131,16.982600005576387,True,4.513151132812254e-07
lexicographic,SAW,7,132,16.05970000673551,True,4.513151132812254e-07
lexicographic,SAW,7,133,13.03669999470003,True,4.513151132812254e-07
lexicographic,SAW,7,134,14.837899987469427,True,4.513151132812254e-07
lexicographic,SAW,7,135,15.147700003581122,True,4.513151132812254e-07
lexicographic,SAW,7,136,14.495099996565841,True,4.513151132812254e-07
lexicographic,SAW,7,137,18.091399993863888,True,4.513151132812254e-07
lexicographic,SAW,7,138,19.69509999617003,True,4.513151132812254e-07
lexicographic,SAW,7,139,16.866199992364272,True,4.513151132812254e-07
lexicographic,SAW,7,140,15.410699998028576,True,4.513151132812254e-07
lexicographic,SAW,7,141,13.871899995137937,True,4.513151132812254e-07
lexicographic,SAW,7,142,13.904400009778328,True,4.513151132812254e-07
lexicographic,SAW,7,143,17.65529999102,True,4.513151132812254e-07
lexicographic,SAW,7,144,18.47999999881722,True,4.513151132812254e-07
lexicographic,SAW,7,145,20.81819999148138,True,4.513151132812254e-07
lexicographic,SAW,7,146,17.684999998891726,True,4.513151132812254e-07
lexicographic,SAW,7,147,16.141200001584366,True,4.513151132812254e-07
lexicographic,SAW,7,148,16.05120000021998,True,4.513151132812254e-07
lexicographic,SAW,7,149,17.222900001797825,True,4.513151132812254e-07
lexicographic,SAW,7,150,16.669899996486492,True,4.513151132812254e-07
lexicographic,SAW,7,151,14.828100000158884,True,4.513151132812254e-07
lexicographic,SAW,7,152,14.058999993721955,True,4.513151132812254e-07
lexicographic,SAW,7,153,13.846000001649372,True,4.513151132812254e-07
lexicographic,SAW,7,154,23.61749998817686,True,4.513151132812254e-07
lexicographic,SAW,7,155,19.83930000278633,True,4.513151132812254e-07
lexicographic,SAW,7,156,17.808799995691516,True,4.513151132812254e-07
lexicographic,SAW,7,157,20.775500001036562,True,4.513151132812254e-07
lexicographic,SAW,7,158,19.195200002286583,True,4.513151132812254e-07
lexicographic,SAW,7,159,20.10330000484828,True,4.513151132812254e-07
lexicographic,SAW,7,160,25.282799993874505,True,4.513151132812254e-07
lexicographic,SAW,7,161,25.110400005360134,True,4.513151132812254e-07
lexicographic,SAW,7,162,18.16760000656359,True,4.513151132812254e-07
lexicographic,SAW,7,163,20.090799996978603,True,4.513151132812254e-07
lexicographic,SAW,7,164,20.37410000048112,True,4.513151132812254e-07
lexicographic,SAW,7,165,17.885900000692345,True,4.513151132812254e-07
lexicographic,SAW,7,166,18.128299998352304,True,4.513151132812254e-07
lexicographic,SAW,7,167,19.76019999710843,True,4.513151132812254e-07
lexicographic,SAW,7,168,18.802899998263456,True,4.513151132812254e-07
lexicographic,SAW,7,169,21.932499992544763,True,4.513151132812254e-07
lexicographic,SAW,7,170,18.474199998308904,True,4.513151132812254e-07
lexicographic,SAW,7,171,18.65399999951478,True,4.513151132812254e-07
lexicographic,SAW,7,172,16.95030000701081,True,4.513151132812254e-07
lexicographic,SAW,7,173,16.969299991615117,True,4.513151132812254e-07
lexicographic,SAW,7,174,21.03709999937564,True,4.513151132812254e-07
lexicographic,SAW,7,175,20.825900006457232,True,4.513151132812254e-07
lexicographic,SAW,7,176,17.997500006458722,True,4.513151132812254e-07
lexicographic,SAW,7,177,16.68960000097286,True,4.513151132812254e-07
lexicographic,SAW,7,178,18.487800000002608,True,4.513151132812254e-07
lexicographic,SAW,7,179,17.544400005135685,True,4.513151132812254e-07
lexicographic,SAW,7,180,18.66649999283254,True,4.513151132812254e-07
lexicographic,SAW,7,181,18.541600002208725,True,4.513151132812254e-07
lexicographic,SAW,7,182,17.077800002880394,True,4.513151132812254e-07
lexicographic,SAW,7,183,17.518499997095205,True,4.513151132812254e-07
lexicographic,SAW,7,184,19.691399997100234,True,4.513151132812254e-07
lexicographic,SAW,7,185,19.199899994418956,True,4.513151132812254e-07
lexicographic,SAW,7,186,17.979900003410876,True,4.513151132812254e-07
lexicographic,SAW,7,187,16.866200006916188,True,4.513151132812254e-07
lexicographic,SAW,7,188,16.852200002176687,True,4.513151132812254e-07
lexicographic,SAW,7,189,18.60909999231808,True,4.513151132812254e-07
lexicographic,SAW,7,190,19.280399996205233,True,4.513151132812254e-07
lexicographic,SAW,7,191,20.133900005021133,True,4.513151132812254e-07
lexicographic,SAW,7,192,17.36120000714436,True,4.513151132812254e-07
lexicographic,SAW,7,193,16.889000005903654,True,4.513151132812254e-07
lexicographic,SAW,7,194,17.814500009990297,True,4.513151132812254e-07
lexicographic,SAW,7,195,19.638099998701364,True,4.513151132812254e-07
lexicographic,SAW,7,196,16.07319999311585,True,4.513151132812254e-07
lexicographic,SAW,7,197,18.81629999843426,True,4.513151132812254e-07
lexicographic,SAW,7,198,17.81400000618305,True,4.513151132812254e-07
lexicographic,SAW,7,199,17.728000006172806,True,4.513151132812254e-07
lexicographic,VIKOR,7,0,41.47280000324827,True,6.722579083406899e-07
lexicographic,VIKOR,7,1,41.08739999355748,True,6.722579083406899e-07
lexicographic,VIKOR,7,2,40.850199991837144,True,6.722579083406899e-07
lexicographic,VIKOR,7,3,41.63779999362305,True,6.722579083406899e-07
lexicographic,VIKOR,7,4,37.55609999643639,True,6.722579083406899e-07
lexicographic,VIKOR,7,5,35.01490000053309,True,6.722579083406899e-07
lexicographic,VIKOR,7,6,42.14069999579806,True,6.722579083406899e-07
lexicographic,VIKOR,7,7,42.673200005083345,True,6.722579083406899e-07
lexicographic,VIKOR,7,8,36.86349999043159,True,6.722579083406899e-07
lexicographic,VIKOR,7,9,38.29749999567866,True,6.722579083406899e-07
lexicographic,VIKOR,7,10,35.1688000082504,True,6.722579083406899e-07
lexicographic,VIKOR,7,11,40.757299997494556,True,6.722579083406899e-07
lexicographic,VIKOR,7,12,40.99499998847023,True,6.722579083406899e-07
lexicographic,VIKOR,7,13,35.0040000048466,True,6.722579083406899e-07
lexicographic,VIKOR,7,14,34.36550000333227,True,6.722579083406899e-07
lexicographic,VIKOR,7,15,34.73070000472944,True,6.722579083406899e-07
lexicographic,VIKOR,7,16,43.18390000844374,True,6.722579083406899e-07
lexicographic,VIKOR,7,17,36.53650000342168,True,6.722579083406899e-07
lexicographic,VIKOR,7,18,39.428600008250214,True,6.722579083406899e-07
lexicographic,VIKOR,7,19,47.193499995046295,True,6.722579083406899e-07
lexicographic,VIKOR,7,20,35.37019999930635,True,6.722579083406899e-07
lexicographic,VIKOR,7,21,38.35459999390878,True,6.722579083406899e-07
lexicographic,VIKOR,7,22,34.74570000253152,True,6.722579083406899e-07
lexicographic,VIKOR,7,23,37.880999996559694,True,6.722579083406899e-07
lexicographic,VIKOR,7,24,36.08720000192989,True,6.722579083406899e-07
lexicographic,VIKOR,7,25,34.967300001881085,True,6.722579083406899e-07
lexicographic,VIKOR,7,26,44.60799999651499,True,6.722579083406899e-07
lexicographic,VIKOR,7,27,40.06460000528023,True,6.722579083406899e-07
lexicographic,VIKOR,7,28,36.06640000361949,True,6.722579083406899e-07
lexicographic,VIKOR,7,29,37.09129999333527,True,6.722579083406899e-07
lexicographic,VIKOR,7,30,37.269199994625524,True,6.722579083406899e-07
lexicographic,VIKOR,7,31,36.69300000183284,True,6.722579083406899e-07
lexicographic,VIKOR,7,32,36.3428999989992,True,6.722579083406899e-07
lexicographic,VIKOR,7,33,39.612000007764436,True,6.722579083406899e-07
lexicographic,VIKOR,7,34,43.2446000049822,True,6.722579083406899e-07
lexicographic,VIKOR,7,35,40.35759999533184,True,6.722579083406899e-07
lexicographic,VIKOR,7,36,38.96940000413451,True,6.722579083406899e-07
lexicographic,VIKOR,7,37,33.51709998969454,True,6.722579083406899e-07
lexicographic,VIKOR,7,38,35.535600007278845,True,6.722579083406899e-07
lexicographic,VIKOR,7,39,48.39480000373442,True,6.722579083406899e-07
lexicographic,VIKOR,7,40,39.67949999787379,True,6.722579083406899e-07
lexicographic,VIKOR,7,41,39.35409999394324,True,6.722579083406899e-07
lexicographic,VIKOR,7,42,38.9257000060752,True,6.722579083406899e-07
lexicographic,VIKOR,7,43,38.621899991994724,True,6.722579083406899e-07
lexicographic,VIKOR,7,44,36.30590000830125,True,6.722579083406899e-07
lexicographic,VIKOR,7,45,35.194800002500415,True,6.722579083406899e-07
lexicographic,VIKOR,7,46,46.70130000158679,True,6.722579083406899e-07
lexicographic,VIKOR,7,47,41.650200000731274,True,6.722579083406899e-07
lexicographic,VIKOR,7,48,35.61589999299031,True,6.722579083406899e-07
lexicographic,VIKOR,7,49,37.91980000096373,True,6.722579083406899e-07
lexicographic,VIKOR,7,50,36.35329999087844,True,6.722579083406899e-07
lexicographic,VIKOR,7,51,36.15499999432359,True,6.722579083406899e-07
lexicographic,VIKOR,7,52,35.72270000586286,True,6.722579083406899e-07
lexicographic,VIKOR,7,53,38.59009999723639,True,6.722579083406899e-07
lexicographic,VIKOR,7,54,47.67979998723604,True,6.722579083406899e-07
lexicographic,VIKOR,7,55,45.36479999660514,True,6.722579083406899e-07
lexicographic,VIKOR,7,56,36.31290000339504,True,6.722579083406899e-07
lexicographic,VIKOR,7,57,36.74890000547748,True,6.722579083406899e-07
lexicographic,VIKOR,7,58,35.47449999314267,True,6.722579083406899e-07
lexicographic,VIKOR,7,59,35.26540000166278,True,6.722579083406899e-07
lexicographic,VIKOR,7,60,34.76609999779612,True,6.722579083406899e-07
lexicographic,VIKOR,7,61,40.98070001055021,True,6.722579083406899e-07
lexicographic,VIKOR,7,62,38.47489999316167,True,6.722579083406899e-07
lexicographic,VIKOR,7,63,33.979900006670505,True,6.722579083406899e-07
lexicographic,VIKOR,7,64,36.77399999287445,True,6.722579083406899e-07
lexicographic,VIKOR,7,65,36.8529999977909,True,6.722579083406899e-07
lexicographic,VIKOR,7,66,47.68150000018068,True,6.722579083406899e-07
lexicographic,VIKOR,7,67,35.36310000345111,True,6.722579083406899e-07
lexicographic,VIKOR,7,68,35.20190001290757,True,6.722579083406899e-07
lexicographic,VIKOR,7,69,37.646699987817556,True,6.722579083406899e-07
lexicographic,VIKOR,7,70,38.343099993653595,True,6.722579083406899e-07
lexicographic,VIKOR,7,71,37.41910000098869,True,6.722579083406899e-07
lexicographic,VIKOR,7,72,35.90279999480117,True,6.722579083406899e-07
lexicographic,VIKOR,7,73,37.6276000024518,True,6.722579083406899e-07
lexicographic,VIKOR,7,74,49.258800005191006,True,6.722579083406899e-07
lexicographic,VIKOR,7,75,48.7243999959901,True,6.722579083406899e-07
lexicographic,VIKOR,7,76,36.71580000082031,True,6.722579083406899e-07
lexicographic,VIKOR,7,77,35.847999999532476,True,6.722579083406899e-07
lexicographic,VIKOR,7,78,48.74539999582339,True,6.722579083406899e-07
lexicographic,VIKOR,7,79,42.850400001043454,True,6.722579083406899e-07
lexicographic,VIKOR,7,80,38.197400004719384,True,6.722579083406899e-07
lexicographic,VIKOR,7,81,35.8330000017304,True,6.722579083406899e-07
lexicographic,VIKOR,7,82,39.62599999795202,True,6.722579083406899e-07
lexicographic,VIKOR,7,83,38.52060000644997,True,6.722579083406899e-07
lexicographic,VIKOR,7,84,36.37230000458658,True,6.722579083406899e-07
lexicographic,VIKOR,7,85,41.33029999502469,True,6.722579083406899e-07
lexicographic,VIKOR,7,86,36.91590001108125,True,6.722579083406899e-07
lexicographic,VIKOR,7,87,37.74509999493603,True,6.722579083406899e-07
lexicographic,VIKOR,7,88,34.75220000836998,True,6.722579083406899e-07
lexicographic,VIKOR,7,89,34.91139999823645,True,6.722579083406899e-07
lexicographic,VIKOR,7,90,36.52979999606032,True,6.722579083406899e-07
lexicographic,VIKOR,7,91,38.06790000817273,True,6.722579083406899e-07
lexicographic,VIKOR,7,92,39.348300007986836,True,6.722579083406899e-07
lexicographic,VIKOR,7,93,49.07470000034664,True,6.722579083406899e-07
lexicographic,VIKOR,7,94,40.226900004199706,True,6.722579083406899e-07
lexicographic,VIKOR,7,95,40.19759999937378,True,6.722579083406899e-07
lexicographic,VIKOR,7,96,32.30690000054892,True,6.722579083406899e-07
lexicographic,VIKOR,7,97,30.674000008730218,True,6.722579083406899e-07
lexicographic,VIKOR,7,98,40.54450000694487,True,6.722579083406899e-07
lexicographic,VIKOR,7,99,31.599599999026395,True,6.722579083406899e-07
lexicographic,VIKOR,7,100,37.27020000224002,True,6.722579083406899e-07
lexicographic,VIKOR,7,101,44.71620000549592,True,6.722579083406899e-07
lexicographic,VIKOR,7,102,32.262499997159466,True,6.722579083406899e-07
lexicographic,VIKOR,7,103,34.52359999937471,True,6.722579083406899e-07
lexicographic,VIKOR,7,104,29.519799994886853,True,6.722579083406899e-07
lexicographic,VIKOR,7,105,27.852400002302602,True,6.722579083406899e-07
lexicographic,VIKOR,7,106,40.86710000410676,True,6.722579083406899e-07
lexicographic,VIKOR,7,107,30.278999998699874,True,6.722579083406899e-07
lexicographic,VIKOR,7,108,30.561499996110797,True,6.722579083406899e-07
lexicographic,VIKOR,7,109,46.03579999820795,True,6.722579083406899e-07
lexicographic,VIKOR,7,110,33.79489999497309,True,6.722579083406899e-07
lexicographic,VIKOR,7,111,33.999999999650754,True,6.722579083406899e-07
lexicographic,VIKOR,7,112,29.997999998158775,True,6.722579083406899e-07
lexicographic,VIKOR,7,113,30.92109999852255,True,6.722579083406899e-07
lexicographic,VIKOR,7,114,40.11760000139475,True,6.722579083406899e-07
lexicographic,VIKOR,7,115,38.61019999021664,True,6.722579083406899e-07
lexicographic,VIKOR,7,116,35.62949999468401,True,6.722579083406899e-07
lexicographic,VIKOR,7,117,41.32319999916945,True,6.722579083406899e-07
lexicographic,VIKOR,7,118,38.242600014200434,True,6.722579083406899e-07
lexicographic,VIKOR,7,119,39.06080000160728,True,6.722579083406899e-07
lexicographic,VIKOR,7,120,38.47460000542924,True,6.722579083406899e-07
lexicographic,VIKOR,7,121,42.69719999865629,True,6.722579083406899e-07
lexicographic,VIKOR,7,122,36.973599999328144,True,6.722579083406899e-07
lexicographic,VIKOR,7,123,37.87820000434294,True,6.722579083406899e-07
lexicographic,VIKOR,7,124,36.74260000116192,True,6.722579083406899e-07
lexicographic,VIKOR,7,125,34.229700002470054,True,6.722579083406899e-07
lexicographic,VIKOR,7,126,34.20429999823682,True,6.722579083406899e-07
lexicographic,VIKOR,7,127,37.16350000468083,True,6.722579083406899e-07
lexicographic,VIKOR,7,128,37.72059999755584,True,6.722579083406899e-07
lexicographic,VIKOR,7,129,35.66230001160875,True,6.722579083406899e-07
lexicographic,VIKOR,7,130,37.44459999143146,True,6.722579083406899e-07
lexicographic,VIKOR,7,131,36.6861000075005,True,6.722579083406899e-07
lexicographic,VIKOR,7,132,37.43670000403654,True,6.722579083406899e-07
lexicographic,VIKOR,7,133,33.569599996553734,True,6.722579083406899e-07
lexicographic,VIKOR,7,134,41.783499997109175,True,6.722579083406899e-07
lexicographic,VIKOR,7,135,54.93980000028387,True,6.722579083406899e-07
lexicographic,VIKOR,7,136,39.093499988666736,True,6.722579083406899e-07
lexicographic,VIKOR,7,137,38.22509999736212,True,6.722579083406899e-07
lexicographic,VIKOR,7,138,35.260599994217046,True,6.722579083406899e-07
lexicographic,VIKOR,7,139,36.28450000542216,True,6.722579083406899e-07
lexicographic,VIKOR,7,140,36.72950000327546,True,6.722579083406899e-07
lexicographic,VIKOR,7,141,36.28420000313781,True,6.722579083406899e-07
lexicographic,VIKOR,7,142,38.601599997491576,True,6.722579083406899e-07
lexicographic,VIKOR,7,143,39.334300003247336,True,6.722579083406899e-07
lexicographic,VIKOR,7,144,37.060100003145635,True,6.722579083406899e-07
lexicographic,VIKOR,7,145,37.83879999537021,True,6.722579083406899e-07
lexicographic,VIKOR,7,146,34.87960000347812,True,6.722579083406899e-07
lexicographic,VIKOR,7,147,36.697000003186986,True,6.722579083406899e-07
lexicographic,VIKOR,7,148,36.4965999906417,True,6.722579083406899e-07
lexicographic,VIKOR,7,149,38.262400004896335,True,6.722579083406899e-07
lexicographic,VIKOR,7,150,43.44150000542868,True,6.722579083406899e-07
lexicographic,VIKOR,7,151,35.61819999595173,True,6.722579083406899e-07
lexicographic,VIKOR,7,152,37.40490000927821,True,6.722579083406899e-07
lexicographic,VIKOR,7,153,35.84029999910854,True,6.722579083406899e-07
lexicographic,VIKOR,7,154,36.285800000769086,True,6.722579083406899e-07
lexicographic,VIKOR,7,155,35.867600003257394,True,6.722579083406899e-07
lexicographic,VIKOR,7,156,31.820599993807264,True,6.722579083406899e-07
lexicographic,VIKOR,7,157,33.03770000638906,True,6.722579083406899e-07
lexicographic,VIKOR,7,158,40.298199994140305,True,6.722579083406899e-07
lexicographic,VIKOR,7,159,32.66979999898467,True,6.722579083406899e-07
lexicographic,VIKOR,7,160,34.69879999465775,True,6.722579083406899e-07
lexicographic,VIKOR,7,161,24.948499994934537,True,6.722579083406899e-07
lexicographic,VIKOR,7,162,29.80750000278931,True,6.722579083406899e-07
lexicographic,VIKOR,7,163,43.38249999273103,True,6.722579083406899e-07
lexicographic,VIKOR,7,164,47.50950000016019,True,6.722579083406899e-07
lexicographic,VIKOR,7,165,37.79789998952765,True,6.722579083406899e-07
lexicographic,VIKOR,7,166,32.449499994982034,True,6.722579083406899e-07
lexicographic,VIKOR,7,167,19.52089999394957,True,6.722579083406899e-07
lexicographic,VIKOR,7,168,20.32899999176152,True,6.722579083406899e-07
lexicographic,VIKOR,7,169,40.89910000038799,True,6.722579083406899e-07
lexicographic,VIKOR,7,170,37.45519999938551,True,6.722579083406899e-07
lexicographic,VIKOR,7,171,37.26880000613164,True,6.722579083406899e-07
lexicographic,VIKOR,7,172,42.54350000701379,True,6.722579083406899e-07
lexicographic,VIKOR,7,173,31.71839998685755,True,6.722579083406899e-07
lexicographic,VIKOR,7,174,35.26469999633264,True,6.722579083406899e-07
lexicographic,VIKOR,7,175,35.47499999694992,True,6.722579083406899e-07
lexicographic,VIKOR,7,176,31.125100009376183,True,6.722579083406899e-07
lexicographic,VIKOR,7,177,46.31290001270827,True,6.722579083406899e-07
lexicographic,VIKOR,7,178,37.18060000392143,True,6.722579083406899e-07
lexicographic,VIKOR,7,179,33.88830000767484,True,6.722579083406899e-07
lexicographic,VIKOR,7,180,24.4751999998698,True,6.722579083406899e-07
lexicographic,VIKOR,7,181,18.86019999801647,True,6.722579083406899e-07
lexicographic,VIKOR,7,182,28.57340000628028,True,6.722579083406899e-07
lexicographic,VIKOR,7,183,39.260299992747605,True,6.722579083406899e-07
lexicographic,VIKOR,7,184,33.38180000719149,True,6.722579083406899e-07
lexicographic,VIKOR,7,185,33.08319998905063,True,6.722579083406899e-07
lexicographic,VIKOR,7,186,44.00310000346508,True,6.722579083406899e-07
lexicographic,VIKOR,7,187,36.19030000118073,True,6.722579083406899e-07
lexicographic,VIKOR,7,188,35.58790001261514,True,6.722579083406899e-07
lexicographic,VIKOR,7,189,30.72789999714587,True,6.722579083406899e-07
lexicographic,VIKOR,7,190,30.48760000092443,True,6.722579083406899e-07
lexicographic,VIKOR,7,191,40.29789999185596,True,6.722579083406899e-07
lexicographic,VIKOR,7,192,32.58780000032857,True,6.722579083406899e-07
lexicographic,VIKOR,7,193,27.960399995208718,True,6.722579083406899e-07
lexicographic,VIKOR,7,194,39.73910000058822,True,6.722579083406899e-07
lexicographic,VIKOR,7,195,38.19729998940602,True,6.722579083406899e-07
lexicographic,VIKOR,7,196,33.936699997866526,True,6.722579083406899e-07
lexicographic,VIKOR,7,197,20.9960000065621,True,6.722579083406899e-07
lexicographic,VIKOR,7,198,32.498800006578676,True,6.722579083406899e-07
lexicographic,VIKOR,7,199,37.95899999386165,True,6.722579083406899e-07
lexicographic,COPRAS,7,0,16.834399997605942,True,4.513151132812254e-07
lexicographic,COPRAS,7,1,17.796700005419552,True,4.513151132812254e-07
lexicographic,COPRAS,7,2,17.61340000666678,True,4.513151132812254e-07
lexicographic,COPRAS,7,3,21.166500009712763,True,4.513151132812254e-07
lexicographic,COPRAS,7,4,26.398399990284815,True,4.513151132812254e-07
lexicographic,COPRAS,7,5,20.662800001446158,True,4.513151132812254e-07
lexicographic,COPRAS,7,6,17.280300002312288,True,4.513151132812254e-07
lexicographic,COPRAS,7,7,17.043300002114847,True,4.513151132812254e-07
lexicographic,COPRAS,7,8,19.988300002296455,True,4.513151132812254e-07
lexicographic,COPRAS,7,9,17.162999996799044,True,4.513151132812254e-07
lexicographic,COPRAS,7,10,17.685500002698973,True,4.513151132812254e-07
lexicographic,COPRAS,7,11,18.08129998971708,True,4.513151132812254e-07
lexicographic,COPRAS,7,12,17.531299992697313,True,4.513151132812254e-07
lexicographic,COPRAS,7,13,21.06620000267867,True,4.513151132812254e-07
lexicographic,COPRAS,7,14,18.423100002110004,True,4.513151132812254e-07
lexicographic,COPRAS,7,15,16.325899996445514,True,4.513151132812254e-07
lexicographic,COPRAS,7,16,15.588099995511584,True,4.513151132812254e-07
lexicographic,COPRAS,7,17,15.032800001790747,True,4.513151132812254e-07
lexicographic,COPRAS,7,18,21.104899991769344,True,4.513151132812254e-07
lexicographic,COPRAS,7,19,22.977000000537373,True,4.513151132812254e-07
lexicographic,COPRAS,7,20,21.844699993380345,True,4.513151132812254e-07
lexicographic,COPRAS,7,21,17.17849999840837,True,4.513151132812254e-07
lexicographic,COPRAS,7,22,16.439300001366064,True,4.513151132812254e-07
lexicographic,COPRAS,7,23,18.113099999027327,True,4.513151132812254e-07
lexicographic,COPRAS,7,24,19.248399999924004,True,4.513151132812254e-07
lexicographic,COPRAS,7,25,16.792099995655008,True,4.513151132812254e-07
lexicographic,COPRAS,7,26,17.04530000279192,True,4.513151132812254e-07
lexicographic,COPRAS,7,27,19.350900009158067,True,4.513151132812254e-07
lexicographic,COPRAS,7,28,18.701900000451133,True,4.513151132812254e-07
lexicographic,COPRAS,7,29,26.037000003270805,True,4.513151132812254e-07
lexicographic,COPRAS,7,30,24.490900003002025,True,4.513151132812254e-07
lexicographic,COPRAS,7,31,19.465800010948442,True,4.513151132812254e-07
lexicographic,COPRAS,7,32,19.020399995497428,True,4.513151132812254e-07
lexicographic,COPRAS,7,33,19.317800004500896,True,4.513151132812254e-07
lexicographic,COPRAS,7,34,17.708399987895973,True,4.513151132812254e-07
lexicographic,COPRAS,7,35,15.199700006633066,True,4.513151132812254e-07
lexicographic,COPRAS,7,36,15.416399997775443,True,4.513151132812254e-07
lexicographic,COPRAS,7,37,15.418700000736862,True,4.513151132812254e-07
lexicographic,COPRAS,7,38,16.49980001093354,True,4.513151132812254e-07
lexicographic,COPRAS,7,39,19.6911000093678,True,4.513151132812254e-07
lexicographic,COPRAS,7,40,16.164000000571832,True,4.513151132812254e-07
lexicographic,COPRAS,7,41,15.079299992066808,True,4.513151132812254e-07
lexicographic,COPRAS,7,42,15.417699993122369,True,4.513151132812254e-07
lexicographic,COPRAS,7,43,14.270600004238077,True,4.513151132812254e-07
lexicographic,COPRAS,7,44,18.893700005719438,True,4.513151132812254e-07
lexicographic,COPRAS,7,45,25.26209999632556,True,4.513151132812254e-07
lexicographic,COPRAS,7,46,22.67250001023058,True,4.513151132812254e-07
lexicographic,COPRAS,7,47,18.779699996230192,True,4.513151132812254e-07
lexicographic,COPRAS,7,48,17.49790000030771,True,4.513151132812254e-07
lexicographic,COPRAS,7,49,20.95269999699667,True,4.513151132812254e-07
lexicographic,COPRAS,7,50,21.794599990244024,True,4.513151132812254e-07
lexicographic,COPRAS,7,51,17.686599996523,True,4.513151132812254e-07
lexicographic,COPRAS,7,52,15.8886999997776,True,4.513151132812254e-07
lexicographic,COPRAS,7,53,14.874799991957843,True,4.513151132812254e-07
lexicographic,COPRAS,7,54,17.59650000894908,True,4.513151132812254e-07
lexicographic,COPRAS,7,55,20.71589999832213,True,4.513151132812254e-07
lexicographic,COPRAS,7,56,18.478700003470294,True,4.513151132812254e-07
lexicographic,COPRAS,7,57,16.428800008725375,True,4.513151132812254e-07
lexicographic,COPRAS,7,58,15.343099992605858,True,4.513151132812254e-07
lexicographic,COPRAS,7,59,15.922500009764917,True,4.513151132812254e-07
lexicographic,COPRAS,7,60,21.957200005999766,True,4.513151132812254e-07
lexicographic,COPRAS,7,61,25.8791999949608,True,4.513151132812254e-07
lexicographic,COPRAS,7,62,21.57199999783188,True,4.513151132812254e-07
lexicographic,COPRAS,7,63,17.61780001106672,True,4.513151132812254e-07
lexicographic,COPRAS,7,64,20.859900003415532,True,4.513151132812254e-07
lexicographic,COPRAS,7,65,22.853300004499033,True,4.513151132812254e-07
lexicographic,COPRAS,7,66,19.28250001219567,True,4.513151132812254e-07
lexicographic,COPRAS,7,67,17.16639999358449,True,4.513151132812254e-07
lexicographic,COPRAS,7,68,15.733000007458031,True,4.513151132812254e-07
lexicographic,COPRAS,7,69,19.430100001045503,True,4.513151132812254e-07
lexicographic,COPRAS,7,70,23.33080000244081,True,4.513151132812254e-07
lexicographic,COPRAS,7,71,23.586600000271574,True,4.513151132812254e-07
lexicographic,COPRAS,7,72,18.94239999819547,True,4.513151132812254e-07
lexicographic,COPRAS,7,73,19.041299994569272,True,4.513151132812254e-07
lexicographic,COPRAS,7,74,18.885600002249703,True,4.513151132812254e-07
lexicographic,COPRAS,7,75,16.01490000030026,True,4.513151132812254e-07
lexicographic,COPRAS,7,76,16.75400001113303,True,4.513151132812254e-07
lexicographic,COPRAS,7,77,15.861100007896312,True,4.513151132812254e-07
lexicographic,COPRAS,7,78,14.970100004575215,True,4.513151132812254e-07
lexicographic,COPRAS,7,79,17.905000000610016,True,4.513151132812254e-07
lexicographic,COPRAS,7,80,22.843099999590777,True,4.513151132812254e-07
lexicographic,COPRAS,7,81,17.999200004851446,True,4.513151132812254e-07
lexicographic,COPRAS,7,82,15.244399997754954,True,4.513151132812254e-07
lexicographic,COPRAS,7,83,14.718899998115376,True,4.513151132812254e-07
lexicographic,COPRAS,7,84,14.65450000250712,True,4.513151132812254e-07
lexicographic,COPRAS,7,85,21.01510000647977,True,4.513151132812254e-07
lexicographic,COPRAS,7,86,27.128699992317706,True,4.513151132812254e-07
lexicographic,COPRAS,7,87,23.133299997425638,True,4.513151132812254e-07
lexicographic,COPRAS,7,88,18.09339999454096,True,4.513151132812254e-07
lexicographic,COPRAS,7,89,18.224300001747906,True,4.513151132812254e-07
lexicographic,COPRAS,7,90,18.458200007444248,True,4.513151132812254e-07
lexicographic,COPRAS,7,91,18.36840000760276,True,4.513151132812254e-07
lexicographic,COPRAS,7,92,17.032599993399344,True,4.513151132812254e-07
lexicographic,COPRAS,7,93,15.781899986905046,True,4.513151132812254e-07
lexicographic,COPRAS,7,94,16.015600005630404,True,4.513151132812254e-07
lexicographic,COPRAS,7,95,19.56620000419207,True,4.513151132812254e-07
lexicographic,COPRAS,7,96,18.09649998904206,True,4.513151132812254e-07
lexicographic,COPRAS,7,97,17.541000008350238,True,4.513151132812254e-07
lexicographic,COPRAS,7,98,16.56119999825023,True,4.513151132812254e-07
lexicographic,COPRAS,7,99,14.667000010376796,True,4.513151132812254e-07
lexicographic,COPRAS,7,100,17.30969999334775,True,4.513151132812254e-07
lexicographic,COPRAS,7,101,24.17470001091715,True,4.513151132812254e-07
lexicographic,COPRAS,7,102,23.642100000870414,True,4.513151132812254e-07
lexicographic,COPRAS,7,103,19.734899993636645,True,4.513151132812254e-07
lexicographic,COPRAS,7,104,18.330500010051765,True,4.513151132812254e-07
lexicographic,COPRAS,7,105,18.43619999999646,True,4.513151132812254e-07
lexicographic,COPRAS,7,106,17.081599988159724,True,4.513151132812254e-07
lexicographic,COPRAS,7,107,15.692200002376921,True,4.513151132812254e-07
lexicographic,COPRAS,7,108,15.085300008649938,True,4.513151132812254e-07
lexicographic,COPRAS,7,109,15.405999991344288,True,4.513151132812254e-07
lexicographic,COPRAS,7,110,16.510900008142926,True,4.513151132812254e-07
lexicographic,COPRAS,7,111,21.232200000667945,True,4.513151132812254e-07
lexicographic,COPRAS,7,112,22.30710000731051,True,4.513151132812254e-07
lexicographic,COPRAS,7,113,21.514600011869334,True,4.513151132812254e-07
lexicographic,COPRAS,7,114,17.53430000098888,True,4.513151132812254e-07
lexicographic,COPRAS,7,115,18.36469999398105,True,4.513151132812254e-07
lexicographic,COPRAS,7,116,19.172800006344914,True,4.513151132812254e-07
lexicographic,COPRAS,7,117,16.67700000689365,True,4.513151132812254e-07
lexicographic,COPRAS,7,118,18.704100002651103,True,4.513151132812254e-07
lexicographic,COPRAS,7,119,19.14260000921786,True,4.513151132812254e-07
lexicographic,COPRAS,7,120,19.439099996816367,True,4.513151132812254e-07
lexicographic,COPRAS,7,121,21.280699991621077,True,4.513151132812254e-07
lexicographic,COPRAS,7,122,17.224700000951998,True,4.513151132812254e-07
lexicographic,COPRAS,7,123,15.219599998090416,True,4.513151132812254e-07
lexicographic,COPRAS,7,124,14.514199996483512,True,4.513151132812254e-07
lexicographic,COPRAS,7,125,14.186999993398786,True,4.513151132812254e-07
lexicographic,COPRAS,7,126,17.899800004670396,True,4.513151132812254e-07
lexicographic,COPRAS,7,127,23.73960000113584,True,4.513151132812254e-07
lexicographic,COPRAS,7,128,22.188899994944222,True,4.513151132812254e-07
lexicographic,COPRAS,7,129,19.080800004303455,True,4.513151132812254e-07
lexicographic,COPRAS,7,130,16.516100004082546,True,4.513151132812254e-07
lexicographic,COPRAS,7,131,17.847099996288307,True,4.513151132812254e-07
lexicographic,COPRAS,7,132,17.753199994331226,True,4.513151132812254e-07
lexicographic,COPRAS,7,133,16.570499996305443,True,4.513151132812254e-07
lexicographic,COPRAS,7,134,15.360299992607906,True,4.513151132812254e-07
lexicographic,COPRAS,7,135,14.411299998755567,True,4.513151132812254e-07
lexicographic,COPRAS,7,136,15.131500011193566,True,4.513151132812254e-07
lexicographic,COPRAS,7,137,19.19780000753235,True,4.513151132812254e-07
lexicographic,COPRAS,7,138,20.495400007348508,True,4.513151132812254e-07
lexicographic,COPRAS,7,139,17.078299992135726,True,4.513151132812254e-07
lexicographic,COPRAS,7,140,16.447600006358698,True,4.513151132812254e-07
lexicographic,COPRAS,7,141,15.33229999768082,True,4.513151132812254e-07
lexicographic,COPRAS,7,142,17.594800010556355,True,4.513151132812254e-07
lexicographic,COPRAS,7,143,20.90370000223629,True,4.513151132812254e-07
lexicographic,COPRAS,7,144,22.013699999661185,True,4.513151132812254e-07
lexicographic,COPRAS,7,145,18.880300005548634,True,4.513151132812254e-07
lexicographic,COPRAS,7,146,17.373599999700673,True,4.513151132812254e-07
lexicographic,COPRAS,7,147,17.33980000426527,True,4.513151132812254e-07
lexicographic,COPRAS,7,148,19.135999988066033,True,4.513151132812254e-07
lexicographic,COPRAS,7,149,16.9268000026932,True,4.513151132812254e-07
lexicographic,COPRAS,7,150,15.896400000201538,True,4.513151132812254e-07
lexicographic,COPRAS,7,151,19.29810000001453,True,4.513151132812254e-07
lexicographic,COPRAS,7,152,22.200299994437955,True,4.513151132812254e-07
lexicographic,COPRAS,7,153,24.273999995784834,True,4.513151132812254e-07
lexicographic,COPRAS,7,154,24.155099992640316,True,4.513151132812254e-07
lexicographic,COPRAS,7,155,18.74810000299476,True,4.513151132812254e-07
lexicographic,COPRAS,7,156,17.663000005995855,True,4.513151132812254e-07
lexicographic,COPRAS,7,157,24.941800002125092,True,4.513151132812254e-07
lexicographic,COPRAS,7,158,28.943600002094172,True,4.513151132812254e-07
lexicographic,COPRAS,7,159,23.296300001675263,True,4.513151132812254e-07
lexicographic,COPRAS,7,160,20.488699999987148,True,4.513151132812254e-07
lexicographic,COPRAS,7,161,18.131700009689666,True,4.513151132812254e-07
lexicographic,COPRAS,7,162,22.967199998674914,True,4.513151132812254e-07
lexicographic,COPRAS,7,163,31.86909999931231,True,4.513151132812254e-07
lexicographic,COPRAS,7,164,33.4926999930758,True,4.513151132812254e-07
lexicographic,COPRAS,7,165,26.71859999827575,True,4.513151132812254e-07
lexicographic,COPRAS,7,166,24.033599998801947,True,4.513151132812254e-07
lexicographic,COPRAS,7,167,23.930099996505305,True,4.513151132812254e-07
lexicographic,COPRAS,7,168,24.63289999286644,True,4.513151132812254e-07
lexicographic,COPRAS,7,169,21.57959999749437,True,4.513151132812254e-07
lexicographic,COPRAS,7,170,27.31939998921007,True,4.513151132812254e-07
lexicographic,COPRAS,7,171,23.5508000041591,True,4.513151132812254e-07
lexicographic,COPRAS,7,172,18.10440000554081,True,4.513151132812254e-07
lexicographic,COPRAS,7,173,21.254799998132512,True,4.513151132812254e-07
lexicographic,COPRAS,7,174,20.9276000095997,True,4.513151132812254e-07
lexicographic,COPRAS,7,175,24.78490000066813,True,4.513151132812254e-07
lexicographic,COPRAS,7,176,33.50650001084432,True,4.513151132812254e-07
lexicographic,COPRAS,7,177,40.842499991413206,True,4.513151132812254e-07
lexicographic,COPRAS,7,178,30.454000007011928,True,4.513151132812254e-07
lexicographic,COPRAS,7,179,20.44150000438094,True,4.513151132812254e-07
lexicographic,COPRAS,7,180,17.537100007757545,True,4.513151132812254e-07
lexicographic,COPRAS,7,181,18.40670000819955,True,4.513151132812254e-07
lexicographic,COPRAS,7,182,20.658800000092015,True,4.513151132812254e-07
lexicographic,COPRAS,7,183,22.04409999831114,True,4.513151132812254e-07
lexicographic,COPRAS,7,184,27.289700010442175,True,4.513151132812254e-07
lexicographic,COPRAS,7,185,30.618800010415725,True,4.513151132812254e-07
lexicographic,COPRAS,7,186,22.85670000128448,True,4.513151132812254e-07
lexicographic,COPRAS,7,187,21.375299998908304,True,4.513151132812254e-07
lexicographic,COPRAS,7,188,19.040500003029592,True,4.513151132812254e-07
lexicographic,COPRAS,7,189,20.37069998914376,True,4.513151132812254e-07
lexicographic,COPRAS,7,190,18.683500005863607,True,4.513151132812254e-07
lexicographic,COPRAS,7,191,17.050800001015887,True,4.513151132812254e-07
lexicographic,COPRAS,7,192,18.331600003875792,True,4.513151132812254e-07
lexicographic,COPRAS,7,193,22.3827000008896,True,4.513151132812254e-07
lexicographic,COPRAS,7,194,24.004100007005036,True,4.513151132812254e-07
lexicographic,COPRAS,7,195,18.321800002013333,True,4.513151132812254e-07
lexicographic,COPRAS,7,196,17.285900001297705,True,4.513151132812254e-07
lexicographic,COPRAS,7,197,18.825499995728023,True,4.513151132812254e-07
lexicographic,COPRAS,7,198,19.37500000349246,True,4.513151132812254e-07
lexicographic,COPRAS,7,199,21.809800004120916,True,4.513151132812254e-07
lexicographic,ARAS,7,0,19.639200007077307,True,1.3539453402877655e-07
lexicographic,ARAS,7,1,20.35720000276342,True,1.3539453402877655e-07
lexicographic,ARAS,7,2,17.080899997381493,True,1.3539453402877655e-07
lexicographic,ARAS,7,3,18.15619999251794,True,1.3539453402877655e-07
lexicographic,ARAS,7,4,17.81710000068415,True,1.3539453402877655e-07
lexicographic,ARAS,7,5,16.997400001855567,True,1.3539453402877655e-07
lexicographic,ARAS,7,6,20.521200000075623,True,1.3539453402877655e-07
lexicographic,ARAS,7,7,18.867300008423626,True,1.3539453402877655e-07
lexicographic,ARAS,7,8,18.985600006999448,True,1.3539453402877655e-07
lexicographic,ARAS,7,9,19.92810000956524,True,1.3539453402877655e-07
lexicographic,ARAS,7,10,18.227099993964657,True,1.3539453402877655e-07
lexicographic,ARAS,7,11,22.791300012613647,True,1.3539453402877655e-07
lexicographic,ARAS,7,12,22.937200003070757,True,1.3539453402877655e-07
lexicographic,ARAS,7,13,19.931699993321672,True,1.3539453402877655e-07
lexicographic,ARAS,7,14,18.242800011648796,True,1.3539453402877655e-07
lexicographic,ARAS,7,15,17.598399994312786,True,1.3539453402877655e-07
lexicographic,ARAS,7,16,17.5052999984473,True,1.3539453402877655e-07
lexicographic,ARAS,7,17,17.02129999466706,True,1.3539453402877655e-07
lexicographic,ARAS,7,18,17.64530000218656,True,1.3539453402877655e-07
lexicographic,ARAS,7,19,16.134399993461557,True,1.3539453402877655e-07
lexicographic,ARAS,7,20,16.233999995165505,True,1.3539453402877655e-07
lexicographic,ARAS,7,21,16.918599998462014,True,1.3539453402877655e-07
lexicographic,ARAS,7,22,17.77859999856446,True,1.3539453402877655e-07
lexicographic,ARAS,7,23,16.536199997062795,True,1.3539453402877655e-07
lexicographic,ARAS,7,24,16.151599993463606,True,1.3539453402877655e-07
lexicographic,ARAS,7,25,15.573500000755303,True,1.3539453402877655e-07
lexicographic,ARAS,7,26,14.781699996092357,True,1.3539453402877655e-07
lexicographic,ARAS,7,27,16.10140000411775,True,1.3539453402877655e-07
lexicographic,ARAS,7,28,18.89590000791941,True,1.3539453402877655e-07
lexicographic,ARAS,7,29,19.051600000238977,True,1.3539453402877655e-07
lexicographic,ARAS,7,30,19.365699990885332,True,1.3539453402877655e-07
lexicographic,ARAS,7,31,17.515400002594106,True,1.3539453402877655e-07
lexicographic,ARAS,7,32,16.03120000800118,True,1.3539453402877655e-07
lexicographic,ARAS,7,33,17.61770001030527,True,1.3539453402877655e-07
lexicographic,ARAS,7,34,17.648799999733455,True,1.3539453402877655e-07
lexicographic,ARAS,7,35,16.530100008822046,True,1.3539453402877655e-07
lexicographic,ARAS,7,36,22.415600004023872,True,1.3539453402877655e-07
lexicographic,ARAS,7,37,25.062799992156215,True,1.3539453402877655e-07
lexicographic,ARAS,7,38,24.026200000662357,True,1.3539453402877655e-07
lexicographic,ARAS,7,39,20.205300010275096,True,1.3539453402877655e-07
lexicographic,ARAS,7,40,21.19140001013875,True,1.3539453402877655e-07
lexicographic,ARAS,7,41,20.107599993934855,True,1.3539453402877655e-07
lexicographic,ARAS,7,42,22.555700008524582,True,1.3539453402877655e-07
lexicographic,ARAS,7,43,31.317799992393702,True,1.3539453402877655e-07
lexicographic,ARAS,7,44,26.203200002782978,True,1.3539453402877655e-07
lexicographic,ARAS,7,45,21.77809999557212,True,1.3539453402877655e-07
lexicographic,ARAS,7,46,16.657000000122935,True,1.3539453402877655e-07
lexicographic,ARAS,7,47,16.51980000315234,True,1.3539453402877655e-07
lexicographic,ARAS,7,48,17.17079999798443,True,1.3539453402877655e-07
lexicographic,ARAS,7,49,18.01549999800045,True,1.3539453402877655e-07
lexicographic,ARAS,7,50,19.787500001257285,True,1.3539453402877655e-07
lexicographic,ARAS,7,51,26.444499992066994,True,1.3539453402877655e-07
lexicographic,ARAS,7,52,24.190200012526475,True,1.3539453402877655e-07
lexicographic,ARAS,7,53,17.119099997216836,True,1.3539453402877655e-07
lexicographic,ARAS,7,54,16.357100001187064,True,1.3539453402877655e-07
lexicographic,ARAS,7,55,17.12000000406988,True,1.3539453402877655e-07
lexicographic,ARAS,7,56,17.068400004063733,True,1.3539453402877655e-07
lexicographic,ARAS,7,57,19.58909998938907,True,1.3539453402877655e-07
lexicographic,ARAS,7,58,19.964199993410148,True,1.3539453402877655e-07
lexicographic,ARAS,7,59,23.021800006972626,True,1.3539453402877655e-07
lexicographic,ARAS,7,60,24.406900003668852,True,1.3539453402877655e-07
lexicographic,ARAS,7,61,22.412699996493757,True,1.3539453402877655e-07
lexicographic,ARAS,7,62,31.688999995822087,True,1.3539453402877655e-07
lexicographic,ARAS,7,63,25.79919999698177,True,1.3539453402877655e-07
lexicographic,ARAS,7,64,29.1432999947574,True,1.3539453402877655e-07
lexicographic,ARAS,7,65,32.21479999774601,True,1.3539453402877655e-07
lexicographic,ARAS,7,66,28.732299993862398,True,1.3539453402877655e-07
lexicographic,ARAS,7,67,20.152400000370108,True,1.3539453402877655e-07
lexicographic,ARAS,7,68,18.657799999346025,True,1.3539453402877655e-07
lexicographic,ARAS,7,69,17.80680000956636,True,1.3539453402877655e-07
lexicographic,ARAS,7,70,17.641300000832416,True,1.3539453402877655e-07
lexicographic,ARAS,7,71,17.317400008323602,True,1.3539453402877655e-07
lexicographic,ARAS,7,72,16.75380000961013,True,1.3539453402877655e-07
lexicographic,ARAS,7,73,17.040999999153428,True,1.3539453402877655e-07
lexicographic,ARAS,7,74,18.86209999793209,True,1.3539453402877655e-07
lexicographic,ARAS,7,75,17.90800000890158,True,1.3539453402877655e-07
lexicographic,ARAS,7,76,17.712899993057363,True,1.3539453402877655e-07
lexicographic,ARAS,7,77,16.97009999770671,True,1.3539453402877655e-07
lexicographic,ARAS,7,78,17.479300004197285,True,1.3539453402877655e-07
lexicographic,ARAS,7,79,18.99429998593405,True,1.3539453402877655e-07
lexicographic,ARAS,7,80,17.736299996613525,True,1.3539453402877655e-07
lexicographic,ARAS,7,81,16.89230000192765,True,1.3539453402877655e-07
lexicographic,ARAS,7,82,19.1527999995742,True,1.3539453402877655e-07
lexicographic,ARAS,7,83,21.795599997858517,True,1.3539453402877655e-07
lexicographic,ARAS,7,84,20.329599996330217,True,1.3539453402877655e-07
lexicographic,ARAS,7,85,19.272499994258396,True,1.3539453402877655e-07
lexicographic,ARAS,7,86,22.854800001368858,True,1.3539453402877655e-07
lexicographic,ARAS,7,87,17.40159999462776,True,1.3539453402877655e-07
lexicographic,ARAS,7,88,20.594099987647496,True,1.3539453402877655e-07
lexicographic,ARAS,7,89,36.61979999742471,True,1.3539453402877655e-07
lexicographic,ARAS,7,90,23.38630000303965,True,1.3539453402877655e-07
lexicographic,ARAS,7,91,17.237899999599904,True,1.3539453402877655e-07
lexicographic,ARAS,7,92,19.44020000519231,True,1.3539453402877655e-07
lexicographic,ARAS,7,93,22.283800004515797,True,1.3539453402877655e-07
lexicographic,ARAS,7,94,20.766600006027147,True,1.3539453402877655e-07
lexicographic,ARAS,7,95,22.662299990770407,True,1.3539453402877655e-07
lexicographic,ARAS,7,96,21.80269999371376,True,1.3539453402877655e-07
lexicographic,ARAS,7,97,20.306199992774054,True,1.3539453402877655e-07
lexicographic,ARAS,7,98,30.08090000366792,True,1.3539453402877655e-07
lexicographic,ARAS,7,99,22.238499994273297,True,1.3539453402877655e-07
lexicographic,ARAS,7,100,18.205400003353134,True,1.3539453402877655e-07
lexicographic,ARAS,7,101,22.55580000928603,True,1.3539453402877655e-07
lexicographic,ARAS,7,102,22.393999999621883,True,1.3539453402877655e-07
lexicographic,ARAS,7,103,22.89210000890307,True,1.3539453402877655e-07
lexicographic,ARAS,7,104,16.659699991578236,True,1.3539453402877655e-07
lexicographic,ARAS,7,105,17.307999994955026,True,1.3539453402877655e-07
lexicographic,ARAS,7,106,17.95799999672454,True,1.3539453402877655e-07
lexicographic,ARAS,7,107,17.860399995697662,True,1.3539453402877655e-07
lexicographic,ARAS,7,108,16.186300010303967,True,1.3539453402877655e-07
lexicographic,ARAS,7,109,17.76830000744667,True,1.3539453402877655e-07
lexicographic,ARAS,7,110,17.249399999855086,True,1.3539453402877655e-07
lexicographic,ARAS,7,111,16.5978000004543,True,1.3539453402877655e-07
lexicographic,ARAS,7,112,19.303900000522844,True,1.3539453402877655e-07
lexicographic,ARAS,7,113,18.47920000727754,True,1.3539453402877655e-07
lexicographic,ARAS,7,114,18.604800003231503,True,1.3539453402877655e-07
lexicographic,ARAS,7,115,16.177299999981187,True,1.3539453402877655e-07
lexicographic,ARAS,7,116,15.453300002263859,True,1.3539453402877655e-07
lexicographic,ARAS,7,117,20.915799992508255,True,1.3539453402877655e-07
lexicographic,ARAS,7,118,22.710999997798353,True,1.3539453402877655e-07
lexicographic,ARAS,7,119,27.302000002237037,True,1.3539453402877655e-07
lexicographic,ARAS,7,120,24.76300000853371,True,1.3539453402877655e-07
lexicographic,ARAS,7,121,22.54390000598505,True,1.3539453402877655e-07
lexicographic,ARAS,7,122,25.285299998358823,True,1.3539453402877655e-07
lexicographic,ARAS,7,123,20.983399997930974,True,1.3539453402877655e-07
lexicographic,ARAS,7,124,23.56539999891538,True,1.3539453402877655e-07
lexicographic,ARAS,7,125,23.872199992183596,True,1.3539453402877655e-07
lexicographic,ARAS,7,126,29.466099993442185,True,1.3539453402877655e-07
lexicographic,ARAS,7,127,23.970100010046735,True,1.3539453402877655e-07
lexicographic,ARAS,7,128,19.874599995091558,True,1.3539453402877655e-07
lexicographic,ARAS,7,129,30.467399992630817,True,1.3539453402877655e-07
lexicographic,ARAS,7,130,37.08809999807272,True,1.3539453402877655e-07
lexicographic,ARAS,7,131,25.07109999714885,True,1.3539453402877655e-07
lexicographic,ARAS,7,132,17.02649999060668,True,1.3539453402877655e-07
lexicographic,ARAS,7,133,19.209799997042865,True,1.3539453402877655e-07
lexicographic,ARAS,7,134,19.763999996939674,True,1.3539453402877655e-07
lexicographic,ARAS,7,135,18.947999997180887,True,1.3539453402877655e-07
lexicographic,ARAS,7,136,19.373000002815388,True,1.3539453402877655e-07
lexicographic,ARAS,7,137,20.083499999600463,True,1.3539453402877655e-07
lexicographic,ARAS,7,138,21.87709999270737,True,1.3539453402877655e-07
lexicographic,ARAS,7,139,21.907499991357327,True,1.3539453402877655e-07
lexicographic,ARAS,7,140,21.781400006148033,True,1.3539453402877655e-07
lexicographic,ARAS,7,141,26.48459999181796,True,1.3539453402877655e-07
lexicographic,ARAS,7,142,39.787000001524575,True,1.3539453402877655e-07
lexicographic,ARAS,7,143,34.88910000305623,True,1.3539453402877655e-07
lexicographic,ARAS,7,144,34.478300003684126,True,1.3539453402877655e-07
lexicographic,ARAS,7,145,32.96100000443403,True,1.3539453402877655e-07
lexicographic,ARAS,7,146,17.236599989701062,True,1.3539453402877655e-07
lexicographic,ARAS,7,147,17.282599990721792,True,1.3539453402877655e-07
lexicographic,ARAS,7,148,19.438700008322485,True,1.3539453402877655e-07
lexicographic,ARAS,7,149,21.422100006020628,True,1.3539453402877655e-07
lexicographic,ARAS,7,150,20.131899989792146,True,1.3539453402877655e-07
lexicographic,ARAS,7,151,18.900199997005984,True,1.3539453402877655e-07
lexicographic,ARAS,7,152,19.798299996182323,True,1.3539453402877655e-07
lexicographic,ARAS,7,153,23.680899990722537,True,1.3539453402877655e-07
lexicographic,ARAS,7,154,26.697499997681007,True,1.3539453402877655e-07
lexicographic,ARAS,7,155,20.415199993294664,True,1.3539453402877655e-07
lexicographic,ARAS,7,156,18.03239999571815,True,1.3539453402877655e-07
lexicographic,ARAS,7,157,19.660499994643033,True,1.3539453402877655e-07
lexicographic,ARAS,7,158,19.44919998641126,True,1.3539453402877655e-07
lexicographic,ARAS,7,159,17.614600001252256,True,1.3539453402877655e-07
lexicographic,ARAS,7,160,18.06390000274405,True,1.3539453402877655e-07
lexicographic,ARAS,7,161,19.967100000940263,True,1.3539453402877655e-07
lexicographic,ARAS,7,162,20.446799986530095,True,1.3539453402877655e-07
lexicographic,ARAS,7,163,37.03310000128113,True,1.3539453402877655e-07
lexicographic,ARAS,7,164,27.63270000286866,True,1.3539453402877655e-07
lexicographic,ARAS,7,165,22.39279999048449,True,1.3539453402877655e-07
lexicographic,ARAS,7,166,19.77919999626465,True,1.3539453402877655e-07
lexicographic,ARAS,7,167,20.344300006399862,True,1.3539453402877655e-07
lexicographic,ARAS,7,168,18.877900001825765,True,1.3539453402877655e-07
lexicographic,ARAS,7,169,17.701999997370876,True,1.3539453402877655e-07
lexicographic,ARAS,7,170,17.319599995971657,True,1.3539453402877655e-07
lexicographic,ARAS,7,171,22.203000000445172,True,1.3539453402877655e-07
lexicographic,ARAS,7,172,30.73160001076758,True,1.3539453402877655e-07
lexicographic,ARAS,7,173,25.46190000430215,True,1.3539453402877655e-07
lexicographic,ARAS,7,174,17.366299987770617,True,1.3539453402877655e-07
lexicographic,ARAS,7,175,18.849400003091432,True,1.3539453402877655e-07
lexicographic,ARAS,7,176,16.340100002707914,True,1.3539453402877655e-07
lexicographic,ARAS,7,177,14.468399996985681,True,1.3539453402877655e-07
lexicographic,ARAS,7,178,8.63339999341406,True,1.3539453402877655e-07
lexicographic,ARAS,7,179,9.911200002534315,True,1.3539453402877655e-07
lexicographic,ARAS,7,180,15.958900010446087,True,1.3539453402877655e-07
lexicographic,ARAS,7,181,17.97130001068581,True,1.3539453402877655e-07
lexicographic,ARAS,7,182,18.018400005530566,True,1.3539453402877655e-07
lexicographic,ARAS,7,183,15.015500001027249,True,1.3539453402877655e-07
lexicographic,ARAS,7,184,14.232100002118386,True,1.3539453402877655e-07
lexicographic,ARAS,7,185,13.657300005434081,True,1.3539453402877655e-07
lexicographic,ARAS,7,186,13.417199996183626,True,1.3539453402877655e-07
lexicographic,ARAS,7,187,16.097200001240708,True,1.3539453402877655e-07
lexicographic,ARAS,7,188,22.214500000700355,True,1.3539453402877655e-07
lexicographic,ARAS,7,189,23.789699989720248,True,1.3539453402877655e-07
lexicographic,ARAS,7,190,18.67140000103973,True,1.3539453402877655e-07
lexicographic,ARAS,7,191,17.4401999975089,True,1.3539453402877655e-07
lexicographic,ARAS,7,192,17.508799995994195,True,1.3539453402877655e-07
lexicographic,ARAS,7,193,21.67790000385139,True,1.3539453402877655e-07
lexicographic,ARAS,7,194,20.167900001979433,True,1.3539453402877655e-07
lexicographic,ARAS,7,195,18.188899994129315,True,1.3539453402877655e-07
lexicographic,ARAS,7,196,16.301299998303875,True,1.3539453402877655e-07
lexicographic,ARAS,7,197,16.54440000129398,True,1.3539453402877655e-07
lexicographic,ARAS,7,198,17.489000005298294,True,1.3539453402877655e-07
lexicographic,ARAS,7,199,10.257000001729466,True,1.3539453402877655e-07
lexicographic,WASPAS,7,0,15.349699999205768,True,4.611408332966249e-07
lexicographic,WASPAS,7,1,15.653700000257231,True,4.611408332966249e-07
lexicographic,WASPAS,7,2,18.977999992785044,True,4.611408332966249e-07
lexicographic,WASPAS,7,3,25.789999999688007,True,4.611408332966249e-07
lexicographic,WASPAS,7,4,21.25510000041686,True,4.611408332966249e-07
lexicographic,WASPAS,7,5,18.590599996969104,True,4.611408332966249e-07
lexicographic,WASPAS,7,6,17.899599988595583,True,4.611408332966249e-07
lexicographic,WASPAS,7,7,19.914699994842522,True,4.611408332966249e-07
lexicographic,WASPAS,7,8,18.785599997499958,True,4.611408332966249e-07
lexicographic,WASPAS,7,9,18.563699995866045,True,4.611408332966249e-07
lexicographic,WASPAS,7,10,16.188299996429123,True,4.611408332966249e-07
lexicographic,WASPAS,7,11,15.63029999670107,True,4.611408332966249e-07
lexicographic,WASPAS,7,12,17.846500006271526,True,4.611408332966249e-07
lexicographic,WASPAS,7,13,18.872900007409044,True,4.611408332966249e-07
lexicographic,WASPAS,7,14,17.300799998338334,True,4.611408332966249e-07
lexicographic,WASPAS,7,15,15.321200000471435,True,4.611408332966249e-07
lexicographic,WASPAS,7,16,14.929199998732656,True,4.611408332966249e-07
lexicographic,WASPAS,7,17,15.441499999724329,True,4.611408332966249e-07
lexicographic,WASPAS,7,18,21.631699986755848,True,4.611408332966249e-07
lexicographic,WASPAS,7,19,24.738599997363053,True,4.611408332966249e-07
lexicographic,WASPAS,7,20,19.92610000888817,True,4.611408332966249e-07
lexicographic,WASPAS,7,21,17.602100007934496,True,4.611408332966249e-07
lexicographic,WASPAS,7,22,16.773199997260235,True,4.611408332966249e-07
lexicographic,WASPAS,7,23,21.93010000337381,True,4.611408332966249e-07
lexicographic,WASPAS,7,24,17.3575999942841,True,4.611408332966249e-07
lexicographic,WASPAS,7,25,18.00050000019837,True,4.611408332966249e-07
lexicographic,WASPAS,7,26,19.854900005157106,True,4.611408332966249e-07
lexicographic,WASPAS,7,27,21.851299999980256,True,4.611408332966249e-07
lexicographic,WASPAS,7,28,26.20000000752043,True,4.611408332966249e-07
lexicographic,WASPAS,7,29,21.403000006102957,True,4.611408332966249e-07
lexicographic,WASPAS,7,30,19.53499999945052,True,4.611408332966249e-07
lexicographic,WASPAS,7,31,21.58169999893289,True,4.611408332966249e-07
lexicographic,WASPAS,7,32,21.796999993966892,True,4.611408332966249e-07
lexicographic,WASPAS,7,33,25.965499997255392,True,4.611408332966249e-07
lexicographic,WASPAS,7,34,23.371799994492903,True,4.611408332966249e-07
lexicographic,WASPAS,7,35,18.036499997833744,True,4.611408332966249e-07
lexicographic,WASPAS,7,36,18.73479998903349,True,4.611408332966249e-07
lexicographic,WASPAS,7,37,20.322399999713525,True,4.611408332966249e-07
lexicographic,WASPAS,7,38,19.494799998938106,True,4.611408332966249e-07
lexicographic,WASPAS,7,39,19.701099998201244,True,4.611408332966249e-07
lexicographic,WASPAS,7,40,19.587799994042143,True,4.611408332966249e-07
lexicographic,WASPAS,7,41,24.989500001538545,True,4.611408332966249e-07
lexicographic,WASPAS,7,42,23.87109999835957,True,4.611408332966249e-07
lexicographic,WASPAS,7,43,23.307499999646097,True,4.611408332966249e-07
lexicographic,WASPAS,7,44,25.141000005532987,True,4.611408332966249e-07
lexicographic,WASPAS,7,45,33.494000002974644,True,4.611408332966249e-07
lexicographic,WASPAS,7,46,24.829799993312918,True,4.611408332966249e-07
lexicographic,WASPAS,7,47,18.967500000144355,True,4.611408332966249e-07
lexicographic,WASPAS,7,48,24.214700009906664,True,4.611408332966249e-07
lexicographic,WASPAS,7,49,26.601699995808303,True,4.611408332966249e-07
lexicographic,WASPAS,7,50,27.06370000669267,True,4.611408332966249e-07
lexicographic,WASPAS,7,51,21.340899998904206,True,4.611408332966249e-07
lexicographic,WASPAS,7,52,21.392499998910353,True,4.611408332966249e-07
lexicographic,WASPAS,7,53,22.977299988269806,True,4.611408332966249e-07
lexicographic,WASPAS,7,54,24.795300007099286,True,4.611408332966249e-07
lexicographic,WASPAS,7,55,23.978299999726005,True,4.611408332966249e-07
lexicographic,WASPAS,7,56,17.8851999953622,True,4.611408332966249e-07
lexicographic,WASPAS,7,57,18.657699998584576,True,4.611408332966249e-07
lexicographic,WASPAS,7,58,17.697200004477054,True,4.611408332966249e-07
lexicographic,WASPAS,7,59,17.10610000009183,True,4.611408332966249e-07
lexicographic,WASPAS,7,60,16.67329999327194,True,4.611408332966249e-07
lexicographic,WASPAS,7,61,17.240299988770857,True,4.611408332966249e-07
lexicographic,WASPAS,7,62,19.557999999960884,True,4.611408332966249e-07
lexicographic,WASPAS,7,63,20.373299994389527,True,4.611408332966249e-07
lexicographic,WASPAS,7,64,18.69720000831876,True,4.611408332966249e-07
lexicographic,WASPAS,7,65,19.748999999137595,True,4.611408332966249e-07
lexicographic,WASPAS,7,66,18.45030000549741,True,4.611408332966249e-07
lexicographic,WASPAS,7,67,21.051699994131923,True,4.611408332966249e-07
lexicographic,WASPAS,7,68,20.837899995967746,True,4.611408332966249e-07
lexicographic,WASPAS,7,69,27.008900011423975,True,4.611408332966249e-07
lexicographic,WASPAS,7,70,18.118000007234514,True,4.611408332966249e-07
lexicographic,WASPAS,7,71,17.738099995767698,True,4.611408332966249e-07
lexicographic,WASPAS,7,72,19.786900011240505,True,4.611408332966249e-07
lexicographic,WASPAS,7,73,21.154000001843087,True,4.611408332966249e-07
lexicographic,WASPAS,7,74,19.065699991188012,True,4.611408332966249e-07
lexicographic,WASPAS,7,75,17.938799996045418,True,4.611408332966249e-07
lexicographic,WASPAS,7,76,17.688499996438622,True,4.611408332966249e-07
lexicographic,WASPAS,7,77,21.05409999785479,True,4.611408332966249e-07
lexicographic,WASPAS,7,78,23.77379999961704,True,4.611408332966249e-07
lexicographic,WASPAS,7,79,22.43909999378957,True,4.611408332966249e-07
lexicographic,WASPAS,7,80,17.508799995994195,True,4.611408332966249e-07
lexicographic,WASPAS,7,81,21.237699998891912,True,4.611408332966249e-07
lexicographic,WASPAS,7,82,20.533399991109036,True,4.611408332966249e-07
lexicographic,WASPAS,7,83,18.731399992248043,True,4.611408332966249e-07
lexicographic,WASPAS,7,84,17.977399998926558,True,4.611408332966249e-07
lexicographic,WASPAS,7,85,18.33459999761544,True,4.611408332966249e-07
lexicographic,WASPAS,7,86,21.12190000480041,True,4.611408332966249e-07
lexicographic,WASPAS,7,87,21.812599996337667,True,4.611408332966249e-07
lexicographic,WASPAS,7,88,19.19250001083128,True,4.611408332966249e-07
lexicographic,WASPAS,7,89,18.691000004764646,True,4.611408332966249e-07
lexicographic,WASPAS,7,90,17.399799995473586,True,4.611408332966249e-07
lexicographic,WASPAS,7,91,19.848099997034296,True,4.611408332966249e-07
lexicographic,WASPAS,7,92,23.19960000750143,True,4.611408332966249e-07
lexicographic,WASPAS,7,93,20.68469999358058,True,4.611408332966249e-07
lexicographic,WASPAS,7,94,18.28590000513941,True,4.611408332966249e-07
lexicographic,WASPAS,7,95,17.54459999210667,True,4.611408332966249e-07
lexicographic,WASPAS,7,96,23.857899999711663,True,4.611408332966249e-07
lexicographic,WASPAS,7,97,20.910699997330084,True,4.611408332966249e-07
lexicographic,WASPAS,7,98,19.238199995015748,True,4.611408332966249e-07
lexicographic,WASPAS,7,99,16.7593000078341,True,4.611408332966249e-07
lexicographic,WASPAS,7,100,18.47339999221731,True,4.611408332966249e-07
lexicographic,WASPAS,7,101,23.990799993043765,True,4.611408332966249e-07
lexicographic,WASPAS,7,102,19.683400008943863,True,4.611408332966249e-07
lexicographic,WASPAS,7,103,17.91110000340268,True,4.611408332966249e-07
lexicographic,WASPAS,7,104,16.004399993107654,True,4.611408332966249e-07
lexicographic,WASPAS,7,105,16.450800001621246,True,4.611408332966249e-07
lexicographic,WASPAS,7,106,26.216599988401867,True,4.611408332966249e-07
lexicographic,WASPAS,7,107,22.969700003159232,True,4.611408332966249e-07
lexicographic,WASPAS,7,108,17.74470000236761,True,4.611408332966249e-07
lexicographic,WASPAS,7,109,17.344499996397644,True,4.611408332966249e-07
lexicographic,WASPAS,7,110,23.624699999345466,True,4.611408332966249e-07
lexicographic,WASPAS,7,111,25.842500006547198,True,4.611408332966249e-07
lexicographic,WASPAS,7,112,22.28790000663139,True,4.611408332966249e-07
lexicographic,WASPAS,7,113,19.62360000470653,True,4.611408332966249e-07
lexicographic,WASPAS,7,114,20.84469998953864,True,4.611408332966249e-07
lexicographic,WASPAS,7,115,22.145300012198277,True,4.611408332966249e-07
lexicographic,WASPAS,7,116,21.12689999921713,True,4.611408332966249e-07
lexicographic,WASPAS,7,117,20.52019999246113,True,4.611408332966249e-07
lexicographic,WASPAS,7,118,20.634300002711825,True,4.611408332966249e-07
lexicographic,WASPAS,7,119,20.489499991526827,True,4.611408332966249e-07
lexicographic,WASPAS,7,120,20.902300006127916,True,4.611408332966249e-07
lexicographic,WASPAS,7,121,23.489799990784377,True,4.611408332966249e-07
lexicographic,WASPAS,7,122,20.299100011470728,True,4.611408332966249e-07
lexicographic,WASPAS,7,123,17.946499996469356,True,4.611408332966249e-07
lexicographic,WASPAS,7,124,19.945799998822622,True,4.611408332966249e-07
lexicographic,WASPAS,7,125,19.43500000925269,True,4.611408332966249e-07
lexicographic,WASPAS,7,126,17.539100008434616,True,4.611408332966249e-07
lexicographic,WASPAS,7,127,18.51880000322126,True,4.611408332966249e-07
lexicographic,WASPAS,7,128,19.09929999965243,True,4.611408332966249e-07
lexicographic,WASPAS,7,129,23.982600003364496,True,4.611408332966249e-07
lexicographic,WASPAS,7,130,23.522099989349954,True,4.611408332966249e-07
lexicographic,WASPAS,7,131,21.207300000241958,True,4.611408332966249e-07
lexicographic,WASPAS,7,132,20.298300005379133,True,4.611408332966249e-07
lexicographic,WASPAS,7,133,18.391000005067326,True,4.611408332966249e-07
lexicographic,WASPAS,7,134,19.73559999896679,True,4.611408332966249e-07
lexicographic,WASPAS,7,135,18.018400005530566,True,4.611408332966249e-07
lexicographic,WASPAS,7,136,17.727900005411357,True,4.611408332966249e-07
lexicographic,WASPAS,7,137,17.0912000030512,True,4.611408332966249e-07
lexicographic,WASPAS,7,138,20.436299993889406,True,4.611408332966249e-07
lexicographic,WASPAS,7,139,20.882699987851083,True,4.611408332966249e-07
lexicographic,WASPAS,7,140,19.884900000761263,True,4.611408332966249e-07
lexicographic,WASPAS,7,141,18.416599996271543,True,4.611408332966249e-07
lexicographic,WASPAS,7,142,19.727799997781403,True,4.611408332966249e-07
lexicographic,WASPAS,7,143,19.25650000339374,True,4.611408332966249e-07
lexicographic,WASPAS,7,144,20.9337999986019,True,4.611408332966249e-07
lexicographic,WASPAS,7,145,19.932399998651817,True,4.611408332966249e-07
lexicographic,WASPAS,7,146,18.020300005446188,True,4.611408332966249e-07
lexicographic,WASPAS,7,147,18.000299998675473,True,4.611408332966249e-07
lexicographic,WASPAS,7,148,18.057000008411705,True,4.611408332966249e-07
lexicographic,WASPAS,7,149,18.534300004830584,True,4.611408332966249e-07
lexicographic,WASPAS,7,150,19.34159999655094,True,4.611408332966249e-07
lexicographic,WASPAS,7,151,18.146199989132583,True,4.611408332966249e-07
lexicographic,WASPAS,7,152,16.36300000245683,True,4.611408332966249e-07
lexicographic,WASPAS,7,153,20.18330000282731,True,4.611408332966249e-07
lexicographic,WASPAS,7,154,20.30699999886565,True,4.611408332966249e-07
lexicographic,WASPAS,7,155,20.148799987509847,True,4.611408332966249e-07
lexicographic,WASPAS,7,156,20.576199996867217,True,4.611408332966249e-07
lexicographic,WASPAS,7,157,18.103299997164868,True,4.611408332966249e-07
lexicographic,WASPAS,7,158,22.678599998471327,True,4.611408332966249e-07
lexicographic,WASPAS,7,159,24.390599995967932,True,4.611408332966249e-07
lexicographic,WASPAS,7,160,22.35730001120828,True,4.611408332966249e-07
lexicographic,WASPAS,7,161,17.738700000336394,True,4.611408332966249e-07
lexicographic,WASPAS,7,162,17.469300000811927,True,4.611408332966249e-07
lexicographic,WASPAS,7,163,17.814099992392585,True,4.611408332966249e-07
lexicographic,WASPAS,7,164,17.16969998960849,True,4.611408332966249e-07
lexicographic,WASPAS,7,165,19.087100008619018,True,4.611408332966249e-07
lexicographic,WASPAS,7,166,17.544000002089888,True,4.611408332966249e-07
lexicographic,WASPAS,7,167,16.666600000462495,True,4.611408332966249e-07
lexicographic,WASPAS,7,168,19.937999997637235,True,4.611408332966249e-07
lexicographic,WASPAS,7,169,20.168700008071028,True,4.611408332966249e-07
lexicographic,WASPAS,7,170,16.5465000027325,True,4.611408332966249e-07
lexicographic,WASPAS,7,171,23.634400000446476,True,4.611408332966249e-07
lexicographic,WASPAS,7,172,32.431500003440306,True,4.611408332966249e-07
lexicographic,WASPAS,7,173,22.404499992262572,True,4.611408332966249e-07
lexicographic,WASPAS,7,174,19.716900002094917,True,4.611408332966249e-07
lexicographic,WASPAS,7,175,23.799000002327375,True,4.611408332966249e-07
lexicographic,WASPAS,7,176,26.722599999629892,True,4.611408332966249e-07
lexicographic,WASPAS,7,177,27.096300007542595,True,4.611408332966249e-07
lexicographic,WASPAS,7,178,19.824499991955236,True,4.611408332966249e-07
lexicographic,WASPAS,7,179,17.450899991672486,True,4.611408332966249e-07
lexicographic,WASPAS,7,180,21.216299996012822,True,4.611408332966249e-07
lexicographic,WASPAS,7,181,29.995599994435906,True,4.611408332966249e-07
lexicographic,WASPAS,7,182,34.353299997746944,True,4.611408332966249e-07
lexicographic,WASPAS,7,183,23.197499991510995,True,4.611408332966249e-07
lexicographic,WASPAS,7,184,19.175399997038767,True,4.611408332966249e-07
lexicographic,WASPAS,7,185,17.656299998634495,True,4.611408332966249e-07
lexicographic,WASPAS,7,186,17.094599999836646,True,4.611408332966249e-07
lexicographic,WASPAS,7,187,16.646999996737577,True,4.611408332966249e-07
lexicographic,WASPAS,7,188,17.00229999551084,True,4.611408332966249e-07
lexicographic,WASPAS,7,189,19.054999997024424,True,4.611408332966249e-07
lexicographic,WASPAS,7,190,25.454100003116764,True,4.611408332966249e-07
lexicographic,WASPAS,7,191,29.99519999139011,True,4.611408332966249e-07
lexicographic,WASPAS,7,192,20.675799998571165,True,4.611408332966249e-07
lexicographic,WASPAS,7,193,21.015400008764118,True,4.611408332966249e-07
lexicographic,WASPAS,7,194,22.71659999678377,True,4.611408332966249e-07
lexicographic,WASPAS,7,195,20.096199994441122,True,4.611408332966249e-07
lexicographic,WASPAS,7,196,19.881600004737265,True,4.611408332966249e-07
lexicographic,WASPAS,7,197,19.018199993297458,True,4.611408332966249e-07
lexicographic,WASPAS,7,198,19.614099990576506,True,4.611408332966249e-07
lexicographic,WASPAS,7,199,20.816599993850105,True,4.611408332966249e-07
nlp,RTOPSIS,2,0,130.1876999932574,True,9.933608415835238e-07
nlp,RTOPSIS,2,1,114.39079999399837,True,9.933608415835238e-07
nlp,RTOPSIS,2,2,101.7773999919882,True,9.933608415835238e-07
nlp,RTOPSIS,2,3,104.98729998653289,True,9.933608415835238e-07
nlp,RTOPSIS,2,4,96.4010000025155,True,9.933608415835238e-07
nlp,RTOPSIS,2,5,139.04460000048857,True,9.933608415835238e-07
nlp,RTOPSIS,2,6,113.06340000010096,True,9.933608415835238e-07
nlp,RTOPSIS,2,7,101.33059999498073,True,9.933608415835238e-07
nlp,RTOPSIS,2,8,116.02509999647737,True,9.933608415835238e-07
nlp,RTOPSIS,2,9,100.72869999567047,True,9.933608415835238e-07
nlp,RTOPSIS,2,10,128.5109000018565,True,9.933608415835238e-07
nlp,RTOPSIS,2,11,131.03430000774097,True,9.933608415835238e-07
nlp,RTOPSIS,2,12,111.34109999693464,True,9.933608415835238e-07
nlp,RTOPSIS,2,13,116.99150000640657,True,9.933608415835238e-07
nlp,RTOPSIS,2,14,105.49700001138262,True,9.933608415835238e-07
nlp,RTOPSIS,2,15,105.09270000329707,True,9.933608415835238e-07
nlp,RTOPSIS,2,16,115.05820001184475,True,9.933608415835238e-07
nlp,RTOPSIS,2,17,100.68770000361837,True,9.933608415835238e-07
nlp,RTOPSIS,2,18,108.5284999862779,True,9.933608415835238e-07
nlp,RTOPSIS,2,19,105.9769999992568,True,9.933608415835238e-07
nlp,RTOPSIS,2,20,100.5355000088457,True,9.933608415835238e-07
nlp,RTOPSIS,2,21,105.06709999754094,True,9.933608415835238e-07
nlp,RTOPSIS,2,22,123.97179999970831,True,9.933608415835238e-07
nlp,RTOPSIS,2,23,110.37619999842718,True,9.933608415835238e-07
nlp,RTOPSIS,2,24,115.01330000464804,True,9.933608415835238e-07
nlp,RTOPSIS,2,25,104.08689999894705,True,9.933608415835238e-07
nlp,RTOPSIS,2,26,96.65099999983795,True,9.933608415835238e-07
nlp,RTOPSIS,2,27,106.84239999682177,True,9.933608415835238e-07
nlp,RTOPSIS,2,28,107.51209998852573,True,9.933608415835238e-07
nlp,RTOPSIS,2,29,103.66419999627396,True,9.933608415835238e-07
nlp,RTOPSIS,2,30,95.56349999911617,True,9.933608415835238e-07
nlp,RTOPSIS,2,31,103.0899000033969,True,9.933608415835238e-07
nlp,RTOPSIS,2,32,98.10699999798089,True,9.933608415835238e-07
nlp,RTOPSIS,2,33,101.15529999893624,True,9.933608415835238e-07
nlp,RTOPSIS,2,34,145.73969999037217,True,9.933608415835238e-07
nlp,RTOPSIS,2,35,101.48749999643769,True,9.933608415835238e-07
nlp,RTOPSIS,2,36,102.86950001318473,True,9.933608415835238e-07
nlp,RTOPSIS,2,37,110.86410000280011,True,9.933608415835238e-07
nlp,RTOPSIS,2,38,98.37399999378249,True,9.933608415835238e-07
nlp,RTOPSIS,2,39,141.5370000031544,True,9.933608415835238e-07
nlp,RTOPSIS,2,40,145.18720000342,True,9.933608415835238e-07
nlp,RTOPSIS,2,41,106.68550000991672,True,9.933608415835238e-07
nlp,RTOPSIS,2,42,88.96680000179913,True,9.933608415835238e-07
nlp,RTOPSIS,2,43,97.8884000069229,True,9.933608415835238e-07
nlp,RTOPSIS,2,44,99.44990000803955,True,9.933608415835238e-07
nlp,RTOPSIS,2,45,97.03900000022259,True,9.933608415835238e-07
nlp,RTOPSIS,2,46,116.94209999404848,True,9.933608415835238e-07
nlp,RTOPSIS,2,47,94.06810000655241,True,9.933608415835238e-07
nlp,RTOPSIS,2,48,97.10539999650791,True,9.933608415835238e-07
nlp,RTOPSIS,2,49,113.86720000882633,True,9.933608415835238e-07
nlp,RTOPSIS,2,50,106.43390000041109,True,9.933608415835238e-07
nlp,RTOPSIS,2,51,107.7651999949012,True,9.933608415835238e-07
nlp,RTOPSIS,2,52,114.60390000138432,True,9.933608415835238e-07
nlp,RTOPSIS,2,53,118.30010000267066,True,9.933608415835238e-07
nlp,RTOPSIS,2,54,98.33350000553764,True,9.933608415835238e-07
nlp,RTOPSIS,2,55,107.98380000051111,True,9.933608415835238e-07
nlp,RTOPSIS,2,56,104.81559998879675,True,9.933608415835238e-07
nlp,RTOPSIS,2,57,91.76199999637902,True,9.933608415835238e-07
nlp,RTOPSIS,2,58,108.25629999453668,True,9.933608415835238e-07
nlp,RTOPSIS,2,59,109.7347000031732,True,9.933608415835238e-07
nlp,RTOPSIS,2,60,116.95329999201931,True,9.933608415835238e-07
nlp,RTOPSIS,2,61,117.5342000060482,True,9.933608415835238e-07
nlp,RTOPSIS,2,62,96.6669999907026,True,9.933608415835238e-07
nlp,RTOPSIS,2,63,100.13080001226626,True,9.933608415835238e-07
nlp,RTOPSIS,2,64,107.48010000679642,True,9.933608415835238e-07
nlp,RTOPSIS,2,65,104.10320000664797,True,9.933608415835238e-07
nlp,RTOPSIS,2,66,112.21779999323189,True,9.933608415835238e-07
nlp,RTOPSIS,2,67,118.14600000798237,True,9.933608415835238e-07
nlp,RTOPSIS,2,68,115.21360000187997,True,9.933608415835238e-07
nlp,RTOPSIS,2,69,109.81989999709185,True,9.933608415835238e-07
nlp,RTOPSIS,2,70,118.09739998716395,True,9.933608415835238e-07
nlp,RTOPSIS,2,71,112.83410000032745,True,9.933608415835238e-07
nlp,RTOPSIS,2,72,115.60109999845736,True,9.933608415835238e-07
nlp,RTOPSIS,2,73,112.6529000030132,True,9.933608415835238e-07
nlp,RTOPSIS,2,74,101.4469000074314,True,9.933608415835238e-07
nlp,RTOPSIS,2,75,126.40940000710543,True,9.933608415835238e-07
nlp,RTOPSIS,2,76,98.01709999737795,True,9.933608415835238e-07
nlp,RTOPSIS,2,77,100.13360000448301,True,9.933608415835238e-07
nlp,RTOPSIS,2,78,101.0798000061186,True,9.933608415835238e-07
nlp,RTOPSIS,2,79,95.45670000079554,True,9.933608415835238e-07
nlp,RTOPSIS,2,80,89.9451000004774,True,9.933608415835238e-07
nlp,RTOPSIS,2,81,98.6237000033725,True,9.933608415835238e-07
nlp,RTOPSIS,2,82,102.75950000504963,True,9.933608415835238e-07
nlp,RTOPSIS,2,83,120.66349999804515,True,9.933608415835238e-07
nlp,RTOPSIS,2,84,111.47810000693426,True,9.933608415835238e-07
nlp,RTOPSIS,2,85,107.76990000158548,True,9.933608415835238e-07
nlp,RTOPSIS,2,86,108.61760000989307,True,9.933608415835238e-07
nlp,RTOPSIS,2,87,104.29099999601021,True,9.933608415835238e-07
nlp,RTOPSIS,2,88,107.77430000598542,True,9.933608415835238e-07
nlp,RTOPSIS,2,89,112.10549999668729,True,9.933608415835238e-07
nlp,RTOPSIS,2,90,104.86320000200067,True,9.933608415835238e-07
nlp,RTOPSIS,2,91,107.53910000494216,True,9.933608415835238e-07
nlp,RTOPSIS,2,92,105.11489999771584,True,9.933608415835238e-07
nlp,RTOPSIS,2,93,98.82850000576582,True,9.933608415835238e-07
nlp,RTOPSIS,2,94,98.74429999035783,True,9.933608415835238e-07
nlp,RTOPSIS,2,95,90.94589999585878,True,9.933608415835238e-07
nlp,RTOPSIS,2,96,105.03800000878982,True,9.933608415835238e-07
nlp,RTOPSIS,2,97,104.48059999907855,True,9.933608415835238e-07
nlp,RTOPSIS,2,98,99.84460000123363,True,9.933608415835238e-07
nlp,RTOPSIS,2,99,100.6852999998955,True,9.933608415835238e-07
nlp,RTOPSIS,2,100,91.36890000081621,True,9.933608415835238e-07
nlp,RTOPSIS,2,101,97.70559999742545,True,9.933608415835238e-07
nlp,RTOPSIS,2,102,94.87499999522697,True,9.933608415835238e-07
nlp,RTOPSIS,2,103,95.13859999424312,True,9.933608415835238e-07
nlp,RTOPSIS,2,104,110.7765000051586,True,9.933608415835238e-07
nlp,RTOPSIS,2,105,95.95550000085495,True,9.933608415835238e-07
nlp,RTOPSIS,2,106,87.14499999769032,True,9.933608415835238e-07
nlp,RTOPSIS,2,107,100.14299998874776,True,9.933608415835238e-07
nlp,RTOPSIS,2,108,91.26590000232682,True,9.933608415835238e-07
nlp,RTOPSIS,2,109,103.64760000084061,True,9.933608415835238e-07
nlp,RTOPSIS,2,110,104.29080000903923,True,9.933608415835238e-07
nlp,RTOPSIS,2,111,102.96280001057312,True,9.933608415835238e-07
nlp,RTOPSIS,2,112,103.74489999958314,True,9.933608415835238e-07
nlp,RTOPSIS,2,113,102.45820001000538,True,9.933608415835238e-07
nlp,RTOPSIS,2,114,103.60289999516681,True,9.933608415835238e-07
nlp,RTOPSIS,2,115,89.91950000927318,True,9.933608415835238e-07
nlp,RTOPSIS,2,116,83.95529999688733,True,9.933608415835238e-07
nlp,RTOPSIS,2,117,106.02219999418594,True,9.933608415835238e-07
nlp,RTOPSIS,2,118,103.9180999941891,True,9.933608415835238e-07
nlp,RTOPSIS,2,119,108.12340000120457,True,9.933608415835238e-07
nlp,RTOPSIS,2,120,102.73790000064764,True,9.933608415835238e-07
nlp,RTOPSIS,2,121,84.90460000757594,True,9.933608415835238e-07
nlp,RTOPSIS,2,122,95.13240000524092,True,9.933608415835238e-07
nlp,RTOPSIS,2,123,106.47009999956936,True,9.933608415835238e-07
nlp,RTOPSIS,2,124,87.06170000368729,True,9.933608415835238e-07
nlp,RTOPSIS,2,125,103.52639999473467,True,9.933608415835238e-07
nlp,RTOPSIS,2,126,113.4196999919368,True,9.933608415835238e-07
nlp,RTOPSIS,2,127,114.59589999867603,True,9.933608415835238e-07
nlp,RTOPSIS,2,128,93.77410000888631,True,9.933608415835238e-07
nlp,RTOPSIS,2,129,101.09779999766033,True,9.933608415835238e-07
nlp,RTOPSIS,2,130,107.86040000675712,True,9.933608415835238e-07
nlp,RTOPSIS,2,131,89.28719999676105,True,9.933608415835238e-07
nlp,RTOPSIS,2,132,109.21589999634307,True,9.933608415835238e-07
nlp,RTOPSIS,2,133,93.52160000707954,True,9.933608415835238e-07
nlp,RTOPSIS,2,134,95.61459999531507,True,9.933608415835238e-07
nlp,RTOPSIS,2,135,105.18930001126137,True,9.933608415835238e-07
nlp,RTOPSIS,2,136,87.33209999627434,True,9.933608415835238e-07
nlp,RTOPSIS,2,137,91.24179999344051,True,9.933608415835238e-07
nlp,RTOPSIS,2,138,104.85260000859853,True,9.933608415835238e-07
nlp,RTOPSIS,2,139,88.40039999631699,True,9.933608415835238e-07
nlp,RTOPSIS,2,140,109.21799999778159,True,9.933608415835238e-07
nlp,RTOPSIS,2,141,83.19910000136588,True,9.933608415835238e-07
nlp,RTOPSIS,2,142,92.51249999215361,True,9.933608415835238e-07
nlp,RTOPSIS,2,143,104.78349999175407,True,9.933608415835238e-07
nlp,RTOPSIS,2,144,89.5194999902742,True,9.933608415835238e-07
nlp,RTOPSIS,2,145,92.29779998713639,True,9.933608415835238e-07
nlp,RTOPSIS,2,146,114.39879999670666,True,9.933608415835238e-07
nlp,RTOPSIS,2,147,87.0474999974249,True,9.933608415835238e-07
nlp,RTOPSIS,2,148,92.46060000441503,True,9.933608415835238e-07
nlp,RTOPSIS,2,149,103.59389999939594,True,9.933608415835238e-07
nlp,RTOPSIS,2,150,105.70630000438541,True,9.933608415835238e-07
nlp,RTOPSIS,2,151,97.61930000968277,True,9.933608415835238e-07
nlp,RTOPSIS,2,152,111.67909999494441,True,9.933608415835238e-07
nlp,RTOPSIS,2,153,106.5017000073567,True,9.933608415835238e-07
nlp,RTOPSIS,2,154,90.81690000311937,True,9.933608415835238e-07
nlp,RTOPSIS,2,155,99.26799999084324,True,9.933608415835238e-07
nlp,RTOPSIS,2,156,98.93300000112504,True,9.933608415835238e-07
nlp,RTOPSIS,2,157,89.96080000360962,True,9.933608415835238e-07
nlp,RTOPSIS,2,158,103.55119999439921,True,9.933608415835238e-07
nlp,RTOPSIS,2,159,107.6284000009764,True,9.933608415835238e-07
nlp,RTOPSIS,2,160,102.59709999081679,True,9.933608415835238e-07
nlp,RTOPSIS,2,161,105.10070000600535,True,9.933608415835238e-07
nlp,RTOPSIS,2,162,89.77010000671726,True,9.933608415835238e-07
nlp,RTOPSIS,2,163,93.13419999671169,True,9.933608415835238e-07
nlp,RTOPSIS,2,164,109.46619999594986,True,9.933608415835238e-07
nlp,RTOPSIS,2,165,97.3185999901034,True,9.933608415835238e-07
nlp,RTOPSIS,2,166,96.03789998800494,True,9.933608415835238e-07
nlp,RTOPSIS,2,167,107.57229999580886,True,9.933608415835238e-07
nlp,RTOPSIS,2,168,96.85590000299271,True,9.933608415835238e-07
nlp,RTOPSIS,2,169,95.26370000094175,True,9.933608415835238e-07
nlp,RTOPSIS,2,170,103.44889998668805,True,9.933608415835238e-07
nlp,RTOPSIS,2,171,89.82539999124128,True,9.933608415835238e-07
nlp,RTOPSIS,2,172,118.0449000094086,True,9.933608415835238e-07
nlp,RTOPSIS,2,173,111.09299999952782,True,9.933608415835238e-07
nlp,RTOPSIS,2,174,102.47199999867007,True,9.933608415835238e-07
nlp,RTOPSIS,2,175,93.17690000170842,True,9.933608415835238e-07
nlp,RTOPSIS,2,176,104.02339999563992,True,9.933608415835238e-07
nlp,RTOPSIS,2,177,96.1373000027379,True,9.933608415835238e-07
nlp,RTOPSIS,2,178,100.12779998942278,True,9.933608415835238e-07
nlp,RTOPSIS,2,179,110.40730000240728,True,9.933608415835238e-07
nlp,RTOPSIS,2,180,92.34090000973083,True,9.933608415835238e-07
nlp,RTOPSIS,2,181,95.19690000161063,True,9.933608415835238e-07
nlp,RTOPSIS,2,182,109.07700000097975,True,9.933608415835238e-07
nlp,RTOPSIS,2,183,93.97100000933278,True,9.933608415835238e-07
nlp,RTOPSIS,2,184,94.45570000389125,True,9.933608415835238e-07
nlp,RTOPSIS,2,185,107.23700000380632,True,9.933608415835238e-07
nlp,RTOPSIS,2,186,94.03680000104941,True,9.933608415835238e-07
nlp,RTOPSIS,2,187,107.87300000083633,True,9.933608415835238e-07
nlp,RTOPSIS,2,188,93.4032999939518,True,9.933608415835238e-07
nlp,RTOPSIS,2,189,86.71309999772348,True,9.933608415835238e-07
nlp,RTOPSIS,2,190,113.59999999694992,True,9.933608415835238e-07
nlp,RTOPSIS,2,191,95.63700000580866,True,9.933608415835238e-07
nlp,RTOPSIS,2,192,96.15599999960978,True,9.933608415835238e-07
nlp,RTOPSIS,2,193,111.17499999818392,True,9.933608415835238e-07
nlp,RTOPSIS,2,194,92.0522000087658,True,9.933608415835238e-07
nlp,RTOPSIS,2,195,104.53060000145342,True,9.933608415835238e-07
nlp,RTOPSIS,2,196,102.1100999932969,True,9.933608415835238e-07
nlp,RTOPSIS,2,197,98.8872000016272,True,9.933608415835238e-07
nlp,RTOPSIS,2,198,93.8151000009384,True,9.933608415835238e-07
nlp,RTOPSIS,2,199,94.90090000326745,True,9.933608415835238e-07
nlp,SAW,2,0,85.85319999838248,True,1.000000000139778e-06
nlp,SAW,2,1,84.51359999889974,True,1.000000000139778e-06
nlp,SAW,2,2,97.43080000043847,True,1.000000000139778e-06
nlp,SAW,2,3,93.49689999362454,True,1.000000000139778e-06
nlp,SAW,2,4,84.01740000408608,True,1.000000000139778e-06
nlp,SAW,2,5,103.1383000081405,True,1.000000000139778e-06
nlp,SAW,2,6,84.33499999227934,True,1.000000000139778e-06
nlp,SAW,2,7,81.13639999646693,True,1.000000000139778e-06
nlp,SAW,2,8,106.05069999292027,True,1.000000000139778e-06
nlp,SAW,2,9,87.8769000119064,True,1.000000000139778e-06
nlp,SAW,2,10,81.717099994421,True,1.000000000139778e-06
nlp,SAW,2,11,92.2015999967698,True,1.000000000139778e-06
nlp,SAW,2,12,98.79750000254717,True,1.000000000139778e-06
nlp,SAW,2,13,83.7928999972064,True,1.000000000139778e-06
nlp,SAW,2,14,95.32949999265838,True,1.000000000139778e-06
nlp,SAW,2,15,92.88789999845903,True,1.000000000139778e-06
nlp,SAW,2,16,96.16280000773259,True,1.000000000139778e-06
nlp,SAW,2,17,79.02959999046288,True,1.000000000139778e-06
nlp,SAW,2,18,83.28970000729896,True,1.000000000139778e-06
nlp,SAW,2,19,97.67790000478271,True,1.000000000139778e-06
nlp,SAW,2,20,87.55709999240935,True,1.000000000139778e-06
nlp,SAW,2,21,96.5717999933986,True,1.000000000139778e-06
nlp,SAW,2,22,91.3559000036912,True,1.000000000139778e-06
nlp,SAW,2,23,96.49750000971835,True,1.000000000139778e-06
nlp,SAW,2,24,92.85060000547674,True,1.000000000139778e-06
nlp,SAW,2,25,100.60799999337178,True,1.000000000139778e-06
nlp,SAW,2,26,109.77039999852423,True,1.000000000139778e-06
nlp,SAW,2,27,93.48890000546817,True,1.000000000139778e-06
nlp,SAW,2,28,96.91429999656975,True,1.000000000139778e-06
nlp,SAW,2,29,90.0744999962626,True,1.000000000139778e-06
nlp,SAW,2,30,84.25590000115335,True,1.000000000139778e-06
nlp,SAW,2,31,99.99229999084491,True,1.000000000139778e-06
nlp,SAW,2,32,94.86230000038631,True,1.000000000139778e-06
nlp,SAW,2,33,104.05860000173561,True,1.000000000139778e-06
nlp,SAW,2,34,99.10950000630692,True,1.000000000139778e-06
nlp,SAW,2,35,89.23039998626336,True,1.000000000139778e-06
nlp,SAW,2,36,80.91819999390282,True,1.000000000139778e-06
nlp,SAW,2,37,95.98569999798201,True,1.000000000139778e-06
nlp,SAW,2,38,80.53110000037123,True,1.000000000139778e-06
nlp,SAW,2,39,82.67820000764914,True,1.000000000139778e-06
nlp,SAW,2,40,92.0507999981055,True,1.000000000139778e-06
nlp,SAW,2,41,80.65590000478551,True,1.000000000139778e-06
nlp,SAW,2,42,88.86099999654107,True,1.000000000139778e-06
nlp,SAW,2,43,89.50200000253972,True,1.000000000139778e-06
nlp,SAW,2,44,84.04469999368303,True,1.000000000139778e-06
nlp,SAW,2,45,93.58680000877939,True,1.000000000139778e-06
nlp,SAW,2,46,84.03009999892674,True,1.000000000139778e-06
nlp,SAW,2,47,89.01919999334496,True,1.000000000139778e-06
nlp,SAW,2,48,90.03880000091158,True,1.000000000139778e-06
nlp,SAW,2,49,92.36999999848194,True,1.000000000139778e-06
nlp,SAW,2,50,88.321300005191,True,1.000000000139778e-06
nlp,SAW,2,51,89.84130001044832,True,1.000000000139778e-06
nlp,SAW,2,52,89.83460000308696,True,1.000000000139778e-06
nlp,SAW,2,53,83.44729999953415,True,1.000000000139778e-06
nlp,SAW,2,54,87.48750000086147,True,1.000000000139778e-06
nlp,SAW,2,55,96.10199999588076,True,1.000000000139778e-06
nlp,SAW,2,56,86.08249999815598,True,1.000000000139778e-06
nlp,SAW,2,57,87.28940000582952,True,1.000000000139778e-06
nlp,SAW,2,58,101.08380000747275,True,1.000000000139778e-06
nlp,SAW,2,59,87.33320000465028,True,1.000000000139778e-06
nlp,SAW,2,60,92.57430001161993,True,1.000000000139778e-06
nlp,SAW,2,61,87.16249999997672,True,1.000000000139778e-06
nlp,SAW,2,62,82.25540000421461,True,1.000000000139778e-06
nlp,SAW,2,63,93.27879999182187,True,1.000000000139778e-06
nlp,SAW,2,64,88.40829999826383,True,1.000000000139778e-06
nlp,SAW,2,65,84.43940000142902,True,1.000000000139778e-06
nlp,SAW,2,66,88.66770000895485,True,1.000000000139778e-06
nlp,SAW,2,67,92.43360000255052,True,1.000000000139778e-06
nlp,SAW,2,68,97.02469999319874,True,1.000000000139778e-06
nlp,SAW,2,69,90.82990000024438,True,1.000000000139778e-06
nlp,SAW,2,70,69.96359999175183,True,1.000000000139778e-06
nlp,SAW,2,71,84.6021000033943,True,1.000000000139778e-06
nlp,SAW,2,72,98.96240000671241,True,1.000000000139778e-06
nlp,SAW,2,73,87.94100000523031,True,1.000000000139778e-06
nlp,SAW,2,74,97.72590000648052,True,1.000000000139778e-06
nlp,SAW,2,75,94.53020000364631,True,1.000000000139778e-06
nlp,SAW,2,76,86.93499999935739,True,1.000000000139778e-06
nlp,SAW,2,77,94.90300000470597,True,1.000000000139778e-06
nlp,SAW,2,78,95.27459999662824,True,1.000000000139778e-06
nlp,SAW,2,79,97.1782999986317,True,1.000000000139778e-06
nlp,SAW,2,80,82.67119999800343,True,1.000000000139778e-06
nlp,SAW,2,81,101.39720000734087,True,1.000000000139778e-06
nlp,SAW,2,82,96.2714000052074,True,1.000000000139778e-06
nlp,SAW,2,83,93.18949999578763,True,1.000000000139778e-06
nlp,SAW,2,84,92.16169999854174,True,1.000000000139778e-06
nlp,SAW,2,85,102.77389999828301,True,1.000000000139778e-06
nlp,SAW,2,86,92.14939999219496,True,1.000000000139778e-06
nlp,SAW,2,87,90.85560000676196,True,1.000000000139778e-06
nlp,SAW,2,88,78.20489999721758,True,1.000000000139778e-06
nlp,SAW,2,89,80.55850000528153,True,1.000000000139778e-06
nlp,SAW,2,90,100.6434999871999,True,1.000000000139778e-06
nlp,SAW,2,91,89.40110000548884,True,1.000000000139778e-06
nlp,SAW,2,92,99.59130000788718,True,1.000000000139778e-06
nlp,SAW,2,93,88.85699999518692,True,1.000000000139778e-06
nlp,SAW,2,94,93.15820000483654,True,1.000000000139778e-06
nlp,SAW,2,95,91.08569999807514,True,1.000000000139778e-06
nlp,SAW,2,96,93.9213999954518,True,1.000000000139778e-06
nlp,SAW,2,97,102.3709000000963,True,1.000000000139778e-06
nlp,SAW,2,98,91.02780000830535,True,1.000000000139778e-06
nlp,SAW,2,99,96.36820000014268,True,1.000000000139778e-06
nlp,SAW,2,100,82.70700000866782,True,1.000000000139778e-06
nlp,SAW,2,101,105.22340000898112,True,1.000000000139778e-06
nlp,SAW,2,102,90.29170000576414,True,1.000000000139778e-06
nlp,SAW,2,103,108.33760000241455,True,1.000000000139778e-06
nlp,SAW,2,104,86.03620000940282,True,1.000000000139778e-06
nlp,SAW,2,105,103.10049999679904,True,1.000000000139778e-06
nlp,SAW,2,106,81.82500000111759,True,1.000000000139778e-06
nlp,SAW,2,107,84.84049999970011,True,1.000000000139778e-06
nlp,SAW,2,108,100.53219999826979,True,1.000000000139778e-06
nlp,SAW,2,109,86.7456999985734,True,1.000000000139778e-06
nlp,SAW,2,110,86.41189998888876,True,1.000000000139778e-06
nlp,SAW,2,111,96.60620000795461,True,1.000000000139778e-06
nlp,SAW,2,112,93.45470000698697,True,1.000000000139778e-06
nlp,SAW,2,113,86.65539999492466,True,1.000000000139778e-06
nlp,SAW,2,114,88.3818999864161,True,1.000000000139778e-06
nlp,SAW,2,115,91.85849998902995,True,1.000000000139778e-06
nlp,SAW,2,116,86.0236000007717,True,1.000000000139778e-06
nlp,SAW,2,117,85.32329999434296,True,1.000000000139778e-06
nlp,SAW,2,118,98.61990000354126,True,1.000000000139778e-06
nlp,SAW,2,119,91.75399999367073,True,1.000000000139778e-06
nlp,SAW,2,120,101.88790000393055,True,1.000000000139778e-06
nlp,SAW,2,121,76.67429999855813,True,1.000000000139778e-06
nlp,SAW,2,122,77.66110000375193,True,1.000000000139778e-06
nlp,SAW,2,123,92.28969999821857,True,1.000000000139778e-06
nlp,SAW,2,124,85.04789999278728,True,1.000000000139778e-06
nlp,SAW,2,125,81.33839999209158,True,1.000000000139778e-06
nlp,SAW,2,126,84.90580000216141,True,1.000000000139778e-06
nlp,SAW,2,127,91.55889999237843,True,1.000000000139778e-06
nlp,SAW,2,128,88.74009999271948,True,1.000000000139778e-06
nlp,SAW,2,129,94.8896999907447,True,1.000000000139778e-06
nlp,SAW,2,130,86.99699999124277,True,1.000000000139778e-06
nlp,SAW,2,131,83.0502000026172,True,1.000000000139778e-06
nlp,SAW,2,132,99.78630000841804,True,1.000000000139778e-06
nlp,SAW,2,133,80.32059999823105,True,1.000000000139778e-06
nlp,SAW,2,134,85.73390000674408,True,1.000000000139778e-06
nlp,SAW,2,135,97.06070000538602,True,1.000000000139778e-06
nlp,SAW,2,136,80.20480000413954,True,1.000000000139778e-06
nlp,SAW,2,137,87.66919998743106,True,1.000000000139778e-06
nlp,SAW,2,138,87.87490001122933,True,1.000000000139778e-06
nlp,SAW,2,139,87.52529999765102,True,1.000000000139778e-06
nlp,SAW,2,140,91.7773999972269,True,1.000000000139778e-06
nlp,SAW,2,141,94.35210000083316,True,1.000000000139778e-06
nlp,SAW,2,142,87.05899999768008,True,1.000000000139778e-06
nlp,SAW,2,143,92.74039999581873,True,1.000000000139778e-06
nlp,SAW,2,144,100.05259999888949,True,1.000000000139778e-06
nlp,SAW,2,145,93.86090000043623,True,1.000000000139778e-06
nlp,SAW,2,146,88.35890000045765,True,1.000000000139778e-06
nlp,SAW,2,147,94.08160000748467,True,1.000000000139778e-06
nlp,SAW,2,148,97.00629999861121,True,1.000000000139778e-06
nlp,SAW,2,149,99.91239999362733,True,1.000000000139778e-06
nlp,SAW,2,150,96.3668000040343,True,1.000000000139778e-06
nlp,SAW,2,151,90.35009999934118,True,1.000000000139778e-06
nlp,SAW,2,152,97.55419999419246,True,1.000000000139778e-06
nlp,SAW,2,153,92.47629999299534,True,1.000000000139778e-06
nlp,SAW,2,154,97.9875000048196,True,1.000000000139778e-06
nlp,SAW,2,155,89.33420000539627,True,1.000000000139778e-06
nlp,SAW,2,156,100.11980000126641,True,1.000000000139778e-06
nlp,SAW,2,157,93.2258999964688,True,1.000000000139778e-06
nlp,SAW,2,158,91.20249999978114,True,1.000000000139778e-06
nlp,SAW,2,159,81.44570000877138,True,1.000000000139778e-06
nlp,SAW,2,160,91.32609999505803,True,1.000000000139778e-06
nlp,SAW,2,161,82.79559999937192,True,1.000000000139778e-06
nlp,SAW,2,162,84.66919999045786,True,1.000000000139778e-06
nlp,SAW,2,163,102.15369999059476,True,1.000000000139778e-06
nlp,SAW,2,164,83.55290000326931,True,1.000000000139778e-06
nlp,SAW,2,165,83.2832000014605,True,1.000000000139778e-06
nlp,SAW,2,166,102.26220000186004,True,1.000000000139778e-06
nlp,SAW,2,167,84.39740000176243,True,1.000000000139778e-06
nlp,SAW,2,168,83.5259000014048,True,1.000000000139778e-06
nlp,SAW,2,169,87.94310000666883,True,1.000000000139778e-06
nlp,SAW,2,170,87.60009999969043,True,1.000000000139778e-06
nlp,SAW,2,171,81.07119999476708,True,1.000000000139778e-06
nlp,SAW,2,172,84.56489999662153,True,1.000000000139778e-06
nlp,SAW,2,173,91.80530000594445,True,1.000000000139778e-06
nlp,SAW,2,174,94.55650000018068,True,1.000000000139778e-06
nlp,SAW,2,175,97.72810000868049,True,1.000000000139778e-06
nlp,SAW,2,176,85.74049999879207,True,1.000000000139778e-06
nlp,SAW,2,177,89.50729999924079,True,1.000000000139778e-06
nlp,SAW,2,178,104.69019999436568,True,1.000000000139778e-06
nlp,SAW,2,179,83.65919999778271,True,1.000000000139778e-06
nlp,SAW,2,180,80.67079998727422,True,1.000000000139778e-06
nlp,SAW,2,181,97.0928000024287,True,1.000000000139778e-06
nlp,SAW,2,182,86.16540000366513,True,1.000000000139778e-06
nlp,SAW,2,183,84.72920001077,True,1.000000000139778e-06
nlp,SAW,2,184,86.57119999406859,True,1.000000000139778e-06
nlp,SAW,2,185,86.22230000037234,True,1.000000000139778e-06
nlp,SAW,2,186,85.3301999886753,True,1.000000000139778e-06
nlp,SAW,2,187,93.0073000054108,True,1.000000000139778e-06
nlp,SAW,2,188,88.03649999026675,True,1.000000000139778e-06
nlp,SAW,2,189,80.88569999381434,True,1.000000000139778e-06
nlp,SAW,2,190,92.37189999839757,True,1.000000000139778e-06
nlp,SAW,2,191,92.33989998756442,True,1.000000000139778e-06
nlp,SAW,2,192,87.03219999733847,True,1.000000000139778e-06
nlp,SAW,2,193,100.78059999796096,True,1.000000000139778e-06
nlp,SAW,2,194,80.40250001067761,True,1.000000000139778e-06
nlp,SAW,2,195,78.89450000948273,True,1.000000000139778e-06
nlp,SAW,2,196,86.8256000103429,True,1.000000000139778e-06
nlp,SAW,2,197,92.92139999161009,True,1.000000000139778e-06
nlp,SAW,2,198,93.6395999888191,True,1.000000000139778e-06
nlp,SAW,2,199,89.63210000365507,True,1.000000000139778e-06
nlp,VIKOR,2,0,87.64120000705589,True,9.999999996956888e-07
nlp,VIKOR,2,1,100.452700004098,True,9.999999996956888e-07
nlp,VIKOR,2,2,91.77300000737887,True,9.999999996956888e-07
nlp,VIKOR,2,3,85.79549999558367,True,9.999999996956888e-07
nlp,VIKOR,2,4,103.46489999210462,True,9.999999996956888e-07
nlp,VIKOR,2,5,88.76240000245161,True,9.999999996956888e-07
nlp,VIKOR,2,6,90.85760000743903,True,9.999999996956888e-07
nlp,VIKOR,2,7,99.44730000279378,True,9.999999996956888e-07
nlp,VIKOR,2,8,96.78160000476055,True,9.999999996956888e-07
nlp,VIKOR,2,9,98.06920000119135,True,9.999999996956888e-07
nlp,VIKOR,2,10,97.19570000015665,True,9.999999996956888e-07
nlp,VIKOR,2,11,88.35400000680238,True,9.999999996956888e-07
nlp,VIKOR,2,12,102.11989999515936,True,9.999999996956888e-07
nlp,VIKOR,2,13,93.14250000170432,True,9.999999996956888e-07
nlp,VIKOR,2,14,88.27549999114126,True,9.999999996956888e-07
nlp,VIKOR,2,15,96.00929998850916,True,9.999999996956888e-07
nlp,VIKOR,2,16,94.76470001391135,True,9.999999996956888e-07
nlp,VIKOR,2,17,88.25079999223817,True,9.999999996956888e-07
nlp,VIKOR,2,18,93.111999987741,True,9.999999996956888e-07
nlp,VIKOR,2,19,103.48190000513569,True,9.999999996956888e-07
nlp,VIKOR,2,20,99.41589999652933,True,9.999999996956888e-07
nlp,VIKOR,2,21,95.81879999313969,True,9.999999996956888e-07
nlp,VIKOR,2,22,92.70719999040011,True,9.999999996956888e-07
nlp,VIKOR,2,23,82.89740000327583,True,9.999999996956888e-07
nlp,VIKOR,2,24,90.37890000035986,True,9.999999996956888e-07
nlp,VIKOR,2,25,85.88870000676252,True,9.999999996956888e-07
nlp,VIKOR,2,26,86.91640000324696,True,9.999999996956888e-07
nlp,VIKOR,2,27,104.03709999809507,True,9.999999996956888e-07
nlp,VIKOR,2,28,94.71570000459906,True,9.999999996956888e-07
nlp,VIKOR,2,29,86.28570000291802,True,9.999999996956888e-07
nlp,VIKOR,2,30,107.1010000014212,True,9.999999996956888e-07
nlp,VIKOR,2,31,88.20710000873078,True,9.999999996956888e-07
nlp,VIKOR,2,32,87.39480000804178,True,9.999999996956888e-07
nlp,VIKOR,2,33,99.4213999947533,True,9.999999996956888e-07
nlp,VIKOR,2,34,89.04649999749381,True,9.999999996956888e-07
nlp,VIKOR,2,35,88.90180000162218,True,9.999999996956888e-07
nlp,VIKOR,2,36,106.50779999559745,True,9.999999996956888e-07
nlp,VIKOR,2,37,85.31730000686366,True,9.999999996956888e-07
nlp,VIKOR,2,38,86.81259999866597,True,9.999999996956888e-07
nlp,VIKOR,2,39,100.11990000202786,True,9.999999996956888e-07
nlp,VIKOR,2,40,94.29749999253545,True,9.999999996956888e-07
nlp,VIKOR,2,41,107.39900000044145,True,9.999999996956888e-07
nlp,VIKOR,2,42,105.01850000582635,True,9.999999996956888e-07
nlp,VIKOR,2,43,100.92690000601579,True,9.999999996956888e-07
nlp,VIKOR,2,44,96.21399999014102,True,9.999999996956888e-07
nlp,VIKOR,2,45,90.4346000024816,True,9.999999996956888e-07
nlp,VIKOR,2,46,101.14630000316538,True,9.999999996956888e-07
nlp,VIKOR,2,47,91.55240000109188,True,9.999999996956888e-07
nlp,VIKOR,2,48,88.19139999104664,True,9.999999996956888e-07
nlp,VIKOR,2,49,101.33510000014212,True,9.999999996956888e-07
nlp,VIKOR,2,50,87.14519999921322,True,9.999999996956888e-07
nlp,VIKOR,2,51,94.43349999492057,True,9.999999996956888e-07
nlp,VIKOR,2,52,97.3748000105843,True,9.999999996956888e-07
nlp,VIKOR,2,53,86.9957999966573,True,9.999999996956888e-07
nlp,VIKOR,2,54,93.0621000006795,True,9.999999996956888e-07
nlp,VIKOR,2,55,100.39449999749195,True,9.999999996956888e-07
nlp,VIKOR,2,56,90.58260000892915,True,9.999999996956888e-07
nlp,VIKOR,2,57,90.48290000646375,True,9.999999996956888e-07
nlp,VIKOR,2,58,102.48700001102407,True,9.999999996956888e-07
nlp,VIKOR,2,59,85.44650000112597,True,9.999999996956888e-07
nlp,VIKOR,2,60,86.58599999034777,True,9.999999996956888e-07
nlp,VIKOR,2,61,99.28300000319723,True,9.999999996956888e-07
nlp,VIKOR,2,62,80.86610000464134,True,9.999999996956888e-07
nlp,VIKOR,2,63,90.99840000271797,True,9.999999996956888e-07
nlp,VIKOR,2,64,110.33340000722092,True,9.999999996956888e-07
nlp,VIKOR,2,65,136.64689999131951,True,9.999999996956888e-07
nlp,VIKOR,2,66,97.6953999925172,True,9.999999996956888e-07
nlp,VIKOR,2,67,99.71850000147242,True,9.999999996956888e-07
nlp,VIKOR,2,68,112.2864000062691,True,9.999999996956888e-07
nlp,VIKOR,2,69,98.85229999781586,True,9.999999996956888e-07
nlp,VIKOR,2,70,100.06490000523627,True,9.999999996956888e-07
nlp,VIKOR,2,71,102.57050000654999,True,9.999999996956888e-07
nlp,VIKOR,2,72,98.94929999427404,True,9.999999996956888e-07
nlp,VIKOR,2,73,103.91260001051705,True,9.999999996956888e-07
nlp,VIKOR,2,74,101.39959999651182,True,9.999999996956888e-07
nlp,VIKOR,2,75,95.39139999833424,True,9.999999996956888e-07
nlp,VIKOR,2,76,107.82499999913853,True,9.999999996956888e-07
nlp,VIKOR,2,77,95.22149999975227,True,9.999999996956888e-07
nlp,VIKOR,2,78,93.38789999310393,True,9.999999996956888e-07
nlp,VIKOR,2,79,93.93360000103712,True,9.999999996956888e-07
nlp,VIKOR,2,80,99.94020000158343,True,9.999999996956888e-07
nlp,VIKOR,2,81,123.34410000767093,True,9.999999996956888e-07
nlp,VIKOR,2,82,97.60359999199864,True,9.999999996956888e-07
nlp,VIKOR,2,83,97.5380000018049,True,9.999999996956888e-07
nlp,VIKOR,2,84,109.77759999514092,True,9.999999996956888e-07
nlp,VIKOR,2,85,98.92650000983849,True,9.999999996956888e-07
nlp,VIKOR,2,86,104.19729999557603,True,9.999999996956888e-07
nlp,VIKOR,2,87,104.45610000169836,True,9.999999996956888e-07
nlp,VIKOR,2,88,104.0668000059668,True,9.999999996956888e-07
nlp,VIKOR,2,89,93.0882999964524,True,9.999999996956888e-07
nlp,VIKOR,2,90,92.42390000144951,True,9.999999996956888e-07
nlp,VIKOR,2,91,104.88919999625068,True,9.999999996956888e-07
nlp,VIKOR,2,92,97.18810000049416,True,9.999999996956888e-07
nlp,VIKOR,2,93,94.76169999106787,True,9.999999996956888e-07
nlp,VIKOR,2,94,98.1968000123743,True,9.999999996956888e-07
nlp,VIKOR,2,95,98.59560000768397,True,9.999999996956888e-07
nlp,VIKOR,2,96,115.14160000660922,True,9.999999996956888e-07
nlp,VIKOR,2,97,104.64539998793043,True,9.999999996956888e-07
nlp,VIKOR,2,98,96.02300000551622,True,9.999999996956888e-07
nlp,VIKOR,2,99,113.47149999346584,True,9.999999996956888e-07
nlp,VIKOR,2,100,97.41980000399053,True,9.999999996956888e-07
nlp,VIKOR,2,101,96.24469999107532,True,9.999999996956888e-07
nlp,VIKOR,2,102,103.24430000036955,True,9.999999996956888e-07
nlp,VIKOR,2,103,92.72900001087692,True,9.999999996956888e-07
nlp,VIKOR,2,104,108.09870000230148,True,9.999999996956888e-07
nlp,VIKOR,2,105,105.53039998922031,True,9.999999996956888e-07
nlp,VIKOR,2,106,104.53430000052322,True,9.999999996956888e-07
nlp,VIKOR,2,107,97.88499999558553,True,9.999999996956888e-07
nlp,VIKOR,2,108,94.83010000258218,True,9.999999996956888e-07
nlp,VIKOR,2,109,116.67509999824688,True,9.999999996956888e-07
nlp,VIKOR,2,110,94.46670000033919,True,9.999999996956888e-07
nlp,VIKOR,2,111,107.08130001148675,True,9.999999996956888e-07
nlp,VIKOR,2,112,101.30939999362454,True,9.999999996956888e-07
nlp,VIKOR,2,113,89.24359999946319,True,9.999999996956888e-07
nlp,VIKOR,2,114,97.95109998958651,True,9.999999996956888e-07
nlp,VIKOR,2,115,94.01999998954125,True,9.999999996956888e-07
nlp,VIKOR,2,116,92.70059999835212,True,9.999999996956888e-07
nlp,VIKOR,2,117,96.20510000968352,True,9.999999996956888e-07
nlp,VIKOR,2,118,94.08790001180023,True,9.999999996956888e-07
nlp,VIKOR,2,119,94.13480000512209,True,9.999999996956888e-07
nlp,VIKOR,2,120,98.5964999999851,True,9.999999996956888e-07
nlp,VIKOR,2,121,105.8296999981394,True,9.999999996956888e-07
nlp,VIKOR,2,122,95.80660000210628,True,9.999999996956888e-07
nlp,VIKOR,2,123,120.23000000044703,True,9.999999996956888e-07
nlp,VIKOR,2,124,91.43590000167023,True,9.999999996956888e-07
nlp,VIKOR,2,125,103.76829998858739,True,9.999999996956888e-07
nlp,VIKOR,2,126,98.18059999088291,True,9.999999996956888e-07
nlp,VIKOR,2,127,92.8775000065798,True,9.999999996956888e-07
nlp,VIKOR,2,128,96.98480000952259,True,9.999999996956888e-07
nlp,VIKOR,2,129,105.11050000786781,True,9.999999996956888e-07
nlp,VIKOR,2,130,111.32209999777842,True,9.999999996956888e-07
nlp,VIKOR,2,131,93.38769999158103,True,9.999999996956888e-07
nlp,VIKOR,2,132,96.73740000289399,True,9.999999996956888e-07
nlp,VIKOR,2,133,98.96639999351464,True,9.999999996956888e-07
nlp,VIKOR,2,134,111.09310000028927,True,9.999999996956888e-07
nlp,VIKOR,2,135,96.7532999929972,True,9.999999996956888e-07
nlp,VIKOR,2,136,89.2976000031922,True,9.999999996956888e-07
nlp,VIKOR,2,137,90.64580000995193,True,9.999999996956888e-07
nlp,VIKOR,2,138,104.32549999677576,True,9.999999996956888e-07
nlp,VIKOR,2,139,94.62919998622965,True,9.999999996956888e-07
nlp,VIKOR,2,140,90.13780001259875,True,9.999999996956888e-07
nlp,VIKOR,2,141,96.16529999766499,True,9.999999996956888e-07
nlp,VIKOR,2,142,98.34749999572523,True,9.999999996956888e-07
nlp,VIKOR,2,143,93.61840000201482,True,9.999999996956888e-07
nlp,VIKOR,2,144,104.32189999846742,True,9.999999996956888e-07
nlp,VIKOR,2,145,94.62800000619609,True,9.999999996956888e-07
nlp,VIKOR,2,146,104.20549999980722,True,9.999999996956888e-07
nlp,VIKOR,2,147,92.24459998949897,True,9.999999996956888e-07
nlp,VIKOR,2,148,86.48670000548009,True,9.999999996956888e-07
nlp,VIKOR,2,149,96.83059999952093,True,9.999999996956888e-07
nlp,VIKOR,2,150,88.48649999708869,True,9.999999996956888e-07
nlp,VIKOR,2,151,86.65470000414643,True,9.999999996956888e-07
nlp,VIKOR,2,152,100.0927999994019,True,9.999999996956888e-07
nlp,VIKOR,2,153,95.887200004654,True,9.999999996956888e-07
nlp,VIKOR,2,154,93.14769999764394,True,9.999999996956888e-07
nlp,VIKOR,2,155,101.05039998597931,True,9.999999996956888e-07
nlp,VIKOR,2,156,84.24229999945965,True,9.999999996956888e-07
nlp,VIKOR,2,157,102.66060000867583,True,9.999999996956888e-07
nlp,VIKOR,2,158,98.25200001068879,True,9.999999996956888e-07
nlp,VIKOR,2,159,86.54820000811014,True,9.999999996956888e-07
nlp,VIKOR,2,160,85.27300000423566,True,9.999999996956888e-07
nlp,VIKOR,2,161,95.61479999683797,True,9.999999996956888e-07
nlp,VIKOR,2,162,88.9043000061065,True,9.999999996956888e-07
nlp,VIKOR,2,163,92.97040000092238,True,9.999999996956888e-07
nlp,VIKOR,2,164,95.33060000103433,True,9.999999996956888e-07
nlp,VIKOR,2,165,86.89180000510532,True,9.999999996956888e-07
nlp,VIKOR,2,166,95.59319999243598,True,9.999999996956888e-07
nlp,VIKOR,2,167,105.55539999040775,True,9.999999996956888e-07
nlp,VIKOR,2,168,90.92410000448581,True,9.999999996956888e-07
nlp,VIKOR,2,169,102.17450000345707,True,9.999999996956888e-07
nlp,VIKOR,2,170,82.60219999647234,True,9.999999996956888e-07
nlp,VIKOR,2,171,89.84820000478067,True,9.999999996956888e-07
nlp,VIKOR,2,172,99.89189999760129,True,9.999999996956888e-07
nlp,VIKOR,2,173,96.88779999851249,True,9.999999996956888e-07
nlp,VIKOR,2,174,88.2090000086464,True,9.999999996956888e-07
nlp,VIKOR,2,175,97.68330000224523,True,9.999999996956888e-07
nlp,VIKOR,2,176,94.23799999058247,True,9.999999996956888e-07
nlp,VIKOR,2,177,87.86260000488255,True,9.999999996956888e-07
nlp,VIKOR,2,178,96.52829999686219,True,9.999999996956888e-07
nlp,VIKOR,2,179,92.0441999915056,True,9.999999996956888e-07
nlp,VIKOR,2,180,100.76590000244323,True,9.999999996956888e-07
nlp,VIKOR,2,181,87.31890001217835,True,9.999999996956888e-07
nlp,VIKOR,2,182,85.51600000646431,True,9.999999996956888e-07
nlp,VIKOR,2,183,95.13680000964087,True,9.999999996956888e-07
nlp,VIKOR,2,184,93.0716000002576,True,9.999999996956888e-07
nlp,VIKOR,2,185,89.68499999900814,True,9.999999996956888e-07
nlp,VIKOR,2,186,98.10540000034962,True,9.999999996956888e-07
nlp,VIKOR,2,187,90.54550000291783,True,9.999999996956888e-07
nlp,VIKOR,2,188,98.08799999882467,True,9.999999996956888e-07
nlp,VIKOR,2,189,90.71010000479873,True,9.999999996956888e-07
nlp,VIKOR,2,190,101.13819999969564,True,9.999999996956888e-07
nlp,VIKOR,2,191,97.67830000782851,True,9.999999996956888e-07
nlp,VIKOR,2,192,87.95919999829493,True,9.999999996956888e-07
nlp,VIKOR,2,193,93.7359999952605,True,9.999999996956888e-07
nlp,VIKOR,2,194,94.65250000357628,True,9.999999996956888e-07
nlp,VIKOR,2,195,95.02930000599008,True,9.999999996956888e-07
nlp,VIKOR,2,196,87.43290000711568,True,9.999999996956888e-07
nlp,VIKOR,2,197,90.69980001368094,True,9.999999996956888e-07
nlp,VIKOR,2,198,100.40360000857618,True,9.999999996956888e-07
nlp,VIKOR,2,199,89.2359999998007,True,9.999999996956888e-07
nlp,COPRAS,2,0,86.78040000086185,True,1.000000000139778e-06
nlp,COPRAS,2,1,78.8167999999132,True,1.000000000139778e-06
nlp,COPRAS,2,2,85.91520000481978,True,1.000000000139778e-06
nlp,COPRAS,2,3,89.53700000711251,True,1.000000000139778e-06
nlp,COPRAS,2,4,70.58240000333171,True,1.000000000139778e-06
nlp,COPRAS,2,5,80.2970000077039,True,1.000000000139778e-06
nlp,COPRAS,2,6,101.47600001073442,True,1.000000000139778e-06
nlp,COPRAS,2,7,90.73009999701753,True,1.000000000139778e-06
nlp,COPRAS,2,8,85.48439999867696,True,1.000000000139778e-06
nlp,COPRAS,2,9,103.49979999591596,True,1.000000000139778e-06
nlp,COPRAS,2,10,85.31520000542514,True,1.000000000139778e-06
nlp,COPRAS,2,11,88.37860000494402,True,1.000000000139778e-06
nlp,COPRAS,2,12,93.90190000704024,True,1.000000000139778e-06
nlp,COPRAS,2,13,88.71260000159964,True,1.000000000139778e-06
nlp,COPRAS,2,14,104.98840000946075,True,1.000000000139778e-06
nlp,COPRAS,2,15,71.71839999500662,True,1.000000000139778e-06
nlp,COPRAS,2,16,77.15870000538416,True,1.000000000139778e-06
nlp,COPRAS,2,17,94.60860000399407,True,1.000000000139778e-06
nlp,COPRAS,2,18,96.02459998859558,True,1.000000000139778e-06
nlp,COPRAS,2,19,74.346900000819,True,1.000000000139778e-06
nlp,COPRAS,2,20,90.2592999918852,True,1.000000000139778e-06
nlp,COPRAS,2,21,102.76779999549035,True,1.000000000139778e-06
nlp,COPRAS,2,22,82.58139999816194,True,1.000000000139778e-06
nlp,COPRAS,2,23,93.87090000382159,True,1.000000000139778e-06
nlp,COPRAS,2,24,102.97239999636076,True,1.000000000139778e-06
nlp,COPRAS,2,25,87.64070000324864,True,1.000000000139778e-06
nlp,COPRAS,2,26,78.55230000859592,True,1.000000000139778e-06
nlp,COPRAS,2,27,101.33689999929629,True,1.000000000139778e-06
nlp,COPRAS,2,28,84.15199999581091,True,1.000000000139778e-06
nlp,COPRAS,2,29,89.11889999581035,True,1.000000000139778e-06
nlp,COPRAS,2,30,93.50080000876915,True,1.000000000139778e-06
nlp,COPRAS,2,31,89.61409999756142,True,1.000000000139778e-06
nlp,COPRAS,2,32,85.16369998687878,True,1.000000000139778e-06
nlp,COPRAS,2,33,92.83090000099037,True,1.000000000139778e-06
nlp,COPRAS,2,34,78.00760000827722,True,1.000000000139778e-06
nlp,COPRAS,2,35,75.55120000324678,True,1.000000000139778e-06
nlp,COPRAS,2,36,93.64699998695869,True,1.000000000139778e-06
nlp,COPRAS,2,37,81.93140001094434,True,1.000000000139778e-06
nlp,COPRAS,2,38,92.58540000882931,True,1.000000000139778e-06
nlp,COPRAS,2,39,89.06719999504276,True,1.000000000139778e-06
nlp,COPRAS,2,40,86.62590000312775,True,1.000000000139778e-06
nlp,COPRAS,2,41,93.63630000734702,True,1.000000000139778e-06
nlp,COPRAS,2,42,90.269399996032,True,1.000000000139778e-06
nlp,COPRAS,2,43,88.23010000924114,True,1.000000000139778e-06
nlp,COPRAS,2,44,88.66160000616219,True,1.000000000139778e-06
nlp,COPRAS,2,45,93.04469999915455,True,1.000000000139778e-06
nlp,COPRAS,2,46,82.62000000104308,True,1.000000000139778e-06
nlp,COPRAS,2,47,84.56119999755174,True,1.000000000139778e-06
nlp,COPRAS,2,48,98.53179998754058,True,1.000000000139778e-06
nlp,COPRAS,2,49,75.75990000623278,True,1.000000000139778e-06
nlp,COPRAS,2,50,94.69389999867417,True,1.000000000139778e-06
nlp,COPRAS,2,51,85.95700000296347,True,1.000000000139778e-06
nlp,COPRAS,2,52,78.29270001093391,True,1.000000000139778e-06
nlp,COPRAS,2,53,89.6980999968946,True,1.000000000139778e-06
nlp,COPRAS,2,54,97.62539999792352,True,1.000000000139778e-06
nlp,COPRAS,2,55,82.31730000989046,True,1.000000000139778e-06
nlp,COPRAS,2,56,84.71490000374615,True,1.000000000139778e-06
nlp,COPRAS,2,57,98.88789999240544,True,1.000000000139778e-06
nlp,COPRAS,2,58,81.68620000651572,True,1.000000000139778e-06
nlp,COPRAS,2,59,92.15889999177307,True,1.000000000139778e-06
nlp,COPRAS,2,60,81.10029999807011,True,1.000000000139778e-06
nlp,COPRAS,2,61,84.31440001004376,True,1.000000000139778e-06
nlp,COPRAS,2,62,103.0458000022918,True,1.000000000139778e-06
nlp,COPRAS,2,63,90.56750001036562,True,1.000000000139778e-06
nlp,COPRAS,2,64,96.12049999122974,True,1.000000000139778e-06
nlp,COPRAS,2,65,91.78589998919051,True,1.000000000139778e-06
nlp,COPRAS,2,66,88.70239999669138,True,1.000000000139778e-06
nlp,COPRAS,2,67,90.24890000000596,True,1.000000000139778e-06
nlp,COPRAS,2,68,87.20519999042153,True,1.000000000139778e-06
nlp,COPRAS,2,69,86.07439999468625,True,1.000000000139778e-06
nlp,COPRAS,2,70,87.48690001084469,True,1.000000000139778e-06
nlp,COPRAS,2,71,93.70040000067092,True,1.000000000139778e-06
nlp,COPRAS,2,72,75.36230000550859,True,1.000000000139778e-06
nlp,COPRAS,2,73,91.02520000305958,True,1.000000000139778e-06
nlp,COPRAS,2,74,92.03439998964313,True,1.000000000139778e-06
nlp,COPRAS,2,75,87.76460000080988,True,1.000000000139778e-06
nlp,COPRAS,2,76,88.71670000371523,True,1.000000000139778e-06
nlp,COPRAS,2,77,103.16480000619777,True,1.000000000139778e-06
nlp,COPRAS,2,78,79.9533999961568,True,1.000000000139778e-06
nlp,COPRAS,2,79,88.7417999911122,True,1.000000000139778e-06
nlp,COPRAS,2,80,107.83960000844672,True,1.000000000139778e-06
nlp,COPRAS,2,81,83.32960000552703,True,1.000000000139778e-06
nlp,COPRAS,2,82,90.44120000908151,True,1.000000000139778e-06
nlp,COPRAS,2,83,90.71689999836963,True,1.000000000139778e-06
nlp,COPRAS,2,84,87.6814000075683,True,1.000000000139778e-06
nlp,COPRAS,2,85,89.50080000795424,True,1.000000000139778e-06
nlp,COPRAS,2,86,96.14579999470152,True,1.000000000139778e-06
nlp,COPRAS,2,87,87.90300000691786,True,1.000000000139778e-06
nlp,COPRAS,2,88,95.4113000043435,True,1.000000000139778e-06
nlp,COPRAS,2,89,95.22879999713041,True,1.000000000139778e-06
nlp,COPRAS,2,90,85.65120000275783,True,1.000000000139778e-06
nlp,COPRAS,2,91,94.09020000020973,True,1.000000000139778e-06
nlp,COPRAS,2,92,77.65409999410622,True,1.000000000139778e-06
nlp,COPRAS,2,93,87.01730000029784,True,1.000000000139778e-06
nlp,COPRAS,2,94,96.94459999445826,True,1.000000000139778e-06
nlp,COPRAS,2,95,88.85069999087136,True,1.000000000139778e-06
nlp,COPRAS,2,96,85.04700000048615,True,1.000000000139778e-06
nlp,COPRAS,2,97,93.23050000239164,True,1.000000000139778e-06
nlp,COPRAS,2,98,87.32979999331292,True,1.000000000139778e-06
nlp,COPRAS,2,99,84.88399999623653,True,1.000000000139778e-06
nlp,COPRAS,2,100,88.5126999928616,True,1.000000000139778e-06
nlp,COPRAS,2,101,90.92670000973158,True,1.000000000139778e-06
nlp,COPRAS,2,102,82.28590000362601,True,1.000000000139778e-06
nlp,COPRAS,2,103,80.38640000449959,True,1.000000000139778e-06
nlp,COPRAS,2,104,97.95529999246355,True,1.000000000139778e-06
nlp,COPRAS,2,105,76.71609999670181,True,1.000000000139778e-06
nlp,COPRAS,2,106,93.51459999743383,True,1.000000000139778e-06
nlp,COPRAS,2,107,80.35060000838712,True,1.000000000139778e-06
nlp,COPRAS,2,108,88.01759999187198,True,1.000000000139778e-06
nlp,COPRAS,2,109,88.03420000185724,True,1.000000000139778e-06
nlp,COPRAS,2,110,88.71880000515375,True,1.000000000139778e-06
nlp,COPRAS,2,111,93.75899999577086,True,1.000000000139778e-06
nlp,COPRAS,2,112,87.69750001374632,True,1.000000000139778e-06
nlp,COPRAS,2,113,81.34190000419039,True,1.000000000139778e-06
nlp,COPRAS,2,114,83.24810001067817,True,1.000000000139778e-06
nlp,COPRAS,2,115,101.11849999520928,True,1.000000000139778e-06
nlp,COPRAS,2,116,84.00079999410082,True,1.000000000139778e-06
nlp,COPRAS,2,117,81.35360000596847,True,1.000000000139778e-06
nlp,COPRAS,2,118,100.74490000260994,True,1.000000000139778e-06
nlp,COPRAS,2,119,80.90590000210796,True,1.000000000139778e-06
nlp,COPRAS,2,120,95.50260000105482,True,1.000000000139778e-06
nlp,COPRAS,2,121,105.2893000014592,True,1.000000000139778e-06
nlp,COPRAS,2,122,85.40290000382811,True,1.000000000139778e-06
nlp,COPRAS,2,123,90.46290001424495,True,1.000000000139778e-06
nlp,COPRAS,2,124,89.90759999142028,True,1.000000000139778e-06
nlp,COPRAS,2,125,84.1946000000462,True,1.000000000139778e-06
nlp,COPRAS,2,126,81.75150000897702,True,1.000000000139778e-06
nlp,COPRAS,2,127,90.18640000431333,True,1.000000000139778e-06
nlp,COPRAS,2,128,77.76580000063404,True,1.000000000139778e-06
nlp,COPRAS,2,129,113.93530000350438,True,1.000000000139778e-06
nlp,COPRAS,2,130,88.15850000246428,True,1.000000000139778e-06
nlp,COPRAS,2,131,80.6453999975929,True,1.000000000139778e-06
nlp,COPRAS,2,132,110.21489999257028,True,1.000000000139778e-06
nlp,COPRAS,2,133,89.20109999598935,True,1.000000000139778e-06
nlp,COPRAS,2,134,89.53849998943042,True,1.000000000139778e-06
nlp,COPRAS,2,135,93.37170000071637,True,1.000000000139778e-06
nlp,COPRAS,2,136,82.14379999844823,True,1.000000000139778e-06
nlp,COPRAS,2,137,80.50879999063909,True,1.000000000139778e-06
nlp,COPRAS,2,138,93.47900000284426,True,1.000000000139778e-06
nlp,COPRAS,2,139,86.60280000185594,True,1.000000000139778e-06
nlp,COPRAS,2,140,101.75529999833088,True,1.000000000139778e-06
nlp,COPRAS,2,141,87.53970000543632,True,1.000000000139778e-06
nlp,COPRAS,2,142,78.27440000255592,True,1.000000000139778e-06
nlp,COPRAS,2,143,87.5207000062801,True,1.000000000139778e-06
nlp,COPRAS,2,144,89.27499999117572,True,1.000000000139778e-06
nlp,COPRAS,2,145,89.69940000679344,True,1.000000000139778e-06
nlp,COPRAS,2,146,84.9205999984406,True,1.000000000139778e-06
nlp,COPRAS,2,147,95.033899997361,True,1.000000000139778e-06
nlp,COPRAS,2,148,77.44179999281187,True,1.000000000139778e-06
nlp,COPRAS,2,149,87.15550000488292,True,1.000000000139778e-06
nlp,COPRAS,2,150,102.12559999490622,True,1.000000000139778e-06
nlp,COPRAS,2,151,88.67589999863412,True,1.000000000139778e-06
nlp,COPRAS,2,152,101.20310001366306,True,1.000000000139778e-06
nlp,COPRAS,2,153,83.19699999992736,True,1.000000000139778e-06
nlp,COPRAS,2,154,90.69909999379888,True,1.000000000139778e-06
nlp,COPRAS,2,155,95.31129999959376,True,1.000000000139778e-06
nlp,COPRAS,2,156,89.64770000602584,True,1.000000000139778e-06
nlp,COPRAS,2,157,90.12960000836756,True,1.000000000139778e-06
nlp,COPRAS,2,158,85.74439999938477,True,1.000000000139778e-06
nlp,COPRAS,2,159,84.15429999877233,True,1.000000000139778e-06
nlp,COPRAS,2,160,82.03140000114217,True,1.000000000139778e-06
nlp,COPRAS,2,161,102.62549998878967,True,1.000000000139778e-06
nlp,COPRAS,2,162,82.5497999903746,True,1.000000000139778e-06
nlp,COPRAS,2,163,89.2221999965841,True,1.000000000139778e-06
nlp,COPRAS,2,164,94.26139999413863,True,1.000000000139778e-06
nlp,COPRAS,2,165,88.12749999924563,True,1.000000000139778e-06
nlp,COPRAS,2,166,92.9455000004964,True,1.000000000139778e-06
nlp,COPRAS,2,167,94.33859999990091,True,1.000000000139778e-06
nlp,COPRAS,2,168,78.44759999716189,True,1.000000000139778e-06
nlp,COPRAS,2,169,88.12689999467693,True,1.000000000139778e-06
nlp,COPRAS,2,170,96.34829999413341,True,1.000000000139778e-06
nlp,COPRAS,2,171,84.24919999379199,True,1.000000000139778e-06
nlp,COPRAS,2,172,90.44829999038484,True,1.000000000139778e-06
nlp,COPRAS,2,173,93.89060000830796,True,1.000000000139778e-06
nlp,COPRAS,2,174,85.23340000829194,True,1.000000000139778e-06
nlp,COPRAS,2,175,95.84090000134893,True,1.000000000139778e-06
nlp,COPRAS,2,176,79.12650000071153,True,1.000000000139778e-06
nlp,COPRAS,2,177,85.87680000346154,True,1.000000000139778e-06
nlp,COPRAS,2,178,101.51170000608545,True,1.000000000139778e-06
nlp,COPRAS,2,179,84.25569999963045,True,1.000000000139778e-06
nlp,COPRAS,2,180,84.87510000122711,True,1.000000000139778e-06
nlp,COPRAS,2,181,95.97180000855587,True,1.000000000139778e-06
nlp,COPRAS,2,182,82.10970000072848,True,1.000000000139778e-06
nlp,COPRAS,2,183,90.50210000714287,True,1.000000000139778e-06
nlp,COPRAS,2,184,89.6136000083061,True,1.000000000139778e-06
nlp,COPRAS,2,185,92.04730000055861,True,1.000000000139778e-06
nlp,COPRAS,2,186,84.17610000469722,True,1.000000000139778e-06
nlp,COPRAS,2,187,89.47089999855962,True,1.000000000139778e-06
nlp,COPRAS,2,188,87.53159998741467,True,1.000000000139778e-06
nlp,COPRAS,2,189,87.37190000829287,True,1.000000000139778e-06
nlp,COPRAS,2,190,89.16119999776129,True,1.000000000139778e-06
nlp,COPRAS,2,191,84.58690000406932,True,1.000000000139778e-06
nlp,COPRAS,2,192,87.83270001003984,True,1.000000000139778e-06
nlp,COPRAS,2,193,104.89600000437349,True,1.000000000139778e-06
nlp,COPRAS,2,194,91.26410000317264,True,1.000000000139778e-06
nlp,COPRAS,2,195,94.66770000290126,True,1.000000000139778e-06
nlp,COPRAS,2,196,103.86329999892041,True,1.000000000139778e-06
nlp,COPRAS,2,197,86.94890000333544,True,1.000000000139778e-06
nlp,COPRAS,2,198,90.16680000058841,True,1.000000000139778e-06
nlp,COPRAS,2,199,84.36860000074375,True,1.000000000139778e-06
nlp,ARAS,2,0,80.41460000094958,True,1.0000000000287557e-06
nlp,ARAS,2,1,88.73339999991003,True,1.0000000000287557e-06
nlp,ARAS,2,2,81.2084000062896,True,1.0000000000287557e-06
nlp,ARAS,2,3,86.20890000020154,True,1.0000000000287557e-06
nlp,ARAS,2,4,87.72959999623708,True,1.0000000000287557e-06
nlp,ARAS,2,5,74.65569999476429,True,1.0000000000287557e-06
nlp,ARAS,2,6,75.5327000078978,True,1.0000000000287557e-06
nlp,ARAS,2,7,92.15860000404064,True,1.0000000000287557e-06
nlp,ARAS,2,8,84.13180000206921,True,1.0000000000287557e-06
nlp,ARAS,2,9,77.17089999641757,True,1.0000000000287557e-06
nlp,ARAS,2,10,81.8031999951927,True,1.0000000000287557e-06
nlp,ARAS,2,11,80.63480000419077,True,1.0000000000287557e-06
nlp,ARAS,2,12,76.91410000552423,True,1.0000000000287557e-06
nlp,ARAS,2,13,82.67790000536479,True,1.0000000000287557e-06
nlp,ARAS,2,14,94.66479999537114,True,1.0000000000287557e-06
nlp,ARAS,2,15,74.98089999717195,True,1.0000000000287557e-06
nlp,ARAS,2,16,76.775199995609,True,1.0000000000287557e-06
nlp,ARAS,2,17,84.93810000072699,True,1.0000000000287557e-06
nlp,ARAS,2,18,81.89270000730176,True,1.0000000000287557e-06
nlp,ARAS,2,19,73.94719999865629,True,1.0000000000287557e-06
nlp,ARAS,2,20,94.84119999979157,True,1.0000000000287557e-06
nlp,ARAS,2,21,73.66310000361409,True,1.0000000000287557e-06
nlp,ARAS,2,22,76.69079999323003,True,1.0000000000287557e-06
nlp,ARAS,2,23,94.63589999359101,True,1.0000000000287557e-06
nlp,ARAS,2,24,80.2650999976322,True,1.0000000000287557e-06
nlp,ARAS,2,25,74.44319999194704,True,1.0000000000287557e-06
nlp,ARAS,2,26,92.44049999688286,True,1.0000000000287557e-06
nlp,ARAS,2,27,76.11639999959152,True,1.0000000000287557e-06
nlp,ARAS,2,28,78.40240000223275,True,1.0000000000287557e-06
nlp,ARAS,2,29,90.54920000198763,True,1.0000000000287557e-06
nlp,ARAS,2,30,81.13820001017302,True,1.0000000000287557e-06
nlp,ARAS,2,31,83.18529999814928,True,1.0000000000287557e-06
nlp,ARAS,2,32,99.57320000103209,True,1.0000000000287557e-06
nlp,ARAS,2,33,82.69480000308249,True,1.0000000000287557e-06
nlp,ARAS,2,34,71.65310000709724,True,1.0000000000287557e-06
nlp,ARAS,2,35,84.34519999718759,True,1.0000000000287557e-06
nlp,ARAS,2,36,86.83990000281483,True,1.0000000000287557e-06
nlp,ARAS,2,37,75.19789999059867,True,1.0000000000287557e-06
nlp,ARAS,2,38,89.63659999426454,True,1.0000000000287557e-06
nlp,ARAS,2,39,85.99390000745188,True,1.0000000000287557e-06
nlp,ARAS,2,40,74.57189999695402,True,1.0000000000287557e-06
nlp,ARAS,2,41,73.7096999946516,True,1.0000000000287557e-06
nlp,ARAS,2,42,88.87730000424199,True,1.0000000000287557e-06
nlp,ARAS,2,43,79.96400000411086,True,1.0000000000287557e-06
nlp,ARAS,2,44,86.74259998952039,True,1.0000000000287557e-06
nlp,ARAS,2,45,94.6715000027325,True,1.0000000000287557e-06
nlp,ARAS,2,46,77.47479999670759,True,1.0000000000287557e-06
nlp,ARAS,2,47,81.06079998833593,True,1.0000000000287557e-06
nlp,ARAS,2,48,90.4517000017222,True,1.0000000000287557e-06
nlp,ARAS,2,49,69.5865000016056,True,1.0000000000287557e-06
nlp,ARAS,2,50,75.08389999566134,True,1.0000000000287557e-06
nlp,ARAS,2,51,85.53100000426639,True,1.0000000000287557e-06
nlp,ARAS,2,52,92.86029999202583,True,1.0000000000287557e-06
nlp,ARAS,2,53,85.29110001109075,True,1.0000000000287557e-06
nlp,ARAS,2,54,83.60620000166818,True,1.0000000000287557e-06
nlp,ARAS,2,55,86.35890000732616,True,1.0000000000287557e-06
nlp,ARAS,2,56,84.67580001160968,True,1.0000000000287557e-06
nlp,ARAS,2,57,94.6230999979889,True,1.0000000000287557e-06
nlp,ARAS,2,58,71.58869999693707,True,1.0000000000287557e-06
nlp,ARAS,2,59,85.37090000754688,True,1.0000000000287557e-06
nlp,ARAS,2,60,87.81700000690762,True,1.0000000000287557e-06
nlp,ARAS,2,61,77.53350000712089,True,1.0000000000287557e-06
nlp,ARAS,2,62,86.30939999420661,True,1.0000000000287557e-06
nlp,ARAS,2,63,88.46339999581687,True,1.0000000000287557e-06
nlp,ARAS,2,64,84.9502999917604,True,1.0000000000287557e-06
nlp,ARAS,2,65,70.97559999965597,True,1.0000000000287557e-06
nlp,ARAS,2,66,80.13290000963025,True,1.0000000000287557e-06
nlp,ARAS,2,67,90.84050000819843,True,1.0000000000287557e-06
nlp,ARAS,2,68,82.81750000605825,True,1.0000000000287557e-06
nlp,ARAS,2,69,79.5269000082044,True,1.0000000000287557e-06
nlp,ARAS,2,70,86.76269999705255,True,1.0000000000287557e-06
nlp,ARAS,2,71,93.03979999094736,True,1.0000000000287557e-06
nlp,ARAS,2,72,70.86059999710415,True,1.0000000000287557e-06
nlp,ARAS,2,73,96.04540000145789,True,1.0000000000287557e-06
nlp,ARAS,2,74,79.75689999875613,True,1.0000000000287557e-06
nlp,ARAS,2,75,97.06179999921005,True,1.0000000000287557e-06
nlp,ARAS,2,76,75.81199999549426,True,1.0000000000287557e-06
nlp,ARAS,2,77,77.07749999826774,True,1.0000000000287557e-06
nlp,ARAS,2,78,89.66260000306647,True,1.0000000000287557e-06
nlp,ARAS,2,79,87.99520001048222,True,1.0000000000287557e-06
nlp,ARAS,2,80,81.39560000563506,True,1.0000000000287557e-06
nlp,ARAS,2,81,74.18769999640062,True,1.0000000000287557e-06
nlp,ARAS,2,82,87.51179999671876,True,1.0000000000287557e-06
nlp,ARAS,2,83,81.03339999797754,True,1.0000000000287557e-06
nlp,ARAS,2,84,77.70789999631234,True,1.0000000000287557e-06
nlp,ARAS,2,85,88.77990000473801,True,1.0000000000287557e-06
nlp,ARAS,2,86,86.42490000056569,True,1.0000000000287557e-06
nlp,ARAS,2,87,76.03329999255948,True,1.0000000000287557e-06
nlp,ARAS,2,88,77.65360000485089,True,1.0000000000287557e-06
nlp,ARAS,2,89,90.9595000121044,True,1.0000000000287557e-06
nlp,ARAS,2,90,79.89740000630263,True,1.0000000000287557e-06
nlp,ARAS,2,91,86.67309999873396,True,1.0000000000287557e-06
nlp,ARAS,2,92,91.57190000405535,True,1.0000000000287557e-06
nlp,ARAS,2,93,77.22279999870807,True,1.0000000000287557e-06
nlp,ARAS,2,94,76.99789998878259,True,1.0000000000287557e-06
nlp,ARAS,2,95,87.92229999380652,True,1.0000000000287557e-06
nlp,ARAS,2,96,86.03140000195708,True,1.0000000000287557e-06
nlp,ARAS,2,97,82.28190000227187,True,1.0000000000287557e-06
nlp,ARAS,2,98,92.43989999231417,True,1.0000000000287557e-06
nlp,ARAS,2,99,76.8738999904599,True,1.0000000000287557e-06
nlp,ARAS,2,100,87.42989999882411,True,1.0000000000287557e-06
nlp,ARAS,2,101,78.31830000213813,True,1.0000000000287557e-06
nlp,ARAS,2,102,79.96540000021923,True,1.0000000000287557e-06
nlp,ARAS,2,103,82.88269999320619,True,1.0000000000287557e-06
nlp,ARAS,2,104,97.23359999770764,True,1.0000000000287557e-06
nlp,ARAS,2,105,74.86610001069494,True,1.0000000000287557e-06
nlp,ARAS,2,106,72.98179999634158,True,1.0000000000287557e-06
nlp,ARAS,2,107,85.48929999233223,True,1.0000000000287557e-06
nlp,ARAS,2,108,78.98730000306387,True,1.0000000000287557e-06
nlp,ARAS,2,109,73.15949999610893,True,1.0000000000287557e-06
nlp,ARAS,2,110,80.6997999898158,True,1.0000000000287557e-06
nlp,ARAS,2,111,85.84970000083558,True,1.0000000000287557e-06
nlp,ARAS,2,112,70.67250000545755,True,1.0000000000287557e-06
nlp,ARAS,2,113,76.80700000491925,True,1.0000000000287557e-06
nlp,ARAS,2,114,74.01670000399463,True,1.0000000000287557e-06
nlp,ARAS,2,115,83.45950000511948,True,1.0000000000287557e-06
nlp,ARAS,2,116,78.18930000939872,True,1.0000000000287557e-06
nlp,ARAS,2,117,78.93590000458062,True,1.0000000000287557e-06
nlp,ARAS,2,118,76.78079999459442,True,1.0000000000287557e-06
nlp,ARAS,2,119,78.97970000340138,True,1.0000000000287557e-06
nlp,ARAS,2,120,89.46560000185855,True,1.0000000000287557e-06
nlp,ARAS,2,121,94.44660000735894,True,1.0000000000287557e-06
nlp,ARAS,2,122,81.62599999923259,True,1.0000000000287557e-06
nlp,ARAS,2,123,93.26369999325834,True,1.0000000000287557e-06
nlp,ARAS,2,124,77.87119998829439,True,1.0000000000287557e-06
nlp,ARAS,2,125,78.67970000370406,True,1.0000000000287557e-06
nlp,ARAS,2,126,96.58170001057442,True,1.0000000000287557e-06
nlp,ARAS,2,127,81.23779999732506,True,1.0000000000287557e-06
nlp,ARAS,2,128,81.33519999682903,True,1.0000000000287557e-06
nlp,ARAS,2,129,75.08859998779371,True,1.0000000000287557e-06
nlp,ARAS,2,130,95.54389999539126,True,1.0000000000287557e-06
nlp,ARAS,2,131,75.41210000636056,True,1.0000000000287557e-06
nlp,ARAS,2,132,87.6191999996081,True,1.0000000000287557e-06
nlp,ARAS,2,133,117.44580000231508,True,1.0000000000287557e-06
nlp,ARAS,2,134,107.86199998983648,True,1.0000000000287557e-06
nlp,ARAS,2,135,95.3019000007771,True,1.0000000000287557e-06
nlp,ARAS,2,136,93.35699999064673,True,1.0000000000287557e-06
nlp,ARAS,2,137,80.81540001148824,True,1.0000000000287557e-06
nlp,ARAS,2,138,94.6784999978263,True,1.0000000000287557e-06
nlp,ARAS,2,139,84.13060000748374,True,1.0000000000287557e-06
nlp,ARAS,2,140,73.98139999713749,True,1.0000000000287557e-06
nlp,ARAS,2,141,82.67740000155754,True,1.0000000000287557e-06
nlp,ARAS,2,142,79.15340000181459,True,1.0000000000287557e-06
nlp,ARAS,2,143,74.02020000154153,True,1.0000000000287557e-06
nlp,ARAS,2,144,74.6427000121912,True,1.0000000000287557e-06
nlp,ARAS,2,145,90.81300000252668,True,1.0000000000287557e-06
nlp,ARAS,2,146,91.02490000077523,True,1.0000000000287557e-06
nlp,ARAS,2,147,85.82849999947939,True,1.0000000000287557e-06
nlp,ARAS,2,148,78.61039999988861,True,1.0000000000287557e-06
nlp,ARAS,2,149,80.15530000557192,True,1.0000000000287557e-06
nlp,ARAS,2,150,75.36170000093989,True,1.0000000000287557e-06
nlp,ARAS,2,151,99.60339999815915,True,1.0000000000287557e-06
nlp,ARAS,2,152,74.52769999508746,True,1.0000000000287557e-06
nlp,ARAS,2,153,75.76159999007359,True,1.0000000000287557e-06
nlp,ARAS,2,154,83.75459999660961,True,1.0000000000287557e-06
nlp,ARAS,2,155,86.66150001226924,True,1.0000000000287557e-06
nlp,ARAS,2,156,84.63289999053814,True,1.0000000000287557e-06
nlp,ARAS,2,157,89.95749999303371,True,1.0000000000287557e-06
nlp,ARAS,2,158,74.69129998935387,True,1.0000000000287557e-06
nlp,ARAS,2,159,74.4537999999011,True,1.0000000000287557e-06
nlp,ARAS,2,160,90.61970000038855,True,1.0000000000287557e-06
nlp,ARAS,2,161,72.20519999100361,True,1.0000000000287557e-06
nlp,ARAS,2,162,75.80469999811612,True,1.0000000000287557e-06
nlp,ARAS,2,163,74.50640000752173,True,1.0000000000287557e-06
nlp,ARAS,2,164,95.78170000168029,True,1.0000000000287557e-06
nlp,ARAS,2,165,72.9573000135133,True,1.0000000000287557e-06
nlp,ARAS,2,166,73.42050000443123,True,1.0000000000287557e-06
nlp,ARAS,2,167,90.42009999393485,True,1.0000000000287557e-06
nlp,ARAS,2,168,79.23719999962486,True,1.0000000000287557e-06
nlp,ARAS,2,169,72.10140000097454,True,1.0000000000287557e-06
nlp,ARAS,2,170,74.744900004589,True,1.0000000000287557e-06
nlp,ARAS,2,171,88.12159999797586,True,1.0000000000287557e-06
nlp,ARAS,2,172,85.46869999554474,True,1.0000000000287557e-06
nlp,ARAS,2,173,93.2885000074748,True,1.0000000000287557e-06
nlp,ARAS,2,174,73.16850000643171,True,1.0000000000287557e-06
nlp,ARAS,2,175,79.68180000898428,True,1.0000000000287557e-06
nlp,ARAS,2,176,89.12030000647064,True,1.0000000000287557e-06
nlp,ARAS,2,177,82.71440000680741,True,1.0000000000287557e-06
nlp,ARAS,2,178,77.15140000800602,True,1.0000000000287557e-06
nlp,ARAS,2,179,81.32930001011118,True,1.0000000000287557e-06
nlp,ARAS,2,180,89.84420000342652,True,1.0000000000287557e-06
nlp,ARAS,2,181,81.19810000061989,True,1.0000000000287557e-06
nlp,ARAS,2,182,80.23990000947379,True,1.0000000000287557e-06
nlp,ARAS,2,183,86.53970000159461,True,1.0000000000287557e-06
nlp,ARAS,2,184,85.94199999060947,True,1.0000000000287557e-06
nlp,ARAS,2,185,70.98619999305811,True,1.0000000000287557e-06
nlp,ARAS,2,186,93.12339998723473,True,1.0000000000287557e-06
nlp,ARAS,2,187,80.09989999118261,True,1.0000000000287557e-06
nlp,ARAS,2,188,84.64469999307767,True,1.0000000000287557e-06
nlp,ARAS,2,189,87.6191999996081,True,1.0000000000287557e-06
nlp,ARAS,2,190,80.78730000124779,True,1.0000000000287557e-06
nlp,ARAS,2,191,75.00509999226779,True,1.0000000000287557e-06
nlp,ARAS,2,192,74.21590000740252,True,1.0000000000287557e-06
nlp,ARAS,2,193,93.3904999983497,True,1.0000000000287557e-06
nlp,ARAS,2,194,74.07409998995718,True,1.0000000000287557e-06
nlp,ARAS,2,195,79.45280001149513,True,1.0000000000287557e-06
nlp,ARAS,2,196,87.01060000748839,True,1.0000000000287557e-06
nlp,ARAS,2,197,83.90719999442808,True,1.0000000000287557e-06
nlp,ARAS,2,198,82.24370000243653,True,1.0000000000287557e-06
nlp,ARAS,2,199,91.3907000067411,True,1.0000000000287557e-06
nlp,WASPAS,2,0,90.75889999803621,True,9.835358603105249e-07
nlp,WASPAS,2,1,96.99669999827165,True,9.835358603105249e-07
nlp,WASPAS,2,2,81.84389999951236,True,9.835358603105249e-07
nlp,WASPAS,2,3,84.64409998850897,True,9.835358603105249e-07
nlp,WASPAS,2,4,93.32460000587162,True,9.835358603105249e-07
nlp,WASPAS,2,5,80.66180000605527,True,9.835358603105249e-07
nlp,WASPAS,2,6,86.27900001010858,True,9.835358603105249e-07
nlp,WASPAS,2,7,97.30940000736155,True,9.835358603105249e-07
nlp,WASPAS,2,8,83.19930000288878,True,9.835358603105249e-07
nlp,WASPAS,2,9,80.79670000006445,True,9.835358603105249e-07
nlp,WASPAS,2,10,85.26019999408163,True,9.835358603105249e-07
nlp,WASPAS,2,11,91.8631000095047,True,9.835358603105249e-07
nlp,WASPAS,2,12,82.57729999604635,True,9.835358603105249e-07
nlp,WASPAS,2,13,83.05210000253282,True,9.835358603105249e-07
nlp,WASPAS,2,14,100.57789999700617,True,9.835358603105249e-07
nlp,WASPAS,2,15,77.25209998898208,True,9.835358603105249e-07
nlp,WASPAS,2,16,86.80720000120346,True,9.835358603105249e-07
nlp,WASPAS,2,17,90.11249999457505,True,9.835358603105249e-07
nlp,WASPAS,2,18,80.51430000341497,True,9.835358603105249e-07
nlp,WASPAS,2,19,87.72829998633824,True,9.835358603105249e-07
nlp,WASPAS,2,20,90.94559999357443,True,9.835358603105249e-07
nlp,WASPAS,2,21,86.20929998869542,True,9.835358603105249e-07
nlp,WASPAS,2,22,97.9869000002509,True,9.835358603105249e-07
nlp,WASPAS,2,23,86.58410000498407,True,9.835358603105249e-07
nlp,WASPAS,2,24,83.79200000490528,True,9.835358603105249e-07
nlp,WASPAS,2,25,95.0509999966016,True,9.835358603105249e-07
nlp,WASPAS,2,26,81.5333000064129,True,9.835358603105249e-07
nlp,WASPAS,2,27,78.81190000625793,True,9.835358603105249e-07
nlp,WASPAS,2,28,92.13140000065323,True,9.835358603105249e-07
nlp,WASPAS,2,29,87.79819999472238,True,9.835358603105249e-07
nlp,WASPAS,2,30,83.61089999380056,True,9.835358603105249e-07
nlp,WASPAS,2,31,92.23339999152813,True,9.835358603105249e-07
nlp,WASPAS,2,32,80.30389998748433,True,9.835358603105249e-07
nlp,WASPAS,2,33,83.44269999361131,True,9.835358603105249e-07
nlp,WASPAS,2,34,96.88690000621136,True,9.835358603105249e-07
nlp,WASPAS,2,35,88.8009000045713,True,9.835358603105249e-07
nlp,WASPAS,2,36,77.28820000193082,True,9.835358603105249e-07
nlp,WASPAS,2,37,96.03159999824129,True,9.835358603105249e-07
nlp,WASPAS,2,38,75.24050000938587,True,9.835358603105249e-07
nlp,WASPAS,2,39,78.9886000129627,True,9.835358603105249e-07
nlp,WASPAS,2,40,90.58790000563022,True,9.835358603105249e-07
nlp,WASPAS,2,41,89.65180000814144,True,9.835358603105249e-07
nlp,WASPAS,2,42,77.63970000087284,True,9.835358603105249e-07
nlp,WASPAS,2,43,77.71700000739656,True,9.835358603105249e-07
nlp,WASPAS,2,44,86.77149999130052,True,9.835358603105249e-07
nlp,WASPAS,2,45,91.19239999563433,True,9.835358603105249e-07
nlp,WASPAS,2,46,100.53300000436138,True,9.835358603105249e-07
nlp,WASPAS,2,47,84.54080000228714,True,9.835358603105249e-07
nlp,WASPAS,2,48,81.23679998971056,True,9.835358603105249e-07
nlp,WASPAS,2,49,88.80470000440255,True,9.835358603105249e-07
nlp,WASPAS,2,50,81.5567999961786,True,9.835358603105249e-07
nlp,WASPAS,2,51,80.46019999892451,True,9.835358603105249e-07
nlp,WASPAS,2,52,98.4794999967562,True,9.835358603105249e-07
nlp,WASPAS,2,53,93.62699999473989,True,9.835358603105249e-07
nlp,WASPAS,2,54,97.63150000071619,True,9.835358603105249e-07
nlp,WASPAS,2,55,89.4492000079481,True,9.835358603105249e-07
nlp,WASPAS,2,56,74.96860000537708,True,9.835358603105249e-07
nlp,WASPAS,2,57,90.72039999591652,True,9.835358603105249e-07
nlp,WASPAS,2,58,101.2851999985287,True,9.835358603105249e-07
nlp,WASPAS,2,59,78.36030000180472,True,9.835358603105249e-07
nlp,WASPAS,2,60,83.40220000536647,True,9.835358603105249e-07
nlp,WASPAS,2,61,99.79160000511911,True,9.835358603105249e-07
nlp,WASPAS,2,62,78.90150000457652,True,9.835358603105249e-07
nlp,WASPAS,2,63,88.33739999681711,True,9.835358603105249e-07
nlp,WASPAS,2,64,99.86970000318252,True,9.835358603105249e-07
nlp,WASPAS,2,65,79.57919999898877,True,9.835358603105249e-07
nlp,WASPAS,2,66,83.76330000464804,True,9.835358603105249e-07
nlp,WASPAS,2,67,82.79260000563227,True,9.835358603105249e-07
nlp,WASPAS,2,68,89.25410000665579,True,9.835358603105249e-07
nlp,WASPAS,2,69,91.02469999925233,True,9.835358603105249e-07
nlp,WASPAS,2,70,94.56810000119731,True,9.835358603105249e-07
nlp,WASPAS,2,71,80.10330000251997,True,9.835358603105249e-07
nlp,WASPAS,2,72,84.45670000219252,True,9.835358603105249e-07
nlp,WASPAS,2,73,95.07499999017455,True,9.835358603105249e-07
nlp,WASPAS,2,74,81.30140000139363,True,9.835358603105249e-07
nlp,WASPAS,2,75,85.02479999151547,True,9.835358603105249e-07
nlp,WASPAS,2,76,94.31829999084584,True,9.835358603105249e-07
nlp,WASPAS,2,77,83.91130001109559,True,9.835358603105249e-07
nlp,WASPAS,2,78,81.97599998675287,True,9.835358603105249e-07
nlp,WASPAS,2,79,92.67279999039602,True,9.835358603105249e-07
nlp,WASPAS,2,80,86.6085000016028,True,9.835358603105249e-07
nlp,WASPAS,2,81,82.63780000561383,True,9.835358603105249e-07
nlp,WASPAS,2,82,92.61469999910332,True,9.835358603105249e-07
nlp,WASPAS,2,83,92.49800001271069,True,9.835358603105249e-07
nlp,WASPAS,2,84,85.56500000122469,True,9.835358603105249e-07
nlp,WASPAS,2,85,99.9454999982845,True,9.835358603105249e-07
nlp,WASPAS,2,86,81.34520000021439,True,9.835358603105249e-07
nlp,WASPAS,2,87,93.43360000639223,True,9.835358603105249e-07
nlp,WASPAS,2,88,95.62089999963064,True,9.835358603105249e-07
nlp,WASPAS,2,89,71.13089998892974,True,9.835358603105249e-07
nlp,WASPAS,2,90,78.85060000990052,True,9.835358603105249e-07
nlp,WASPAS,2,91,84.56200000364333,True,9.835358603105249e-07
nlp,WASPAS,2,92,92.9446999944048,True,9.835358603105249e-07
nlp,WASPAS,2,93,81.93739999842364,True,9.835358603105249e-07
nlp,WASPAS,2,94,92.93259998958092,True,9.835358603105249e-07
nlp,WASPAS,2,95,79.28350000292994,True,9.835358603105249e-07
nlp,WASPAS,2,96,81.73559998976998,True,9.835358603105249e-07
nlp,WASPAS,2,97,83.20649999950547,True,9.835358603105249e-07
nlp,WASPAS,2,98,97.22399999736808,True,9.835358603105249e-07
nlp,WASPAS,2,99,92.49709999130573,True,9.835358603105249e-07
nlp,WASPAS,2,100,91.07850000145845,True,9.835358603105249e-07
nlp,WASPAS,2,101,83.61739999963902,True,9.835358603105249e-07
nlp,WASPAS,2,102,75.10289999481756,True,9.835358603105249e-07
nlp,WASPAS,2,103,101.09779999766033,True,9.835358603105249e-07
nlp,WASPAS,2,104,82.84820000699256,True,9.835358603105249e-07
nlp,WASPAS,2,105,84.50510000693612,True,9.835358603105249e-07
nlp,WASPAS,2,106,100.06480000447482,True,9.835358603105249e-07
nlp,WASPAS,2,107,79.4954000011785,True,9.835358603105249e-07
nlp,WASPAS,2,108,78.71640000666957,True,9.835358603105249e-07
nlp,WASPAS,2,109,88.58939999481663,True,9.835358603105249e-07
nlp,WASPAS,2,110,94.55680000246502,True,9.835358603105249e-07
nlp,WASPAS,2,111,83.23740000196267,True,9.835358603105249e-07
nlp,WASPAS,2,112,87.16219999769237,True,9.835358603105249e-07
nlp,WASPAS,2,113,92.54199999850243,True,9.835358603105249e-07
nlp,WASPAS,2,114,79.93009999336209,True,9.835358603105249e-07
nlp,WASPAS,2,115,83.6152999982005,True,9.835358603105249e-07
nlp,WASPAS,2,116,101.0556999972323,True,9.835358603105249e-07
nlp,WASPAS,2,117,91.27869999792892,True,9.835358603105249e-07
nlp,WASPAS,2,118,96.44420001131948,True,9.835358603105249e-07
nlp,WASPAS,2,119,76.74859999679029,True,9.835358603105249e-07
nlp,WASPAS,2,120,81.35690000199247,True,9.835358603105249e-07
nlp,WASPAS,2,121,94.20620001037605,True,9.835358603105249e-07
nlp,WASPAS,2,122,83.70509999804199,True,9.835358603105249e-07
nlp,WASPAS,2,123,81.36359999480192,True,9.835358603105249e-07
nlp,WASPAS,2,124,82.18569999735337,True,9.835358603105249e-07
nlp,WASPAS,2,125,85.55649999470916,True,9.835358603105249e-07
nlp,WASPAS,2,126,80.63229999970645,True,9.835358603105249e-07
nlp,WASPAS,2,127,82.33989999280311,True,9.835358603105249e-07
nlp,WASPAS,2,128,92.02660000300966,True,9.835358603105249e-07
nlp,WASPAS,2,129,86.58260000811424,True,9.835358603105249e-07
nlp,WASPAS,2,130,83.4585000120569,True,9.835358603105249e-07
nlp,WASPAS,2,131,92.7438000071561,True,9.835358603105249e-07
nlp,WASPAS,2,132,88.12770000076853,True,9.835358603105249e-07
nlp,WASPAS,2,133,85.48259999952279,True,9.835358603105249e-07
nlp,WASPAS,2,134,80.2449000038905,True,9.835358603105249e-07
nlp,WASPAS,2,135,92.33440000389237,True,9.835358603105249e-07
nlp,WASPAS,2,136,79.93209999403916,True,9.835358603105249e-07
nlp,WASPAS,2,137,89.50590000313241,True,9.835358603105249e-07
nlp,WASPAS,2,138,101.73500000382774,True,9.835358603105249e-07
nlp,WASPAS,2,139,91.77759999874979,True,9.835358603105249e-07
nlp,WASPAS,2,140,95.33910000754986,True,9.835358603105249e-07
nlp,WASPAS,2,141,78.19119999476243,True,9.835358603105249e-07
nlp,WASPAS,2,142,86.54069999465719,True,9.835358603105249e-07
nlp,WASPAS,2,143,94.76239999639802,True,9.835358603105249e-07
nlp,WASPAS,2,144,87.86300000792835,True,9.835358603105249e-07
nlp,WASPAS,2,145,99.50280000339262,True,9.835358603105249e-07
nlp,WASPAS,2,146,86.33330000157002,True,9.835358603105249e-07
nlp,WASPAS,2,147,67.44450000405777,True,9.835358603105249e-07
nlp,WASPAS,2,148,74.46869999694172,True,9.835358603105249e-07
nlp,WASPAS,2,149,89.9755999998888,True,9.835358603105249e-07
nlp,WASPAS,2,150,84.77699999639299,True,9.835358603105249e-07
nlp,WASPAS,2,151,90.40549999917857,True,9.835358603105249e-07
nlp,WASPAS,2,152,97.76060000876896,True,9.835358603105249e-07
nlp,WASPAS,2,153,79.95820000360254,True,9.835358603105249e-07
nlp,WASPAS,2,154,86.1086999939289,True,9.835358603105249e-07
nlp,WASPAS,2,155,82.18009999836795,True,9.835358603105249e-07
nlp,WASPAS,2,156,90.34160000737756,True,9.835358603105249e-07
nlp,WASPAS,2,157,75.8637999970233,True,9.835358603105249e-07
nlp,WASPAS,2,158,88.07620000152383,True,9.835358603105249e-07
nlp,WASPAS,2,159,93.95540000696201,True,9.835358603105249e-07
nlp,WASPAS,2,160,89.29220000572968,True,9.835358603105249e-07
nlp,WASPAS,2,161,92.26239999406971,True,9.835358603105249e-07
nlp,WASPAS,2,162,97.50189998885617,True,9.835358603105249e-07
nlp,WASPAS,2,163,106.84809999656864,True,9.835358603105249e-07
nlp,WASPAS,2,164,81.79789999849163,True,9.835358603105249e-07
nlp,WASPAS,2,165,80.09220000531059,True,9.835358603105249e-07
nlp,WASPAS,2,166,86.62069999263622,True,9.835358603105249e-07
nlp,WASPAS,2,167,83.25449998665135,True,9.835358603105249e-07
nlp,WASPAS,2,168,88.22780000627972,True,9.835358603105249e-07
nlp,WASPAS,2,169,81.5022000024328,True,9.835358603105249e-07
nlp,WASPAS,2,170,89.73100000002887,True,9.835358603105249e-07
nlp,WASPAS,2,171,78.46639999479521,True,9.835358603105249e-07
nlp,WASPAS,2,172,82.85750000504777,True,9.835358603105249e-07
nlp,WASPAS,2,173,92.24600000015926,True,9.835358603105249e-07
nlp,WASPAS,2,174,82.28040000540204,True,9.835358603105249e-07
nlp,WASPAS,2,175,91.53130000049714,True,9.835358603105249e-07
nlp,WASPAS,2,176,91.45360000547953,True,9.835358603105249e-07
nlp,WASPAS,2,177,83.96230000653304,True,9.835358603105249e-07
nlp,WASPAS,2,178,75.52690000738949,True,9.835358603105249e-07
nlp,WASPAS,2,179,76.64429998840205,True,9.835358603105249e-07
nlp,WASPAS,2,180,90.56039999995846,True,9.835358603105249e-07
nlp,WASPAS,2,181,84.16860000579618,True,9.835358603105249e-07
nlp,WASPAS,2,182,85.23219999915455,True,9.835358603105249e-07
nlp,WASPAS,2,183,89.55200000491459,True,9.835358603105249e-07
nlp,WASPAS,2,184,84.7689999936847,True,9.835358603105249e-07
nlp,WASPAS,2,185,87.87730000040028,True,9.835358603105249e-07
nlp,WASPAS,2,186,95.45150000485592,True,9.835358603105249e-07
nlp,WASPAS,2,187,93.87950001109857,True,9.835358603105249e-07
nlp,WASPAS,2,188,91.93310000409838,True,9.835358603105249e-07
nlp,WASPAS,2,189,81.97220000147354,True,9.835358603105249e-07
nlp,WASPAS,2,190,95.81810000236146,True,9.835358603105249e-07
nlp,WASPAS,2,191,93.17750000627711,True,9.835358603105249e-07
nlp,WASPAS,2,192,79.9702999938745,True,9.835358603105249e-07
nlp,WASPAS,2,193,83.37709998886567,True,9.835358603105249e-07
nlp,WASPAS,2,194,95.91420000651851,True,9.835358603105249e-07
nlp,WASPAS,2,195,84.11160000832751,True,9.835358603105249e-07
nlp,WASPAS,2,196,79.99080000445247,True,9.835358603105249e-07
nlp,WASPAS,2,197,93.48840000166092,True,9.835358603105249e-07
nlp,WASPAS,2,198,85.39849999942817,True,9.835358603105249e-07
nlp,WASPAS,2,199,93.02529999695253,True,9.835358603105249e-07
nlp,RTOPSIS,4,0,124.33550000423566,True,5.866550145672278e-07
nlp,RTOPSIS,4,1,108.45119999430608,True,5.866550145672278e-07
nlp,RTOPSIS,4,2,114.78480001096614,True,5.866550145672278e-07
nlp,RTOPSIS,4,3,119.6468999987701,True,5.866550145672278e-07
nlp,RTOPSIS,4,4,114.80049999954645,True,5.866550145672278e-07
nlp,RTOPSIS,4,5,136.13340001029428,True,5.866550145672278e-07
nlp,RTOPSIS,4,6,110.64759999862872,True,5.866550145672278e-07
nlp,RTOPSIS,4,7,146.45899999595713,True,5.866550145672278e-07
nlp,RTOPSIS,4,8,107.71930000919383,True,5.866550145672278e-07
nlp,RTOPSIS,4,9,135.6385999970371,True,5.866550145672278e-07
nlp,RTOPSIS,4,10,115.30140000104439,True,5.866550145672278e-07
nlp,RTOPSIS,4,11,121.93179999303538,True,5.866550145672278e-07
nlp,RTOPSIS,4,12,117.3484000028111,True,5.866550145672278e-07
nlp,RTOPSIS,4,13,137.47129999683239,True,5.866550145672278e-07
nlp,RTOPSIS,4,14,114.98869999195449,True,5.866550145672278e-07
nlp,RTOPSIS,4,15,124.45750000188127,True,5.866550145672278e-07
nlp,RTOPSIS,4,16,107.7205000037793,True,5.866550145672278e-07
nlp,RTOPSIS,4,17,114.88150000513997,True,5.866550145672278e-07
nlp,RTOPSIS,4,18,121.1946999974316,True,5.866550145672278e-07
nlp,RTOPSIS,4,19,114.81610000191722,True,5.866550145672278e-07
nlp,RTOPSIS,4,20,126.43560000287835,True,5.866550145672278e-07
nlp,RTOPSIS,4,21,116.79129999538418,True,5.866550145672278e-07
nlp,RTOPSIS,4,22,130.0001999916276,True,5.866550145672278e-07
nlp,RTOPSIS,4,23,117.71830001089256,True,5.866550145672278e-07
nlp,RTOPSIS,4,24,126.19739999354351,True,5.866550145672278e-07
nlp,RTOPSIS,4,25,134.88700000743847,True,5.866550145672278e-07
nlp,RTOPSIS,4,26,122.77289999474306,True,5.866550145672278e-07
nlp,RTOPSIS,4,27,127.80190000194125,True,5.866550145672278e-07
nlp,RTOPSIS,4,28,134.10409999778494,True,5.866550145672278e-07
nlp,RTOPSIS,4,29,111.46059999009594,True,5.866550145672278e-07
nlp,RTOPSIS,4,30,119.29679999593645,True,5.866550145672278e-07
nlp,RTOPSIS,4,31,117.95149999670684,True,5.866550145672278e-07
nlp,RTOPSIS,4,32,112.83389999880455,True,5.866550145672278e-07
nlp,RTOPSIS,4,33,114.40550000406802,True,5.866550145672278e-07
nlp,RTOPSIS,4,34,115.47259999497328,True,5.866550145672278e-07
nlp,RTOPSIS,4,35,125.047599998652,True,5.866550145672278e-07
nlp,RTOPSIS,4,36,112.88970000168774,True,5.866550145672278e-07
nlp,RTOPSIS,4,37,117.14790000405628,True,5.866550145672278e-07
nlp,RTOPSIS,4,38,127.48629999987315,True,5.866550145672278e-07
nlp,RTOPSIS,4,39,134.6899000054691,True,5.866550145672278e-07
nlp,RTOPSIS,4,40,122.40490000112914,True,5.866550145672278e-07
nlp,RTOPSIS,4,41,143.02129999850877,True,5.866550145672278e-07
nlp,RTOPSIS,4,42,125.5813999887323,True,5.866550145672278e-07
nlp,RTOPSIS,4,43,144.88069999788422,True,5.866550145672278e-07
nlp,RTOPSIS,4,44,124.5622000133153,True,5.866550145672278e-07
nlp,RTOPSIS,4,45,127.92130000889301,True,5.866550145672278e-07
nlp,RTOPSIS,4,46,111.06260000087786,True,5.866550145672278e-07
nlp,RTOPSIS,4,47,127.27409999934025,True,5.866550145672278e-07
nlp,RTOPSIS,4,48,110.27699999976903,True,5.866550145672278e-07
nlp,RTOPSIS,4,49,136.59799999732058,True,5.866550145672278e-07
nlp,RTOPSIS,4,50,116.73560000781436,True,5.866550145672278e-07
nlp,RTOPSIS,4,51,121.82800000300631,True,5.866550145672278e-07
nlp,RTOPSIS,4,52,107.57890000240877,True,5.866550145672278e-07
nlp,RTOPSIS,4,53,122.47440000646748,True,5.866550145672278e-07
nlp,RTOPSIS,4,54,115.50569999963045,True,5.866550145672278e-07
nlp,RTOPSIS,4,55,122.00570000277366,True,5.866550145672278e-07
nlp,RTOPSIS,4,56,131.8182999966666,True,5.866550145672278e-07
nlp,RTOPSIS,4,57,112.79020000074524,True,5.866550145672278e-07
nlp,RTOPSIS,4,58,117.14349999965634,True,5.866550145672278e-07
nlp,RTOPSIS,4,59,118.61320000025444,True,5.866550145672278e-07
nlp,RTOPSIS,4,60,127.47209999361075,True,5.866550145672278e-07
nlp,RTOPSIS,4,61,117.77929999516346,True,5.866550145672278e-07
nlp,RTOPSIS,4,62,124.58229999174364,True,5.866550145672278e-07
nlp,RTOPSIS,4,63,113.84009999164846,True,5.866550145672278e-07
nlp,RTOPSIS,4,64,117.7458000020124,True,5.866550145672278e-07
nlp,RTOPSIS,4,65,122.53949999285396,True,5.866550145672278e-07
nlp,RTOPSIS,4,66,129.0859000000637,True,5.866550145672278e-07
nlp,RTOPSIS,4,67,110.7134999911068,True,5.866550145672278e-07
nlp,RTOPSIS,4,68,106.0453999962192,True,5.866550145672278e-07
nlp,RTOPSIS,4,69,126.63160001102369,True,5.866550145672278e-07
nlp,RTOPSIS,4,70,119.69339998904616,True,5.866550145672278e-07
nlp,RTOPSIS,4,71,132.8563999995822,True,5.866550145672278e-07
nlp,RTOPSIS,4,72,124.02420000580605,True,5.866550145672278e-07
nlp,RTOPSIS,4,73,124.04270000115503,True,5.866550145672278e-07
nlp,RTOPSIS,4,74,123.2058000023244,True,5.866550145672278e-07
nlp,RTOPSIS,4,75,129.2131999944104,True,5.866550145672278e-07
nlp,RTOPSIS,4,76,112.24309999670368,True,5.866550145672278e-07
nlp,RTOPSIS,4,77,124.80379999033175,True,5.866550145672278e-07
nlp,RTOPSIS,4,78,119.38550000195391,True,5.866550145672278e-07
nlp,RTOPSIS,4,79,122.52640000951942,True,5.866550145672278e-07
nlp,RTOPSIS,4,80,125.09599998884369,True,5.866550145672278e-07
nlp,RTOPSIS,4,81,115.22399999375921,True,5.866550145672278e-07
nlp,RTOPSIS,4,82,116.48280000372324,True,5.866550145672278e-07
nlp,RTOPSIS,4,83,115.87629999849014,True,5.866550145672278e-07
nlp,RTOPSIS,4,84,124.80219999270048,True,5.866550145672278e-07
nlp,RTOPSIS,4,85,105.69349999423139,True,5.866550145672278e-07
nlp,RTOPSIS,4,86,115.60629999439698,True,5.866550145672278e-07
nlp,RTOPSIS,4,87,112.52480000257492,True,5.866550145672278e-07
nlp,RTOPSIS,4,88,108.75780000060331,True,5.866550145672278e-07
nlp,RTOPSIS,4,89,130.63240000337828,True,5.866550145672278e-07
nlp,RTOPSIS,4,90,113.60670000431128,True,5.866550145672278e-07
nlp,RTOPSIS,4,91,114.9437999993097,True,5.866550145672278e-07
nlp,RTOPSIS,4,92,109.68910000519827,True,5.866550145672278e-07
nlp,RTOPSIS,4,93,133.23900000250433,True,5.866550145672278e-07
nlp,RTOPSIS,4,94,112.57750001095701,True,5.866550145672278e-07
nlp,RTOPSIS,4,95,127.4048000050243,True,5.866550145672278e-07
nlp,RTOPSIS,4,96,111.15630000131205,True,5.866550145672278e-07
nlp,RTOPSIS,4,97,129.04649999109097,True,5.866550145672278e-07
nlp,RTOPSIS,4,98,122.48619999445509,True,5.866550145672278e-07
nlp,RTOPSIS,4,99,118.88389999512583,True,5.866550145672278e-07
nlp,RTOPSIS,4,100,128.8048999995226,True,5.866550145672278e-07
nlp,RTOPSIS,4,101,120.55659999896307,True,5.866550145672278e-07
nlp,RTOPSIS,4,102,122.04770000244025,True,5.866550145672278e-07
nlp,RTOPSIS,4,103,111.85650000697933,True,5.866550145672278e-07
nlp,RTOPSIS,4,104,114.74920000182465,True,5.866550145672278e-07
nlp,RTOPSIS,4,105,125.97380000806879,True,5.866550145672278e-07
nlp,RTOPSIS,4,106,116.76829999487381,True,5.866550145672278e-07
nlp,RTOPSIS,4,107,120.87650000466965,True,5.866550145672278e-07
nlp,RTOPSIS,4,108,107.96920000575483,True,5.866550145672278e-07
nlp,RTOPSIS,4,109,112.92980000143871,True,5.866550145672278e-07
nlp,RTOPSIS,4,110,128.9863999991212,True,5.866550145672278e-07
nlp,RTOPSIS,4,111,122.59260000428185,True,5.866550145672278e-07
nlp,RTOPSIS,4,112,110.02049999660812,True,5.866550145672278e-07
nlp,RTOPSIS,4,113,120.98690000129864,True,5.866550145672278e-07
nlp,RTOPSIS,4,114,119.91649999981746,True,5.866550145672278e-07
nlp,RTOPSIS,4,115,114.4505999982357,True,5.866550145672278e-07
nlp,RTOPSIS,4,116,117.70780000369996,True,5.866550145672278e-07
nlp,RTOPSIS,4,117,121.13749999844003,True,5.866550145672278e-07
nlp,RTOPSIS,4,118,128.49679999635555,True,5.866550145672278e-07
nlp,RTOPSIS,4,119,106.58169999078382,True,5.866550145672278e-07
nlp,RTOPSIS,4,120,124.30290000338573,True,5.866550145672278e-07
nlp,RTOPSIS,4,121,105.8956000051694,True,5.866550145672278e-07
nlp,RTOPSIS,4,122,119.96150000777561,True,5.866550145672278e-07
nlp,RTOPSIS,4,123,125.02900000254158,True,5.866550145672278e-07
nlp,RTOPSIS,4,124,114.46670000441372,True,5.866550145672278e-07
nlp,RTOPSIS,4,125,126.74399999377783,True,5.866550145672278e-07
nlp,RTOPSIS,4,126,114.50859998876695,True,5.866550145672278e-07
nlp,RTOPSIS,4,127,111.14969999471214,True,5.866550145672278e-07
nlp,RTOPSIS,4,128,129.76609999896027,True,5.866550145672278e-07
nlp,RTOPSIS,4,129,125.58089999947697,True,5.866550145672278e-07
nlp,RTOPSIS,4,130,117.68599999777507,True,5.866550145672278e-07
nlp,RTOPSIS,4,131,131.19739999820013,True,5.866550145672278e-07
nlp,RTOPSIS,4,132,115.80220000178088,True,5.866550145672278e-07
nlp,RTOPSIS,4,133,119.22199999389704,True,5.866550145672278e-07
nlp,RTOPSIS,4,134,118.12850000569597,True,5.866550145672278e-07
nlp,RTOPSIS,4,135,122.46040000172798,True,5.866550145672278e-07
nlp,RTOPSIS,4,136,120.9757000033278,True,5.866550145672278e-07
nlp,RTOPSIS,4,137,108.66379999788478,True,5.866550145672278e-07
nlp,RTOPSIS,4,138,114.93850000260863,True,5.866550145672278e-07
nlp,RTOPSIS,4,139,128.84969999140594,True,5.866550145672278e-07
nlp,RTOPSIS,4,140,115.27349999232683,True,5.866550145672278e-07
nlp,RTOPSIS,4,141,112.79220000142232,True,5.866550145672278e-07
nlp,RTOPSIS,4,142,112.46199999004602,True,5.866550145672278e-07
nlp,RTOPSIS,4,143,132.26790000044275,True,5.866550145672278e-07
nlp,RTOPSIS,4,144,114.08069999015424,True,5.866550145672278e-07
nlp,RTOPSIS,4,145,119.78229999658652,True,5.866550145672278e-07
nlp,RTOPSIS,4,146,122.69290001131594,True,5.866550145672278e-07
nlp,RTOPSIS,4,147,115.20389998622704,True,5.866550145672278e-07
nlp,RTOPSIS,4,148,115.49229999945965,True,5.866550145672278e-07
nlp,RTOPSIS,4,149,116.76840001018718,True,5.866550145672278e-07
nlp,RTOPSIS,4,150,108.45460000564344,True,5.866550145672278e-07
nlp,RTOPSIS,4,151,118.01019999256823,True,5.866550145672278e-07
nlp,RTOPSIS,4,152,118.2559000008041,True,5.866550145672278e-07
nlp,RTOPSIS,4,153,117.72199999541044,True,5.866550145672278e-07
nlp,RTOPSIS,4,154,115.86789999273606,True,5.866550145672278e-07
nlp,RTOPSIS,4,155,108.17410000890959,True,5.866550145672278e-07
nlp,RTOPSIS,4,156,128.2472000020789,True,5.866550145672278e-07
nlp,RTOPSIS,4,157,112.2938000044087,True,5.866550145672278e-07
nlp,RTOPSIS,4,158,112.97000000195112,True,5.866550145672278e-07
nlp,RTOPSIS,4,159,113.08520000602584,True,5.866550145672278e-07
nlp,RTOPSIS,4,160,127.03869999677408,True,5.866550145672278e-07
nlp,RTOPSIS,4,161,112.82860000210349,True,5.866550145672278e-07
nlp,RTOPSIS,4,162,108.88390000036452,True,5.866550145672278e-07
nlp,RTOPSIS,4,163,113.77830000128597,True,5.866550145672278e-07
nlp,RTOPSIS,4,164,131.25229999423027,True,5.866550145672278e-07
nlp,RTOPSIS,4,165,122.53030001011211,True,5.866550145672278e-07
nlp,RTOPSIS,4,166,110.12660000415053,True,5.866550145672278e-07
nlp,RTOPSIS,4,167,121.04879999242257,True,5.866550145672278e-07
nlp,RTOPSIS,4,168,125.25989999994636,True,5.866550145672278e-07
nlp,RTOPSIS,4,169,135.2891999995336,True,5.866550145672278e-07
nlp,RTOPSIS,4,170,111.76880000857636,True,5.866550145672278e-07
nlp,RTOPSIS,4,171,124.19289999525063,True,5.866550145672278e-07
nlp,RTOPSIS,4,172,107.5177999882726,True,5.866550145672278e-07
nlp,RTOPSIS,4,173,129.1763000044739,True,5.866550145672278e-07
nlp,RTOPSIS,4,174,112.65789999742992,True,5.866550145672278e-07
nlp,RTOPSIS,4,175,116.82399999699555,True,5.866550145672278e-07
nlp,RTOPSIS,4,176,112.07209998974577,True,5.866550145672278e-07
nlp,RTOPSIS,4,177,109.01729999750387,True,5.866550145672278e-07
nlp,RTOPSIS,4,178,130.86520000069868,True,5.866550145672278e-07
nlp,RTOPSIS,4,179,120.39209999784362,True,5.866550145672278e-07
nlp,RTOPSIS,4,180,116.80229999183211,True,5.866550145672278e-07
nlp,RTOPSIS,4,181,109.06719999911729,True,5.866550145672278e-07
nlp,RTOPSIS,4,182,125.7404000061797,True,5.866550145672278e-07
nlp,RTOPSIS,4,183,109.38549999264069,True,5.866550145672278e-07
nlp,RTOPSIS,4,184,115.67210000066552,True,5.866550145672278e-07
nlp,RTOPSIS,4,185,112.35090000263881,True,5.866550145672278e-07
nlp,RTOPSIS,4,186,111.68309999629855,True,5.866550145672278e-07
nlp,RTOPSIS,4,187,136.71910000266507,True,5.866550145672278e-07
nlp,RTOPSIS,4,188,115.63190000015311,True,5.866550145672278e-07
nlp,RTOPSIS,4,189,115.13170000398532,True,5.866550145672278e-07
nlp,RTOPSIS,4,190,113.3970000082627,True,5.866550145672278e-07
nlp,RTOPSIS,4,191,114.20799999905284,True,5.866550145672278e-07
nlp,RTOPSIS,4,192,123.54390000109561,True,5.866550145672278e-07
nlp,RTOPSIS,4,193,115.10439999983646,True,5.866550145672278e-07
nlp,RTOPSIS,4,194,118.06049999722745,True,5.866550145672278e-07
nlp,RTOPSIS,4,195,109.66280000866391,True,5.866550145672278e-07
nlp,RTOPSIS,4,196,115.02249998738989,True,5.866550145672278e-07
nlp,RTOPSIS,4,197,121.87160000030417,True,5.866550145672278e-07
nlp,RTOPSIS,4,198,127.10639998840634,True,5.866550145672278e-07
nlp,RTOPSIS,4,199,114.04710001079366,True,5.866550145672278e-07
nlp,SAW,4,0,83.06859999720473,True,1.000000000139778e-06
nlp,SAW,4,1,93.228799989447,True,1.000000000139778e-06
nlp,SAW,4,2,87.17579999938607,True,1.000000000139778e-06
nlp,SAW,4,3,99.8457999958191,True,1.000000000139778e-06
nlp,SAW,4,4,86.62360000016633,True,1.000000000139778e-06
nlp,SAW,4,5,86.97950000350829,True,1.000000000139778e-06
nlp,SAW,4,6,90.9181000024546,True,1.000000000139778e-06
nlp,SAW,4,7,87.24550000624731,True,1.000000000139778e-06
nlp,SAW,4,8,79.17350000934675,True,1.000000000139778e-06
nlp,SAW,4,9,88.13709999958519,True,1.000000000139778e-06
nlp,SAW,4,10,99.73010000248905,True,1.000000000139778e-06
nlp,SAW,4,11,92.54370001144707,True,1.000000000139778e-06
nlp,SAW,4,12,77.34449999406934,True,1.000000000139778e-06
nlp,SAW,4,13,103.73069999332074,True,1.000000000139778e-06
nlp,SAW,4,14,76.88799999596085,True,1.000000000139778e-06
nlp,SAW,4,15,89.42150000075344,True,1.000000000139778e-06
nlp,SAW,4,16,94.89500000199769,True,1.000000000139778e-06
nlp,SAW,4,17,94.20799999497831,True,1.000000000139778e-06
nlp,SAW,4,18,90.66580000217073,True,1.000000000139778e-06
nlp,SAW,4,19,95.45989999605808,True,1.000000000139778e-06
nlp,SAW,4,20,104.13220000918955,True,1.000000000139778e-06
nlp,SAW,4,21,85.10019999812357,True,1.000000000139778e-06
nlp,SAW,4,22,88.08130001125392,True,1.000000000139778e-06
nlp,SAW,4,23,90.49360000062734,True,1.000000000139778e-06
nlp,SAW,4,24,90.27600000263192,True,1.000000000139778e-06
nlp,SAW,4,25,81.85650000814348,True,1.000000000139778e-06
nlp,SAW,4,26,93.46720000030473,True,1.000000000139778e-06
nlp,SAW,4,27,101.2977999926079,True,1.000000000139778e-06
nlp,SAW,4,28,88.99420000670943,True,1.000000000139778e-06
nlp,SAW,4,29,83.81470000313129,True,1.000000000139778e-06
nlp,SAW,4,30,91.88589999394026,True,1.000000000139778e-06
nlp,SAW,4,31,99.42140000930522,True,1.000000000139778e-06
nlp,SAW,4,32,81.84840000467375,True,1.000000000139778e-06
nlp,SAW,4,33,91.35499999683816,True,1.000000000139778e-06
nlp,SAW,4,34,79.37219999439549,True,1.000000000139778e-06
nlp,SAW,4,35,104.90580000623595,True,1.000000000139778e-06
nlp,SAW,4,36,79.46239999728277,True,1.000000000139778e-06
nlp,SAW,4,37,87.82499999506399,True,1.000000000139778e-06
nlp,SAW,4,38,99.63739999511745,True,1.000000000139778e-06
nlp,SAW,4,39,97.25750000507105,True,1.000000000139778e-06
nlp,SAW,4,40,87.15130000200588,True,1.000000000139778e-06
nlp,SAW,4,41,98.86270000424702,True,1.000000000139778e-06
nlp,SAW,4,42,93.4051000076579,True,1.000000000139778e-06
nlp,SAW,4,43,97.3738000029698,True,1.000000000139778e-06
nlp,SAW,4,44,92.11090000462718,True,1.000000000139778e-06
nlp,SAW,4,45,90.66859999438748,True,1.000000000139778e-06
nlp,SAW,4,46,95.7981999963522,True,1.000000000139778e-06
nlp,SAW,4,47,86.13750000949949,True,1.000000000139778e-06
nlp,SAW,4,48,88.51080000749789,True,1.000000000139778e-06
nlp,SAW,4,49,92.52540000306908,True,1.000000000139778e-06
nlp,SAW,4,50,96.39990000869147,True,1.000000000139778e-06
nlp,SAW,4,51,85.99570000660606,True,1.000000000139778e-06
nlp,SAW,4,52,96.83540000696667,True,1.000000000139778e-06
nlp,SAW,4,53,90.24900000076741,True,1.000000000139778e-06
nlp,SAW,4,54,83.78289999382105,True,1.000000000139778e-06
nlp,SAW,4,55,97.044599999208,True,1.000000000139778e-06
nlp,SAW,4,56,86.5159999957541,True,1.000000000139778e-06
nlp,SAW,4,57,81.8135000008624,True,1.000000000139778e-06
nlp,SAW,4,58,96.0274999961257,True,1.000000000139778e-06
nlp,SAW,4,59,87.26089999254327,True,1.000000000139778e-06
nlp,SAW,4,60,87.10679999785498,True,1.000000000139778e-06
nlp,SAW,4,61,95.34319999511354,True,1.000000000139778e-06
nlp,SAW,4,62,85.39820001169574,True,1.000000000139778e-06
nlp,SAW,4,63,88.94580000196584,True,1.000000000139778e-06
nlp,SAW,4,64,91.2772000010591,True,1.000000000139778e-06
nlp,SAW,4,65,89.1537999996217,True,1.000000000139778e-06
nlp,SAW,4,66,99.13270000834018,True,1.000000000139778e-06
nlp,SAW,4,67,95.91790000558831,True,1.000000000139778e-06
nlp,SAW,4,68,87.7801000024192,True,1.000000000139778e-06
nlp,SAW,4,69,96.32079998846166,True,1.000000000139778e-06
nlp,SAW,4,70,81.49620000040159,True,1.000000000139778e-06
nlp,SAW,4,71,79.96699999785051,True,1.000000000139778e-06
nlp,SAW,4,72,108.67619999044109,True,1.000000000139778e-06
nlp,SAW,4,73,88.49490000284277,True,1.000000000139778e-06
nlp,SAW,4,74,83.0986000073608,True,1.000000000139778e-06
nlp,SAW,4,75,107.30150000017602,True,1.000000000139778e-06
nlp,SAW,4,76,90.08429999812506,True,1.000000000139778e-06
nlp,SAW,4,77,91.19690000079572,True,1.000000000139778e-06
nlp,SAW,4,78,111.81699999724515,True,1.000000000139778e-06
nlp,SAW,4,79,79.86800000071526,True,1.000000000139778e-06
nlp,SAW,4,80,85.96949999628123,True,1.000000000139778e-06
nlp,SAW,4,81,96.9215999939479,True,1.000000000139778e-06
nlp,SAW,4,82,91.87590000510681,True,1.000000000139778e-06
nlp,SAW,4,83,94.07690000080038,True,1.000000000139778e-06
nlp,SAW,4,84,98.51820000039879,True,1.000000000139778e-06
nlp,SAW,4,85,86.35670000512619,True,1.000000000139778e-06
nlp,SAW,4,86,95.51860000647139,True,1.000000000139778e-06
nlp,SAW,4,87,89.14739999454468,True,1.000000000139778e-06
nlp,SAW,4,88,90.67819999472704,True,1.000000000139778e-06
nlp,SAW,4,89,94.52880000753794,True,1.000000000139778e-06
nlp,SAW,4,90,88.937900000019,True,1.000000000139778e-06
nlp,SAW,4,91,88.2809000031557,True,1.000000000139778e-06
nlp,SAW,4,92,95.32740000577178,True,1.000000000139778e-06
nlp,SAW,4,93,84.49520000431221,True,1.000000000139778e-06
nlp,SAW,4,94,93.30910000426229,True,1.000000000139778e-06
nlp,SAW,4,95,91.94729999580886,True,1.000000000139778e-06
nlp,SAW,4,96,80.78659999591764,True,1.000000000139778e-06
nlp,SAW,4,97,89.40609999990556,True,1.000000000139778e-06
nlp,SAW,4,98,93.0203000025358,True,1.000000000139778e-06
nlp,SAW,4,99,82.43819999916013,True,1.000000000139778e-06
nlp,SAW,4,100,84.6367000049213,True,1.000000000139778e-06
nlp,SAW,4,101,102.45010000653565,True,1.000000000139778e-06
nlp,SAW,4,102,82.5780000013765,True,1.000000000139778e-06
nlp,SAW,4,103,96.9796999997925,True,1.000000000139778e-06
nlp,SAW,4,104,91.08670000568964,True,1.000000000139778e-06
nlp,SAW,4,105,97.71260000707116,True,1.000000000139778e-06
nlp,SAW,4,106,97.23590000066906,True,1.000000000139778e-06
nlp,SAW,4,107,88.08339999814052,True,1.000000000139778e-06
nlp,SAW,4,108,93.80099999543745,True,1.000000000139778e-06
nlp,SAW,4,109,89.19290000631008,True,1.000000000139778e-06
nlp,SAW,4,110,93.7646000093082,True,1.000000000139778e-06
nlp,SAW,4,111,87.90569999837317,True,1.000000000139778e-06
nlp,SAW,4,112,90.18230000219774,True,1.000000000139778e-06
nlp,SAW,4,113,81.03079999273177,True,1.000000000139778e-06
nlp,SAW,4,114,84.64080000703689,True,1.000000000139778e-06
nlp,SAW,4,115,100.21279999637045,True,1.000000000139778e-06
nlp,SAW,4,116,86.5578000084497,True,1.000000000139778e-06
nlp,SAW,4,117,83.50490000157151,True,1.000000000139778e-06
nlp,SAW,4,118,95.17620000406168,True,1.000000000139778e-06
nlp,SAW,4,119,88.63600000040606,True,1.000000000139778e-06
nlp,SAW,4,120,92.58769999723881,True,1.000000000139778e-06
nlp,SAW,4,121,85.78540000598878,True,1.000000000139778e-06
nlp,SAW,4,122,87.71649999835063,True,1.000000000139778e-06
nlp,SAW,4,123,91.77850000560284,True,1.000000000139778e-06
nlp,SAW,4,124,89.88839999074116,True,1.000000000139778e-06
nlp,SAW,4,125,81.02070000313688,True,1.000000000139778e-06
nlp,SAW,4,126,83.2453000039095,True,1.000000000139778e-06
nlp,SAW,4,127,93.04469999915455,True,1.000000000139778e-06
nlp,SAW,4,128,86.47639999981038,True,1.000000000139778e-06
nlp,SAW,4,129,91.6892000095686,True,1.000000000139778e-06
nlp,SAW,4,130,101.8194000062067,True,1.000000000139778e-06
nlp,SAW,4,131,85.60340000258293,True,1.000000000139778e-06
nlp,SAW,4,132,81.96340000722557,True,1.000000000139778e-06
nlp,SAW,4,133,91.96639999572653,True,1.000000000139778e-06
nlp,SAW,4,134,87.8480999963358,True,1.000000000139778e-06
nlp,SAW,4,135,98.29890000401065,True,1.000000000139778e-06
nlp,SAW,4,136,86.08649999951012,True,1.000000000139778e-06
nlp,SAW,4,137,90.99159999459516,True,1.000000000139778e-06
nlp,SAW,4,138,100.41140000976156,True,1.000000000139778e-06
nlp,SAW,4,139,89.92579999903683,True,1.000000000139778e-06
nlp,SAW,4,140,92.1809999999823,True,1.000000000139778e-06
nlp,SAW,4,141,97.87529999448452,True,1.000000000139778e-06
nlp,SAW,4,142,82.81069999793544,True,1.000000000139778e-06
nlp,SAW,4,143,89.15559999877587,True,1.000000000139778e-06
nlp,SAW,4,144,96.87649999978021,True,1.000000000139778e-06
nlp,SAW,4,145,98.05349999805912,True,1.000000000139778e-06
nlp,SAW,4,146,80.85379999829456,True,1.000000000139778e-06
nlp,SAW,4,147,104.75100000621751,True,1.000000000139778e-06
nlp,SAW,4,148,81.05750000686385,True,1.000000000139778e-06
nlp,SAW,4,149,90.6812000030186,True,1.000000000139778e-06
nlp,SAW,4,150,93.97269999317359,True,1.000000000139778e-06
nlp,SAW,4,151,83.84259999729693,True,1.000000000139778e-06
nlp,SAW,4,152,96.77550000196788,True,1.000000000139778e-06
nlp,SAW,4,153,99.95609999168664,True,1.000000000139778e-06
nlp,SAW,4,154,83.63170000666287,True,1.000000000139778e-06
nlp,SAW,4,155,85.55489999707788,True,1.000000000139778e-06
nlp,SAW,4,156,107.74179999134503,True,1.000000000139778e-06
nlp,SAW,4,157,106.11510000308044,True,1.000000000139778e-06
nlp,SAW,4,158,84.76779999909922,True,1.000000000139778e-06
nlp,SAW,4,159,80.33379999687895,True,1.000000000139778e-06
nlp,SAW,4,160,96.3060000067344,True,1.000000000139778e-06
nlp,SAW,4,161,88.18330000212882,True,1.000000000139778e-06
nlp,SAW,4,162,90.41340000112541,True,1.000000000139778e-06
nlp,SAW,4,163,94.85229999700096,True,1.000000000139778e-06
nlp,SAW,4,164,85.62840000377037,True,1.000000000139778e-06
nlp,SAW,4,165,82.12200000707526,True,1.000000000139778e-06
nlp,SAW,4,166,86.26100000401493,True,1.000000000139778e-06
nlp,SAW,4,167,106.43419998814352,True,1.000000000139778e-06
nlp,SAW,4,168,82.8095999895595,True,1.000000000139778e-06
nlp,SAW,4,169,82.87120000750292,True,1.000000000139778e-06
nlp,SAW,4,170,92.41969999857247,True,1.000000000139778e-06
nlp,SAW,4,171,90.23899999738205,True,1.000000000139778e-06
nlp,SAW,4,172,90.06130001216661,True,1.000000000139778e-06
nlp,SAW,4,173,92.57849999994505,True,1.000000000139778e-06
nlp,SAW,4,174,93.44149999378715,True,1.000000000139778e-06
nlp,SAW,4,175,100.11830000439659,True,1.000000000139778e-06
nlp,SAW,4,176,84.47040000464767,True,1.000000000139778e-06
nlp,SAW,4,177,85.04520000133198,True,1.000000000139778e-06
nlp,SAW,4,178,88.0126999982167,True,1.000000000139778e-06
nlp,SAW,4,179,87.57340000011027,True,1.000000000139778e-06
nlp,SAW,4,180,89.74910000688396,True,1.000000000139778e-06
nlp,SAW,4,181,91.6397999972105,True,1.000000000139778e-06
nlp,SAW,4,182,90.81270000024233,True,1.000000000139778e-06
nlp,SAW,4,183,85.32149999518879,True,1.000000000139778e-06
nlp,SAW,4,184,99.43309999653138,True,1.000000000139778e-06
nlp,SAW,4,185,97.25559999060351,True,1.000000000139778e-06
nlp,SAW,4,186,92.13210000598338,True,1.000000000139778e-06
nlp,SAW,4,187,97.90829999838024,True,1.000000000139778e-06
nlp,SAW,4,188,83.08799999940675,True,1.000000000139778e-06
nlp,SAW,4,189,82.1808000036981,True,1.000000000139778e-06
nlp,SAW,4,190,96.15039998607244,True,1.000000000139778e-06
nlp,SAW,4,191,83.49360000283923,True,1.000000000139778e-06
nlp,SAW,4,192,104.53069998766296,True,1.000000000139778e-06
nlp,SAW,4,193,92.05269999802113,True,1.000000000139778e-06
nlp,SAW,4,194,84.42580001428723,True,1.000000000139778e-06
nlp,SAW,4,195,93.10399999958463,True,1.000000000139778e-06
nlp,SAW,4,196,91.2940999987768,True,1.000000000139778e-06
nlp,SAW,4,197,91.15140000358224,True,1.000000000139778e-06
nlp,SAW,4,198,94.8896999907447,True,1.000000000139778e-06
nlp,SAW,4,199,90.63619999506045,True,1.000000000139778e-06
nlp,VIKOR,4,0,98.70380000211298,True,9.999999996956888e-07
nlp,VIKOR,4,1,109.72269999911077,True,9.999999996956888e-07
nlp,VIKOR,4,2,99.80329999234527,True,9.999999996956888e-07
nlp,VIKOR,4,3,108.9199000125518,True,9.999999996956888e-07
nlp,VIKOR,4,4,88.43999999226071,True,9.999999996956888e-07
nlp,VIKOR,4,5,88.650100005907,True,9.999999996956888e-07
nlp,VIKOR,4,6,109.0152999968268,True,9.999999996956888e-07
nlp,VIKOR,4,7,95.40279999782797,True,9.999999996956888e-07
nlp,VIKOR,4,8,95.53289999894332,True,9.999999996956888e-07
nlp,VIKOR,4,9,102.28310000093188,True,9.999999996956888e-07
nlp,VIKOR,4,10,93.34649999800604,True,9.999999996956888e-07
nlp,VIKOR,4,11,113.35119999421295,True,9.999999996956888e-07
nlp,VIKOR,4,12,94.12629999860656,True,9.999999996956888e-07
nlp,VIKOR,4,13,98.56179999769665,True,9.999999996956888e-07
nlp,VIKOR,4,14,101.79390000121202,True,9.999999996956888e-07
nlp,VIKOR,4,15,94.31410000252072,True,9.999999996956888e-07
nlp,VIKOR,4,16,104.97339999710675,True,9.999999996956888e-07
nlp,VIKOR,4,17,97.66430000308901,True,9.999999996956888e-07
nlp,VIKOR,4,18,95.36239999579266,True,9.999999996956888e-07
nlp,VIKOR,4,19,91.44210000522435,True,9.999999996956888e-07
nlp,VIKOR,4,20,94.47070000169333,True,9.999999996956888e-07
nlp,VIKOR,4,21,92.97019999939948,True,9.999999996956888e-07
nlp,VIKOR,4,22,99.85939999751281,True,9.999999996956888e-07
nlp,VIKOR,4,23,100.7994000101462,True,9.999999996956888e-07
nlp,VIKOR,4,24,108.18090000248048,True,9.999999996956888e-07
nlp,VIKOR,4,25,96.8635000026552,True,9.999999996956888e-07
nlp,VIKOR,4,26,110.33060000045225,True,9.999999996956888e-07
nlp,VIKOR,4,27,92.66850000130944,True,9.999999996956888e-07
nlp,VIKOR,4,28,93.42289999767672,True,9.999999996956888e-07
nlp,VIKOR,4,29,106.38129999279045,True,9.999999996956888e-07
nlp,VIKOR,4,30,102.59219999716152,True,9.999999996956888e-07
nlp,VIKOR,4,31,92.89450000505894,True,9.999999996956888e-07
nlp,VIKOR,4,32,113.90559999563266,True,9.999999996956888e-07
nlp,VIKOR,4,33,99.53229999518953,True,9.999999996956888e-07
nlp,VIKOR,4,34,100.48150000511669,True,9.999999996956888e-07
nlp,VIKOR,4,35,105.06649999297224,True,9.999999996956888e-07
nlp,VIKOR,4,36,99.731200010865,True,9.999999996956888e-07
nlp,VIKOR,4,37,105.18519999459386,True,9.999999996956888e-07
nlp,VIKOR,4,38,105.61819998838473,True,9.999999996956888e-07
nlp,VIKOR,4,39,92.46679999341723,True,9.999999996956888e-07
nlp,VIKOR,4,40,99.65659999579657,True,9.999999996956888e-07
nlp,VIKOR,4,41,100.72489999583922,True,9.999999996956888e-07
nlp,VIKOR,4,42,106.23649999615736,True,9.999999996956888e-07
nlp,VIKOR,4,43,101.61139999399893,True,9.999999996956888e-07
nlp,VIKOR,4,44,96.49369999533519,True,9.999999996956888e-07
nlp,VIKOR,4,45,107.71159999421798,True,9.999999996956888e-07
nlp,VIKOR,4,46,103.77980000339448,True,9.999999996956888e-07
nlp,VIKOR,4,47,108.28179999953136,True,9.999999996956888e-07
nlp,VIKOR,4,48,112.24039999069646,True,9.999999996956888e-07
nlp,VIKOR,4,49,100.32979999959935,True,9.999999996956888e-07
nlp,VIKOR,4,50,97.69409999717027,True,9.999999996956888e-07
nlp,VIKOR,4,51,104.08869999810122,True,9.999999996956888e-07
nlp,VIKOR,4,52,106.07200000958983,True,9.999999996956888e-07
nlp,VIKOR,4,53,107.02350000792649,True,9.999999996956888e-07
nlp,VIKOR,4,54,94.03000000747852,True,9.999999996956888e-07
nlp,VIKOR,4,55,103.737600002205,True,9.999999996956888e-07
nlp,VIKOR,4,56,95.42519999376964,True,9.999999996956888e-07
nlp,VIKOR,4,57,90.05949999846052,True,9.999999996956888e-07
nlp,VIKOR,4,58,95.0678999943193,True,9.999999996956888e-07
nlp,VIKOR,4,59,98.32900000037625,True,9.999999996956888e-07
nlp,VIKOR,4,60,91.21199999935925,True,9.999999996956888e-07
nlp,VIKOR,4,61,103.8082999875769,True,9.999999996956888e-07
nlp,VIKOR,4,62,95.24830000009388,True,9.999999996956888e-07
nlp,VIKOR,4,63,104.15569999895524,True,9.999999996956888e-07
nlp,VIKOR,4,64,94.43670000473503,True,9.999999996956888e-07
nlp,VIKOR,4,65,88.41080000274815,True,9.999999996956888e-07
nlp,VIKOR,4,66,98.65289999288507,True,9.999999996956888e-07
nlp,VIKOR,4,67,96.965699995053,True,9.999999996956888e-07
nlp,VIKOR,4,68,96.56400000676513,True,9.999999996956888e-07
nlp,VIKOR,4,69,105.01749999821186,True,9.999999996956888e-07
nlp,VIKOR,4,70,96.24410000105854,True,9.999999996956888e-07
nlp,VIKOR,4,71,109.7555000014836,True,9.999999996956888e-07
nlp,VIKOR,4,72,90.09300000616349,True,9.999999996956888e-07
nlp,VIKOR,4,73,103.55909999634605,True,9.999999996956888e-07
nlp,VIKOR,4,74,102.83059999346733,True,9.999999996956888e-07
nlp,VIKOR,4,75,99.62420001102146,True,9.999999996956888e-07
nlp,VIKOR,4,76,102.28429999551736,True,9.999999996956888e-07
nlp,VIKOR,4,77,116.27440000302158,True,9.999999996956888e-07
nlp,VIKOR,4,78,92.94370000134222,True,9.999999996956888e-07
nlp,VIKOR,4,79,97.77319998829626,True,9.999999996956888e-07
nlp,VIKOR,4,80,104.54369999933988,True,9.999999996956888e-07
nlp,VIKOR,4,81,94.67679999943357,True,9.999999996956888e-07
nlp,VIKOR,4,82,107.84510000667069,True,9.999999996956888e-07
nlp,VIKOR,4,83,110.37900000519585,True,9.999999996956888e-07
nlp,VIKOR,4,84,93.44389999751002,True,9.999999996956888e-07
nlp,VIKOR,4,85,89.53810000093654,True,9.999999996956888e-07
nlp,VIKOR,4,86,100.17700000025798,True,9.999999996956888e-07
nlp,VIKOR,4,87,93.2252999919001,True,9.999999996956888e-07
nlp,VIKOR,4,88,93.65260000049602,True,9.999999996956888e-07
nlp,VIKOR,4,89,100.05939999246038,True,9.999999996956888e-07
nlp,VIKOR,4,90,95.24220001185313,True,9.999999996956888e-07
nlp,VIKOR,4,91,94.94170000834856,True,9.999999996956888e-07
nlp,VIKOR,4,92,104.02420000173151,True,9.999999996956888e-07
nlp,VIKOR,4,93,95.79680000024382,True,9.999999996956888e-07
nlp,VIKOR,4,94,100.7648000086192,True,9.999999996956888e-07
nlp,VIKOR,4,95,104.63509999681264,True,9.999999996956888e-07
nlp,VIKOR,4,96,89.98620000784285,True,9.999999996956888e-07
nlp,VIKOR,4,97,95.74150000116788,True,9.999999996956888e-07
nlp,VIKOR,4,98,110.96919998817611,True,9.999999996956888e-07
nlp,VIKOR,4,99,92.3019000038039,True,9.999999996956888e-07
nlp,VIKOR,4,100,118.15260000003036,True,9.999999996956888e-07
nlp,VIKOR,4,101,88.9337999979034,True,9.999999996956888e-07
nlp,VIKOR,4,102,91.8764999951236,True,9.999999996956888e-07
nlp,VIKOR,4,103,111.49549999390729,True,9.999999996956888e-07
nlp,VIKOR,4,104,93.2673000061186,True,9.999999996956888e-07
nlp,VIKOR,4,105,107.01950000657234,True,9.999999996956888e-07
nlp,VIKOR,4,106,94.7221999958856,True,9.999999996956888e-07
nlp,VIKOR,4,107,91.10729998792522,True,9.999999996956888e-07
nlp,VIKOR,4,108,112.97919999924488,True,9.999999996956888e-07
nlp,VIKOR,4,109,97.61599999910686,True,9.999999996956888e-07
nlp,VIKOR,4,110,112.00450001342688,True,9.999999996956888e-07
nlp,VIKOR,4,111,99.68270000535995,True,9.999999996956888e-07
nlp,VIKOR,4,112,91.89519999199547,True,9.999999996956888e-07
nlp,VIKOR,4,113,100.44969999580644,True,9.999999996956888e-07
nlp,VIKOR,4,114,95.94270000525285,True,9.999999996956888e-07
nlp,VIKOR,4,115,100.62240000115708,True,9.999999996956888e-07
nlp,VIKOR,4,116,93.67039999051485,True,9.999999996956888e-07
nlp,VIKOR,4,117,84.5291999867186,True,9.999999996956888e-07
nlp,VIKOR,4,118,108.58899999584537,True,9.999999996956888e-07
nlp,VIKOR,4,119,96.16220000316389,True,9.999999996956888e-07
nlp,VIKOR,4,120,89.08330000122078,True,9.999999996956888e-07
nlp,VIKOR,4,121,107.00530000030994,True,9.999999996956888e-07
nlp,VIKOR,4,122,95.91869999712799,True,9.999999996956888e-07
nlp,VIKOR,4,123,96.22229999513365,True,9.999999996956888e-07
nlp,VIKOR,4,124,107.51900001196191,True,9.999999996956888e-07
nlp,VIKOR,4,125,92.97860000515357,True,9.999999996956888e-07
nlp,VIKOR,4,126,103.84360000898596,True,9.999999996956888e-07
nlp,VIKOR,4,127,93.08120000059716,True,9.999999996956888e-07
nlp,VIKOR,4,128,94.98419999727048,True,9.999999996956888e-07
nlp,VIKOR,4,129,104.41619998891838,True,9.999999996956888e-07
nlp,VIKOR,4,130,96.5864000027068,True,9.999999996956888e-07
nlp,VIKOR,4,131,102.77430000132881,True,9.999999996956888e-07
nlp,VIKOR,4,132,111.41430000134278,True,9.999999996956888e-07
nlp,VIKOR,4,133,114.77319999539759,True,9.999999996956888e-07
nlp,VIKOR,4,134,122.78779999178369,True,9.999999996956888e-07
nlp,VIKOR,4,135,99.10160000436008,True,9.999999996956888e-07
nlp,VIKOR,4,136,108.58050000388175,True,9.999999996956888e-07
nlp,VIKOR,4,137,93.0827000120189,True,9.999999996956888e-07
nlp,VIKOR,4,138,98.02950000448618,True,9.999999996956888e-07
nlp,VIKOR,4,139,108.01240000000689,True,9.999999996956888e-07
nlp,VIKOR,4,140,97.32109999458771,True,9.999999996956888e-07
nlp,VIKOR,4,141,95.60879999480676,True,9.999999996956888e-07
nlp,VIKOR,4,142,108.75440000381786,True,9.999999996956888e-07
nlp,VIKOR,4,143,105.83810000389349,True,9.999999996956888e-07
nlp,VIKOR,4,144,97.40769999916665,True,9.999999996956888e-07
nlp,VIKOR,4,145,98.98249999969266,True,9.999999996956888e-07
nlp,VIKOR,4,146,109.97320000024047,True,9.999999996956888e-07
nlp,VIKOR,4,147,101.38680000090972,True,9.999999996956888e-07
nlp,VIKOR,4,148,107.67109999142122,True,9.999999996956888e-07
nlp,VIKOR,4,149,99.06819999741856,True,9.999999996956888e-07
nlp,VIKOR,4,150,98.93119998741895,True,9.999999996956888e-07
nlp,VIKOR,4,151,108.4850000042934,True,9.999999996956888e-07
nlp,VIKOR,4,152,105.1214000035543,True,9.999999996956888e-07
nlp,VIKOR,4,153,104.89869999582879,True,9.999999996956888e-07
nlp,VIKOR,4,154,100.2238000073703,True,9.999999996956888e-07
nlp,VIKOR,4,155,106.18870001053438,True,9.999999996956888e-07
nlp,VIKOR,4,156,101.07520000019576,True,9.999999996956888e-07
nlp,VIKOR,4,157,108.7375999923097,True,9.999999996956888e-07
nlp,VIKOR,4,158,101.51950000727084,True,9.999999996956888e-07
nlp,VIKOR,4,159,99.01350000291131,True,9.999999996956888e-07
nlp,VIKOR,4,160,99.42760001285933,True,9.999999996956888e-07
nlp,VIKOR,4,161,99.29329999431502,True,9.999999996956888e-07
nlp,VIKOR,4,162,110.38629998802207,True,9.999999996956888e-07
nlp,VIKOR,4,163,93.17029999510851,True,9.999999996956888e-07
nlp,VIKOR,4,164,104.51109999848995,True,9.999999996956888e-07
nlp,VIKOR,4,165,104.25329999998212,True,9.999999996956888e-07
nlp,VIKOR,4,166,109.71029999200255,True,9.999999996956888e-07
nlp,VIKOR,4,167,91.37049999844749,True,9.999999996956888e-07
nlp,VIKOR,4,168,100.4384999978356,True,9.999999996956888e-07
nlp,VIKOR,4,169,105.11210000549909,True,9.999999996956888e-07
nlp,VIKOR,4,170,97.78110000479501,True,9.999999996956888e-07
nlp,VIKOR,4,171,93.97670000907965,True,9.999999996956888e-07
nlp,VIKOR,4,172,113.58839999593329,True,9.999999996956888e-07
nlp,VIKOR,4,173,88.85080000618473,True,9.999999996956888e-07
nlp,VIKOR,4,174,96.02870000526309,True,9.999999996956888e-07
nlp,VIKOR,4,175,110.5905000003986,True,9.999999996956888e-07
nlp,VIKOR,4,176,87.56939999875613,True,9.999999996956888e-07
nlp,VIKOR,4,177,107.53860000113491,True,9.999999996956888e-07
nlp,VIKOR,4,178,96.41369999735616,True,9.999999996956888e-07
nlp,VIKOR,4,179,96.95619999547489,True,9.999999996956888e-07
nlp,VIKOR,4,180,107.02029999811202,True,9.999999996956888e-07
nlp,VIKOR,4,181,94.0097999991849,True,9.999999996956888e-07
nlp,VIKOR,4,182,104.6107000001939,True,9.999999996956888e-07
nlp,VIKOR,4,183,102.39899999578483,True,9.999999996956888e-07
nlp,VIKOR,4,184,100.06140000768937,True,9.999999996956888e-07
nlp,VIKOR,4,185,106.9335000065621,True,9.999999996956888e-07
nlp,VIKOR,4,186,100.77029999229126,True,9.999999996956888e-07
nlp,VIKOR,4,187,111.75840000214521,True,9.999999996956888e-07
nlp,VIKOR,4,188,93.35389999614563,True,9.999999996956888e-07
nlp,VIKOR,4,189,93.77170000516344,True,9.999999996956888e-07
nlp,VIKOR,4,190,105.46459999750368,True,9.999999996956888e-07
nlp,VIKOR,4,191,109.9736999894958,True,9.999999996956888e-07
nlp,VIKOR,4,192,107.32799999823328,True,9.999999996956888e-07
nlp,VIKOR,4,193,96.36749999481253,True,9.999999996956888e-07
nlp,VIKOR,4,194,92.41490000567865,True,9.999999996956888e-07
nlp,VIKOR,4,195,108.35080000106245,True,9.999999996956888e-07
nlp,VIKOR,4,196,95.1719000004232,True,9.999999996956888e-07
nlp,VIKOR,4,197,98.75659999670461,True,9.999999996956888e-07
nlp,VIKOR,4,198,106.68379999697208,True,9.999999996956888e-07
nlp,VIKOR,4,199,94.5516000065254,True,9.999999996956888e-07
nlp,COPRAS,4,0,92.51310001127422,True,1.000000000139778e-06
nlp,COPRAS,4,1,87.31410000473261,True,1.000000000139778e-06
nlp,COPRAS,4,2,111.95500000030734,True,1.000000000139778e-06
nlp,COPRAS,4,3,115.58919999515638,True,1.000000000139778e-06
nlp,COPRAS,4,4,113.90760001086164,True,1.000000000139778e-06
nlp,COPRAS,4,5,126.8945000047097,True,1.000000000139778e-06
nlp,COPRAS,4,6,97.55749999021646,True,1.000000000139778e-06
nlp,COPRAS,4,7,98.261300008744,True,1.000000000139778e-06
nlp,COPRAS,4,8,92.9994999896735,True,1.000000000139778e-06
nlp,COPRAS,4,9,101.84250000747852,True,1.000000000139778e-06
nlp,COPRAS,4,10,102.11120000167284,True,1.000000000139778e-06
nlp,COPRAS,4,11,112.86500000278465,True,1.000000000139778e-06
nlp,COPRAS,4,12,102.3230999999214,True,1.000000000139778e-06
nlp,COPRAS,4,13,110.73480000777636,True,1.000000000139778e-06
nlp,COPRAS,4,14,113.23479999555275,True,1.000000000139778e-06
nlp,COPRAS,4,15,97.9248999938136,True,1.000000000139778e-06
nlp,COPRAS,4,16,91.48619999177754,True,1.000000000139778e-06
nlp,COPRAS,4,17,91.1408000101801,True,1.000000000139778e-06
nlp,COPRAS,4,18,106.32769999210723,True,1.000000000139778e-06
nlp,COPRAS,4,19,96.62690000550356,True,1.000000000139778e-06
nlp,COPRAS,4,20,95.32249999756459,True,1.000000000139778e-06
nlp,COPRAS,4,21,119.27370000921655,True,1.000000000139778e-06
nlp,COPRAS,4,22,98.97380000620615,True,1.000000000139778e-06
nlp,COPRAS,4,23,99.97809999913443,True,1.000000000139778e-06
nlp,COPRAS,4,24,92.79670000250917,True,1.000000000139778e-06
nlp,COPRAS,4,25,89.0681000018958,True,1.000000000139778e-06
nlp,COPRAS,4,26,92.674800005625,True,1.000000000139778e-06
nlp,COPRAS,4,27,101.42799999448471,True,1.000000000139778e-06
nlp,COPRAS,4,28,98.56810000201222,True,1.000000000139778e-06
nlp,COPRAS,4,29,96.8531999969855,True,1.000000000139778e-06
nlp,COPRAS,4,30,115.25269999401644,True,1.000000000139778e-06
nlp,COPRAS,4,31,107.90180000185501,True,1.000000000139778e-06
nlp,COPRAS,4,32,98.23799999139737,True,1.000000000139778e-06
nlp,COPRAS,4,33,108.80099999485537,True,1.000000000139778e-06
nlp,COPRAS,4,34,93.51729998888914,True,1.000000000139778e-06
nlp,COPRAS,4,35,96.14639999927022,True,1.000000000139778e-06
nlp,COPRAS,4,36,115.72370000067167,True,1.000000000139778e-06
nlp,COPRAS,4,37,99.85269999015145,True,1.000000000139778e-06
nlp,COPRAS,4,38,101.18140000849962,True,1.000000000139778e-06
nlp,COPRAS,4,39,93.43069999886211,True,1.000000000139778e-06
nlp,COPRAS,4,40,90.89239999593701,True,1.000000000139778e-06
nlp,COPRAS,4,41,100.76679999474436,True,1.000000000139778e-06
nlp,COPRAS,4,42,94.68580000975635,True,1.000000000139778e-06
nlp,COPRAS,4,43,97.25109999999404,True,1.000000000139778e-06
nlp,COPRAS,4,44,125.03799999831244,True,1.000000000139778e-06
nlp,COPRAS,4,45,100.94599999138154,True,1.000000000139778e-06
nlp,COPRAS,4,46,99.2429999896558,True,1.000000000139778e-06
nlp,COPRAS,4,47,92.03559999878053,True,1.000000000139778e-06
nlp,COPRAS,4,48,112.97919999924488,True,1.000000000139778e-06
nlp,COPRAS,4,49,89.72119999816641,True,1.000000000139778e-06
nlp,COPRAS,4,50,98.50190000724979,True,1.000000000139778e-06
nlp,COPRAS,4,51,111.58670000440907,True,1.000000000139778e-06
nlp,COPRAS,4,52,100.74550000717863,True,1.000000000139778e-06
nlp,COPRAS,4,53,107.93759999796748,True,1.000000000139778e-06
nlp,COPRAS,4,54,87.42929999425542,True,1.000000000139778e-06
nlp,COPRAS,4,55,82.56450000044424,True,1.000000000139778e-06
nlp,COPRAS,4,56,100.40850000223145,True,1.000000000139778e-06
nlp,COPRAS,4,57,87.9512999963481,True,1.000000000139778e-06
nlp,COPRAS,4,58,89.78719999140594,True,1.000000000139778e-06
nlp,COPRAS,4,59,102.40150000026915,True,1.000000000139778e-06
nlp,COPRAS,4,60,91.91849999479018,True,1.000000000139778e-06
nlp,COPRAS,4,61,101.12829999707174,True,1.000000000139778e-06
nlp,COPRAS,4,62,101.94480000063777,True,1.000000000139778e-06
nlp,COPRAS,4,63,89.95270000013988,True,1.000000000139778e-06
nlp,COPRAS,4,64,93.58919999795035,True,1.000000000139778e-06
nlp,COPRAS,4,65,97.12669999862555,True,1.000000000139778e-06
nlp,COPRAS,4,66,92.31110000109766,True,1.000000000139778e-06
nlp,COPRAS,4,67,113.50130000209901,True,1.000000000139778e-06
nlp,COPRAS,4,68,113.30050000105985,True,1.000000000139778e-06
nlp,COPRAS,4,69,96.39940000488423,True,1.000000000139778e-06
nlp,COPRAS,4,70,90.32570000272244,True,1.000000000139778e-06
nlp,COPRAS,4,71,94.31380000023637,True,1.000000000139778e-06
nlp,COPRAS,4,72,105.3037000092445,True,1.000000000139778e-06
nlp,COPRAS,4,73,88.80169999611098,True,1.000000000139778e-06
nlp,COPRAS,4,74,93.5143000097014,True,1.000000000139778e-06
nlp,COPRAS,4,75,98.00630000245292,True,1.000000000139778e-06
nlp,COPRAS,4,76,100.29919999942649,True,1.000000000139778e-06
nlp,COPRAS,4,77,98.0318000074476,True,1.000000000139778e-06
nlp,COPRAS,4,78,108.65330000524409,True,1.000000000139778e-06
nlp,COPRAS,4,79,85.15830000396818,True,1.000000000139778e-06
nlp,COPRAS,4,80,85.0056999915978,True,1.000000000139778e-06
nlp,COPRAS,4,81,93.55560000403784,True,1.000000000139778e-06
nlp,COPRAS,4,82,97.58770000189543,True,1.000000000139778e-06
nlp,COPRAS,4,83,109.41420000744984,True,1.000000000139778e-06
nlp,COPRAS,4,84,98.12510000483599,True,1.000000000139778e-06
nlp,COPRAS,4,85,98.85870000289287,True,1.000000000139778e-06
nlp,COPRAS,4,86,95.8416999928886,True,1.000000000139778e-06
nlp,COPRAS,4,87,79.82569999876432,True,1.000000000139778e-06
nlp,COPRAS,4,88,82.82500000495929,True,1.000000000139778e-06
nlp,COPRAS,4,89,103.02139999112114,True,1.000000000139778e-06
nlp,COPRAS,4,90,96.48720000404865,True,1.000000000139778e-06
nlp,COPRAS,4,91,97.5860000035027,True,1.000000000139778e-06
nlp,COPRAS,4,92,90.77049999905284,True,1.000000000139778e-06
nlp,COPRAS,4,93,94.3972999957623,True,1.000000000139778e-06
nlp,COPRAS,4,94,102.88269999728072,True,1.000000000139778e-06
nlp,COPRAS,4,95,86.683899993659,True,1.000000000139778e-06
nlp,COPRAS,4,96,94.21710000606254,True,1.000000000139778e-06
nlp,COPRAS,4,97,93.07209998951294,True,1.000000000139778e-06
nlp,COPRAS,4,98,83.89989999704994,True,1.000000000139778e-06
nlp,COPRAS,4,99,95.68130000843666,True,1.000000000139778e-06
nlp,COPRAS,4,100,102.89710000506602,True,1.000000000139778e-06
nlp,COPRAS,4,101,89.32980000099633,True,1.000000000139778e-06
nlp,COPRAS,4,102,100.14199999568518,True,1.000000000139778e-06
nlp,COPRAS,4,103,99.24480000336189,True,1.000000000139778e-06
nlp,COPRAS,4,104,97.39979999721982,True,1.000000000139778e-06
nlp,COPRAS,4,105,100.28700000839308,True,1.000000000139778e-06
nlp,COPRAS,4,106,92.50369999790564,True,1.000000000139778e-06
nlp,COPRAS,4,107,85.6606000015745,True,1.000000000139778e-06
nlp,COPRAS,4,108,93.56800001114607,True,1.000000000139778e-06
nlp,COPRAS,4,109,101.26710000622552,True,1.000000000139778e-06
nlp,COPRAS,4,110,94.89550000580493,True,1.000000000139778e-06
nlp,COPRAS,4,111,94.44510001048911,True,1.000000000139778e-06
nlp,COPRAS,4,112,97.70179999759421,True,1.000000000139778e-06
nlp,COPRAS,4,113,93.93010000349022,True,1.000000000139778e-06
nlp,COPRAS,4,114,94.17409999878146,True,1.000000000139778e-06
nlp,COPRAS,4,115,99.73380000155885,True,1.000000000139778e-06
nlp,COPRAS,4,116,87.42540000821464,True,1.000000000139778e-06
nlp,COPRAS,4,117,88.55090000724886,True,1.000000000139778e-06
nlp,COPRAS,4,118,90.04870000353549,True,1.000000000139778e-06
nlp,COPRAS,4,119,86.98009999352507,True,1.000000000139778e-06
nlp,COPRAS,4,120,89.7809000016423,True,1.000000000139778e-06
nlp,COPRAS,4,121,95.3488999948604,True,1.000000000139778e-06
nlp,COPRAS,4,122,93.25540000281762,True,1.000000000139778e-06
nlp,COPRAS,4,123,84.91769999091048,True,1.000000000139778e-06
nlp,COPRAS,4,124,84.29189999878872,True,1.000000000139778e-06
nlp,COPRAS,4,125,101.08849999960512,True,1.000000000139778e-06
nlp,COPRAS,4,126,82.73120000376366,True,1.000000000139778e-06
nlp,COPRAS,4,127,88.6064000078477,True,1.000000000139778e-06
nlp,COPRAS,4,128,100.49360000994056,True,1.000000000139778e-06
nlp,COPRAS,4,129,87.71960000740364,True,1.000000000139778e-06
nlp,COPRAS,4,130,106.79849999723956,True,1.000000000139778e-06
nlp,COPRAS,4,131,89.8723999998765,True,1.000000000139778e-06
nlp,COPRAS,4,132,83.99469999130815,True,1.000000000139778e-06
nlp,COPRAS,4,133,102.15779999271035,True,1.000000000139778e-06
nlp,COPRAS,4,134,89.13839999877382,True,1.000000000139778e-06
nlp,COPRAS,4,135,97.8167000139365,True,1.000000000139778e-06
nlp,COPRAS,4,136,83.42749999428634,True,1.000000000139778e-06
nlp,COPRAS,4,137,90.97099999780767,True,1.000000000139778e-06
nlp,COPRAS,4,138,91.58300000126474,True,1.000000000139778e-06
nlp,COPRAS,4,139,89.32879999338184,True,1.000000000139778e-06
nlp,COPRAS,4,140,86.79750000010245,True,1.000000000139778e-06
nlp,COPRAS,4,141,98.73209999932442,True,1.000000000139778e-06
nlp,COPRAS,4,142,93.35210001154337,True,1.000000000139778e-06
nlp,COPRAS,4,143,84.39590000489261,True,1.000000000139778e-06
nlp,COPRAS,4,144,92.36920000694226,True,1.000000000139778e-06
nlp,COPRAS,4,145,91.12270000332501,True,1.000000000139778e-06
nlp,COPRAS,4,146,83.14240000618156,True,1.000000000139778e-06
nlp,COPRAS,4,147,100.08199998992495,True,1.000000000139778e-06
nlp,COPRAS,4,148,82.82030001282692,True,1.000000000139778e-06
nlp,COPRAS,4,149,95.44730000197887,True,1.000000000139778e-06
nlp,COPRAS,4,150,107.13409999152645,True,1.000000000139778e-06
nlp,COPRAS,4,151,80.6802000006428,True,1.000000000139778e-06
nlp,COPRAS,4,152,79.91510001011193,True,1.000000000139778e-06
nlp,COPRAS,4,153,94.17659998871386,True,1.000000000139778e-06
nlp,COPRAS,4,154,84.47299999534152,True,1.000000000139778e-06
nlp,COPRAS,4,155,90.19780000380706,True,1.000000000139778e-06
nlp,COPRAS,4,156,92.4382999946829,True,1.000000000139778e-06
nlp,COPRAS,4,157,90.03139998822007,True,1.000000000139778e-06
nlp,COPRAS,4,158,102.74370000115596,True,1.000000000139778e-06
nlp,COPRAS,4,159,87.9657000041334,True,1.000000000139778e-06
nlp,COPRAS,4,160,81.82279999891762,True,1.000000000139778e-06
nlp,COPRAS,4,161,112.00660000031348,True,1.000000000139778e-06
nlp,COPRAS,4,162,81.57490000303369,True,1.000000000139778e-06
nlp,COPRAS,4,163,76.59670000430197,True,1.000000000139778e-06
nlp,COPRAS,4,164,100.05690000252798,True,1.000000000139778e-06
nlp,COPRAS,4,165,84.0668999881018,True,1.000000000139778e-06
nlp,COPRAS,4,166,88.33430000231601,True,1.000000000139778e-06
nlp,COPRAS,4,167,97.73550000682008,True,1.000000000139778e-06
nlp,COPRAS,4,168,93.43199999420904,True,1.000000000139778e-06
nlp,COPRAS,4,169,88.19799999764655,True,1.000000000139778e-06
nlp,COPRAS,4,170,103.91349998826627,True,1.000000000139778e-06
nlp,COPRAS,4,171,92.06169999379199,True,1.000000000139778e-06
nlp,COPRAS,4,172,93.70739999576472,True,1.000000000139778e-06
nlp,COPRAS,4,173,99.267300000065,True,1.000000000139778e-06
nlp,COPRAS,4,174,84.29829998931382,True,1.000000000139778e-06
nlp,COPRAS,4,175,91.99380000063684,True,1.000000000139778e-06
nlp,COPRAS,4,176,93.37680001044646,True,1.000000000139778e-06
nlp,COPRAS,4,177,89.55069999501575,True,1.000000000139778e-06
nlp,COPRAS,4,178,90.90560000913683,True,1.000000000139778e-06
nlp,COPRAS,4,179,94.84619999420829,True,1.000000000139778e-06
nlp,COPRAS,4,180,87.12300000479445,True,1.000000000139778e-06
nlp,COPRAS,4,181,91.27469999657478,True,1.000000000139778e-06
nlp,COPRAS,4,182,87.15870000014547,True,1.000000000139778e-06
nlp,COPRAS,4,183,88.41480000410229,True,1.000000000139778e-06
nlp,COPRAS,4,184,98.65879999415483,True,1.000000000139778e-06
nlp,COPRAS,4,185,84.79380000790115,True,1.000000000139778e-06
nlp,COPRAS,4,186,85.16470000904519,True,1.000000000139778e-06
nlp,COPRAS,4,187,94.40919999906328,True,1.000000000139778e-06
nlp,COPRAS,4,188,84.88690000376664,True,1.000000000139778e-06
nlp,COPRAS,4,189,86.60340000642464,True,1.000000000139778e-06
nlp,COPRAS,4,190,96.20980000181589,True,1.000000000139778e-06
nlp,COPRAS,4,191,87.04559999750927,True,1.000000000139778e-06
nlp,COPRAS,4,192,92.22779999254271,True,1.000000000139778e-06
nlp,COPRAS,4,193,97.05080000276212,True,1.000000000139778e-06
nlp,COPRAS,4,194,92.28370001073927,True,1.000000000139778e-06
nlp,COPRAS,4,195,92.44049999688286,True,1.000000000139778e-06
nlp,COPRAS,4,196,87.15449999726843,True,1.000000000139778e-06
nlp,COPRAS,4,197,87.41490000102203,True,1.000000000139778e-06
nlp,COPRAS,4,198,88.72390000033192,True,1.000000000139778e-06
nlp,COPRAS,4,199,98.25350000755861,True,1.000000000139778e-06
nlp,ARAS,4,0,96.5377999964403,True,1.0000000000287557e-06
nlp,ARAS,4,1,99.08430000359658,True,1.0000000000287557e-06
nlp,ARAS,4,2,94.17350000876468,True,1.0000000000287557e-06
nlp,ARAS,4,3,112.06669999228325,True,1.0000000000287557e-06
nlp,ARAS,4,4,82.21880000201054,True,1.0000000000287557e-06
nlp,ARAS,4,5,94.45790000609122,True,1.0000000000287557e-06
nlp,ARAS,4,6,92.99900000041816,True,1.0000000000287557e-06
nlp,ARAS,4,7,83.98829998623114,True,1.0000000000287557e-06
nlp,ARAS,4,8,90.3019000106724,True,1.0000000000287557e-06
nlp,ARAS,4,9,95.17500000947621,True,1.0000000000287557e-06
nlp,ARAS,4,10,88.97070000239182,True,1.0000000000287557e-06
nlp,ARAS,4,11,92.94299999601208,True,1.0000000000287557e-06
nlp,ARAS,4,12,97.51010000763927,True,1.0000000000287557e-06
nlp,ARAS,4,13,93.44479998981114,True,1.0000000000287557e-06
nlp,ARAS,4,14,86.40279999235645,True,1.0000000000287557e-06
nlp,ARAS,4,15,96.26340000249911,True,1.0000000000287557e-06
nlp,ARAS,4,16,84.01049999520183,True,1.0000000000287557e-06
nlp,ARAS,4,17,87.61889999732375,True,1.0000000000287557e-06
nlp,ARAS,4,18,95.7370000105584,True,1.0000000000287557e-06
nlp,ARAS,4,19,93.03730000101496,True,1.0000000000287557e-06
nlp,ARAS,4,20,87.4924999952782,True,1.0000000000287557e-06
nlp,ARAS,4,21,104.74509999039583,True,1.0000000000287557e-06
nlp,ARAS,4,22,93.81589999247808,True,1.0000000000287557e-06
nlp,ARAS,4,23,90.00500000547618,True,1.0000000000287557e-06
nlp,ARAS,4,24,99.54199999629054,True,1.0000000000287557e-06
nlp,ARAS,4,25,113.30339999403805,True,1.0000000000287557e-06
nlp,ARAS,4,26,83.90379999764264,True,1.0000000000287557e-06
nlp,ARAS,4,27,84.23170000605751,True,1.0000000000287557e-06
nlp,ARAS,4,28,97.79669999261387,True,1.0000000000287557e-06
nlp,ARAS,4,29,93.90560000611003,True,1.0000000000287557e-06
nlp,ARAS,4,30,85.03719999862369,True,1.0000000000287557e-06
nlp,ARAS,4,31,96.19510000629816,True,1.0000000000287557e-06
nlp,ARAS,4,32,87.95070000633132,True,1.0000000000287557e-06
nlp,ARAS,4,33,95.81389999948442,True,1.0000000000287557e-06
nlp,ARAS,4,34,102.8673999971943,True,1.0000000000287557e-06
nlp,ARAS,4,35,88.32179999444634,True,1.0000000000287557e-06
nlp,ARAS,4,36,94.07399999327026,True,1.0000000000287557e-06
nlp,ARAS,4,37,98.91859999333974,True,1.0000000000287557e-06
nlp,ARAS,4,38,96.16660000756383,True,1.0000000000287557e-06
nlp,ARAS,4,39,94.78630000376143,True,1.0000000000287557e-06
nlp,ARAS,4,40,100.35379999317229,True,1.0000000000287557e-06
nlp,ARAS,4,41,85.05470000091009,True,1.0000000000287557e-06
nlp,ARAS,4,42,91.91139999893494,True,1.0000000000287557e-06
nlp,ARAS,4,43,91.45810001064092,True,1.0000000000287557e-06
nlp,ARAS,4,44,95.22139999899082,True,1.0000000000287557e-06
nlp,ARAS,4,45,90.72710000327788,True,1.0000000000287557e-06
nlp,ARAS,4,46,94.28019999177195,True,1.0000000000287557e-06
nlp,ARAS,4,47,103.03300000668969,True,1.0000000000287557e-06
nlp,ARAS,4,48,98.18980000272859,True,1.0000000000287557e-06
nlp,ARAS,4,49,89.9416000029305,True,1.0000000000287557e-06
nlp,ARAS,4,50,88.24709999316838,True,1.0000000000287557e-06
nlp,ARAS,4,51,96.31969999463763,True,1.0000000000287557e-06
nlp,ARAS,4,52,85.77449999575038,True,1.0000000000287557e-06
nlp,ARAS,4,53,73.4453999903053,True,1.0000000000287557e-06
nlp,ARAS,4,54,102.60840000410099,True,1.0000000000287557e-06
nlp,ARAS,4,55,103.23189999326132,True,1.0000000000287557e-06
nlp,ARAS,4,56,100.95779999392107,True,1.0000000000287557e-06
nlp,ARAS,4,57,101.69080000196118,True,1.0000000000287557e-06
nlp,ARAS,4,58,85.02240000234451,True,1.0000000000287557e-06
nlp,ARAS,4,59,94.81349999259692,True,1.0000000000287557e-06
nlp,ARAS,4,60,88.98150001186877,True,1.0000000000287557e-06
nlp,ARAS,4,61,92.74969999387395,True,1.0000000000287557e-06
nlp,ARAS,4,62,100.29930000018794,True,1.0000000000287557e-06
nlp,ARAS,4,63,82.36139999644365,True,1.0000000000287557e-06
nlp,ARAS,4,64,87.31630000693258,True,1.0000000000287557e-06
nlp,ARAS,4,65,100.99459999764804,True,1.0000000000287557e-06
nlp,ARAS,4,66,93.65690000413451,True,1.0000000000287557e-06
nlp,ARAS,4,67,89.03440000722185,True,1.0000000000287557e-06
nlp,ARAS,4,68,95.29420000035316,True,1.0000000000287557e-06
nlp,ARAS,4,69,99.80660000292119,True,1.0000000000287557e-06
nlp,ARAS,4,70,85.46189998742193,True,1.0000000000287557e-06
nlp,ARAS,4,71,88.65839999634773,True,1.0000000000287557e-06
nlp,ARAS,4,72,102.58320000139065,True,1.0000000000287557e-06
nlp,ARAS,4,73,92.55810000468045,True,1.0000000000287557e-06
nlp,ARAS,4,74,101.7600999912247,True,1.0000000000287557e-06
nlp,ARAS,4,75,101.8878000031691,True,1.0000000000287557e-06
nlp,ARAS,4,76,83.79509999940637,True,1.0000000000287557e-06
nlp,ARAS,4,77,89.23349999531638,True,1.0000000000287557e-06
nlp,ARAS,4,78,100.66690000530798,True,1.0000000000287557e-06
nlp,ARAS,4,79,90.66420000453945,True,1.0000000000287557e-06
nlp,ARAS,4,80,90.61030000157189,True,1.0000000000287557e-06
nlp,ARAS,4,81,94.95610000158194,True,1.0000000000287557e-06
nlp,ARAS,4,82,90.59629999683239,True,1.0000000000287557e-06
nlp,ARAS,4,83,91.9854999956442,True,1.0000000000287557e-06
nlp,ARAS,4,84,97.62479999335483,True,1.0000000000287557e-06
nlp,ARAS,4,85,92.49099998851307,True,1.0000000000287557e-06
nlp,ARAS,4,86,95.34240000357386,True,1.0000000000287557e-06
nlp,ARAS,4,87,99.83750000537839,True,1.0000000000287557e-06
nlp,ARAS,4,88,85.86900000227615,True,1.0000000000287557e-06
nlp,ARAS,4,89,94.14830000605434,True,1.0000000000287557e-06
nlp,ARAS,4,90,101.24599999107886,True,1.0000000000287557e-06
nlp,ARAS,4,91,97.72809999412857,True,1.0000000000287557e-06
nlp,ARAS,4,92,90.205500004231,True,1.0000000000287557e-06
nlp,ARAS,4,93,92.68420000444166,True,1.0000000000287557e-06
nlp,ARAS,4,94,87.93770000920631,True,1.0000000000287557e-06
nlp,ARAS,4,95,91.69879999535624,True,1.0000000000287557e-06
nlp,ARAS,4,96,88.53079999971669,True,1.0000000000287557e-06
nlp,ARAS,4,97,96.05229999579024,True,1.0000000000287557e-06
nlp,ARAS,4,98,94.83790000376757,True,1.0000000000287557e-06
nlp,ARAS,4,99,80.66069999767933,True,1.0000000000287557e-06
nlp,ARAS,4,100,96.13589999207761,True,1.0000000000287557e-06
nlp,ARAS,4,101,95.1037000049837,True,1.0000000000287557e-06
nlp,ARAS,4,102,85.06309999211226,True,1.0000000000287557e-06
nlp,ARAS,4,103,104.04279999784194,True,1.0000000000287557e-06
nlp,ARAS,4,104,90.55560000706464,True,1.0000000000287557e-06
nlp,ARAS,4,105,84.29410000098869,True,1.0000000000287557e-06
nlp,ARAS,4,106,97.92439999000635,True,1.0000000000287557e-06
nlp,ARAS,4,107,88.88119999028277,True,1.0000000000287557e-06
nlp,ARAS,4,108,93.94449999672361,True,1.0000000000287557e-06
nlp,ARAS,4,109,99.44429999450222,True,1.0000000000287557e-06
nlp,ARAS,4,110,89.6601999993436,True,1.0000000000287557e-06
nlp,ARAS,4,111,93.43090000038501,True,1.0000000000287557e-06
nlp,ARAS,4,112,96.52269999787677,True,1.0000000000287557e-06
nlp,ARAS,4,113,93.33150000020396,True,1.0000000000287557e-06
nlp,ARAS,4,114,106.80800001136959,True,1.0000000000287557e-06
nlp,ARAS,4,115,91.12559999630321,True,1.0000000000287557e-06
nlp,ARAS,4,116,87.51510000729468,True,1.0000000000287557e-06
nlp,ARAS,4,117,94.67869999934919,True,1.0000000000287557e-06
nlp,ARAS,4,118,86.97140000003856,True,1.0000000000287557e-06
nlp,ARAS,4,119,100.75869999127463,True,1.0000000000287557e-06
nlp,ARAS,4,120,102.65330001129769,True,1.0000000000287557e-06
nlp,ARAS,4,121,89.11339999758638,True,1.0000000000287557e-06
nlp,ARAS,4,122,100.46500001044478,True,1.0000000000287557e-06
nlp,ARAS,4,123,98.44519999751355,True,1.0000000000287557e-06
nlp,ARAS,4,124,98.23250000772532,True,1.0000000000287557e-06
nlp,ARAS,4,125,107.11400001309812,True,1.0000000000287557e-06
nlp,ARAS,4,126,83.99100000679027,True,1.0000000000287557e-06
nlp,ARAS,4,127,91.92790000815876,True,1.0000000000287557e-06
nlp,ARAS,4,128,97.17400000954513,True,1.0000000000287557e-06
nlp,ARAS,4,129,97.8834999987157,True,1.0000000000287557e-06
nlp,ARAS,4,130,89.15159999742173,True,1.0000000000287557e-06
nlp,ARAS,4,131,103.57019999355543,True,1.0000000000287557e-06
nlp,ARAS,4,132,96.18690000206698,True,1.0000000000287557e-06
nlp,ARAS,4,133,96.17059999436606,True,1.0000000000287557e-06
nlp,ARAS,4,134,97.67529999953695,True,1.0000000000287557e-06
nlp,ARAS,4,135,105.25790000974666,True,1.0000000000287557e-06
nlp,ARAS,4,136,92.64299999631476,True,1.0000000000287557e-06
nlp,ARAS,4,137,84.6906999940984,True,1.0000000000287557e-06
nlp,ARAS,4,138,89.41059999051504,True,1.0000000000287557e-06
nlp,ARAS,4,139,90.90280000236817,True,1.0000000000287557e-06
nlp,ARAS,4,140,92.54079998936504,True,1.0000000000287557e-06
nlp,ARAS,4,141,98.25690000434406,True,1.0000000000287557e-06
nlp,ARAS,4,142,101.86980001162738,True,1.0000000000287557e-06
nlp,ARAS,4,143,90.52499999233987,True,1.0000000000287557e-06
nlp,ARAS,4,144,90.63370000512805,True,1.0000000000287557e-06
nlp,ARAS,4,145,89.80319999682251,True,1.0000000000287557e-06
nlp,ARAS,4,146,85.81160000176169,True,1.0000000000287557e-06
nlp,ARAS,4,147,89.4996999995783,True,1.0000000000287557e-06
nlp,ARAS,4,148,99.90080000716262,True,1.0000000000287557e-06
nlp,ARAS,4,149,80.15249999880325,True,1.0000000000287557e-06
nlp,ARAS,4,150,106.29619999963325,True,1.0000000000287557e-06
nlp,ARAS,4,151,79.97269999759737,True,1.0000000000287557e-06
nlp,ARAS,4,152,85.53630000096746,True,1.0000000000287557e-06
nlp,ARAS,4,153,97.20200000447221,True,1.0000000000287557e-06
nlp,ARAS,4,154,91.18750000197906,True,1.0000000000287557e-06
nlp,ARAS,4,155,89.88790000148583,True,1.0000000000287557e-06
nlp,ARAS,4,156,102.98710000643041,True,1.0000000000287557e-06
nlp,ARAS,4,157,94.83020000334363,True,1.0000000000287557e-06
nlp,ARAS,4,158,100.4706000094302,True,1.0000000000287557e-06
nlp,ARAS,4,159,92.68929999961983,True,1.0000000000287557e-06
nlp,ARAS,4,160,90.31610000238288,True,1.0000000000287557e-06
nlp,ARAS,4,161,120.43929999344982,True,1.0000000000287557e-06
nlp,ARAS,4,162,101.16299999936018,True,1.0000000000287557e-06
nlp,ARAS,4,163,107.14840001310222,True,1.0000000000287557e-06
nlp,ARAS,4,164,96.29240000504069,True,1.0000000000287557e-06
nlp,ARAS,4,165,88.66860000125598,True,1.0000000000287557e-06
nlp,ARAS,4,166,94.81640000012703,True,1.0000000000287557e-06
nlp,ARAS,4,167,85.01760000945069,True,1.0000000000287557e-06
nlp,ARAS,4,168,88.83130000322126,True,1.0000000000287557e-06
nlp,ARAS,4,169,102.06360000302084,True,1.0000000000287557e-06
nlp,ARAS,4,170,81.03780000237748,True,1.0000000000287557e-06
nlp,ARAS,4,171,102.3676000040723,True,1.0000000000287557e-06
nlp,ARAS,4,172,96.78969999367837,True,1.0000000000287557e-06
nlp,ARAS,4,173,95.38700000848621,True,1.0000000000287557e-06
nlp,ARAS,4,174,99.51980000187177,True,1.0000000000287557e-06
nlp,ARAS,4,175,98.84059999603778,True,1.0000000000287557e-06
nlp,ARAS,4,176,82.51880000170786,True,1.0000000000287557e-06
nlp,ARAS,4,177,87.68090000376105,True,1.0000000000287557e-06
nlp,ARAS,4,178,94.52740001142956,True,1.0000000000287557e-06
nlp,ARAS,4,179,94.1817999992054,True,1.0000000000287557e-06
nlp,ARAS,4,180,91.77480000653304,True,1.0000000000287557e-06
nlp,ARAS,4,181,84.20399999886286,True,1.0000000000287557e-06
nlp,ARAS,4,182,101.90030001103878,True,1.0000000000287557e-06
nlp,ARAS,4,183,87.59289998852182,True,1.0000000000287557e-06
nlp,ARAS,4,184,84.94329999666661,True,1.0000000000287557e-06
nlp,ARAS,4,185,99.77499999513384,True,1.0000000000287557e-06
nlp,ARAS,4,186,95.68620000209194,True,1.0000000000287557e-06
nlp,ARAS,4,187,86.32750000106171,True,1.0000000000287557e-06
nlp,ARAS,4,188,89.13980000943411,True,1.0000000000287557e-06
nlp,ARAS,4,189,92.39499999966938,True,1.0000000000287557e-06
nlp,ARAS,4,190,89.82160000596195,True,1.0000000000287557e-06
nlp,ARAS,4,191,95.58799999649636,True,1.0000000000287557e-06
nlp,ARAS,4,192,95.76579999702517,True,1.0000000000287557e-06
nlp,ARAS,4,193,96.0209000040777,True,1.0000000000287557e-06
nlp,ARAS,4,194,86.02350000001024,True,1.0000000000287557e-06
nlp,ARAS,4,195,95.80759999516886,True,1.0000000000287557e-06
nlp,ARAS,4,196,97.22510000574403,True,1.0000000000287557e-06
nlp,ARAS,4,197,100.33699999621604,True,1.0000000000287557e-06
nlp,ARAS,4,198,80.29159999568947,True,1.0000000000287557e-06
nlp,ARAS,4,199,89.28680000826716,True,1.0000000000287557e-06
nlp,WASPAS,4,0,90.27859999332577,True,7.418217716770314e-07
nlp,WASPAS,4,1,90.67910000158008,True,7.418217716770314e-07
nlp,WASPAS,4,2,94.3486999894958,True,7.418217716770314e-07
nlp,WASPAS,4,3,79.73359999596141,True,7.418217716770314e-07
nlp,WASPAS,4,4,82.91810000082478,True,7.418217716770314e-07
nlp,WASPAS,4,5,93.93780000391416,True,7.418217716770314e-07
nlp,WASPAS,4,6,77.95589999295771,True,7.418217716770314e-07
nlp,WASPAS,4,7,88.030400002026,True,7.418217716770314e-07
nlp,WASPAS,4,8,91.27550000266638,True,7.418217716770314e-07
nlp,WASPAS,4,9,88.80899999348912,True,7.418217716770314e-07
nlp,WASPAS,4,10,79.48069999110885,True,7.418217716770314e-07
nlp,WASPAS,4,11,78.4708999999566,True,7.418217716770314e-07
nlp,WASPAS,4,12,93.05949999543373,True,7.418217716770314e-07
nlp,WASPAS,4,13,77.27850000082981,True,7.418217716770314e-07
nlp,WASPAS,4,14,99.23199999320786,True,7.418217716770314e-07
nlp,WASPAS,4,15,88.98010000120848,True,7.418217716770314e-07
nlp,WASPAS,4,16,77.67070000409149,True,7.418217716770314e-07
nlp,WASPAS,4,17,97.68080001231283,True,7.418217716770314e-07
nlp,WASPAS,4,18,85.84919999702834,True,7.418217716770314e-07
nlp,WASPAS,4,19,90.05549999710638,True,7.418217716770314e-07
nlp,WASPAS,4,20,95.35390000382904,True,7.418217716770314e-07
nlp,WASPAS,4,21,81.40340000682045,True,7.418217716770314e-07
nlp,WASPAS,4,22,81.57090000167955,True,7.418217716770314e-07
nlp,WASPAS,4,23,78.91460000246298,True,7.418217716770314e-07
nlp,WASPAS,4,24,87.19930000370368,True,7.418217716770314e-07
nlp,WASPAS,4,25,92.44690000195988,True,7.418217716770314e-07
nlp,WASPAS,4,26,96.26369999023154,True,7.418217716770314e-07
nlp,WASPAS,4,27,79.32569998956751,True,7.418217716770314e-07
nlp,WASPAS,4,28,83.73610000126064,True,7.418217716770314e-07
nlp,WASPAS,4,29,98.31119999580551,True,7.418217716770314e-07
nlp,WASPAS,4,30,78.59429999371059,True,7.418217716770314e-07
nlp,WASPAS,4,31,95.79029999440536,True,7.418217716770314e-07
nlp,WASPAS,4,32,85.50109999487177,True,7.418217716770314e-07
nlp,WASPAS,4,33,79.77070000197273,True,7.418217716770314e-07
nlp,WASPAS,4,34,85.26189999247435,True,7.418217716770314e-07
nlp,WASPAS,4,35,86.28459999454208,True,7.418217716770314e-07
nlp,WASPAS,4,36,75.87110000895336,True,7.418217716770314e-07
nlp,WASPAS,4,37,90.71030000632163,True,7.418217716770314e-07
nlp,WASPAS,4,38,98.83390000322834,True,7.418217716770314e-07
nlp,WASPAS,4,39,81.26019999326672,True,7.418217716770314e-07
nlp,WASPAS,4,40,89.52320000389591,True,7.418217716770314e-07
nlp,WASPAS,4,41,98.5002999950666,True,7.418217716770314e-07
nlp,WASPAS,4,42,86.90309998928569,True,7.418217716770314e-07
nlp,WASPAS,4,43,85.70830000098795,True,7.418217716770314e-07
nlp,WASPAS,4,44,92.20020000066143,True,7.418217716770314e-07
nlp,WASPAS,4,45,83.15009999205358,True,7.418217716770314e-07
nlp,WASPAS,4,46,85.5710000032559,True,7.418217716770314e-07
nlp,WASPAS,4,47,92.14490000158548,True,7.418217716770314e-07
nlp,WASPAS,4,48,85.73959999193903,True,7.418217716770314e-07
nlp,WASPAS,4,49,92.1035000064876,True,7.418217716770314e-07
nlp,WASPAS,4,50,83.2003999967128,True,7.418217716770314e-07
nlp,WASPAS,4,51,83.68029999837745,True,7.418217716770314e-07
nlp,WASPAS,4,52,95.42220000002999,True,7.418217716770314e-07
nlp,WASPAS,4,53,80.58219999657013,True,7.418217716770314e-07
nlp,WASPAS,4,54,91.43610000319313,True,7.418217716770314e-07
nlp,WASPAS,4,55,93.58939999947324,True,7.418217716770314e-07
nlp,WASPAS,4,56,88.22370000416413,True,7.418217716770314e-07
nlp,WASPAS,4,57,82.21449999837205,True,7.418217716770314e-07
nlp,WASPAS,4,58,78.4708999999566,True,7.418217716770314e-07
nlp,WASPAS,4,59,86.33350000309292,True,7.418217716770314e-07
nlp,WASPAS,4,60,75.06269999430515,True,7.418217716770314e-07
nlp,WASPAS,4,61,88.41329999268055,True,7.418217716770314e-07
nlp,WASPAS,4,62,99.67480000341311,True,7.418217716770314e-07
nlp,WASPAS,4,63,82.76619999378454,True,7.418217716770314e-07
nlp,WASPAS,4,64,95.7641999993939,True,7.418217716770314e-07
nlp,WASPAS,4,65,83.64440000150353,True,7.418217716770314e-07
nlp,WASPAS,4,66,85.01999999862164,True,7.418217716770314e-07
nlp,WASPAS,4,67,85.74700000463054,True,7.418217716770314e-07
nlp,WASPAS,4,68,88.42319999530446,True,7.418217716770314e-07
nlp,WASPAS,4,69,73.84250000177417,True,7.418217716770314e-07
nlp,WASPAS,4,70,82.13460000115447,True,7.418217716770314e-07
nlp,WASPAS,4,71,94.69990000070538,True,7.418217716770314e-07
nlp,WASPAS,4,72,90.32960000331514,True,7.418217716770314e-07
nlp,WASPAS,4,73,89.76950000214856,True,7.418217716770314e-07
nlp,WASPAS,4,74,77.19480000378098,True,7.418217716770314e-07
nlp,WASPAS,4,75,80.01980000699405,True,7.418217716770314e-07
nlp,WASPAS,4,76,90.03629999642726,True,7.418217716770314e-07
nlp,WASPAS,4,77,91.91599999030586,True,7.418217716770314e-07
nlp,WASPAS,4,78,79.94409999810159,True,7.418217716770314e-07
nlp,WASPAS,4,79,76.92039999528788,True,7.418217716770314e-07
nlp,WASPAS,4,80,88.64879999600817,True,7.418217716770314e-07
nlp,WASPAS,4,81,78.0434000043897,True,7.418217716770314e-07
nlp,WASPAS,4,82,96.47519999998622,True,7.418217716770314e-07
nlp,WASPAS,4,83,79.5088000013493,True,7.418217716770314e-07
nlp,WASPAS,4,84,85.34629999485333,True,7.418217716770314e-07
nlp,WASPAS,4,85,87.21900000819005,True,7.418217716770314e-07
nlp,WASPAS,4,86,92.34199998900294,True,7.418217716770314e-07
nlp,WASPAS,4,87,89.06159999605734,True,7.418217716770314e-07
nlp,WASPAS,4,88,85.60550000402145,True,7.418217716770314e-07
nlp,WASPAS,4,89,89.80149999842979,True,7.418217716770314e-07
nlp,WASPAS,4,90,77.61190000746865,True,7.418217716770314e-07
nlp,WASPAS,4,91,89.12600000621751,True,7.418217716770314e-07
nlp,WASPAS,4,92,95.43139999732375,True,7.418217716770314e-07
nlp,WASPAS,4,93,81.7698000028031,True,7.418217716770314e-07
nlp,WASPAS,4,94,84.81000000028871,True,7.418217716770314e-07
nlp,WASPAS,4,95,94.4115000020247,True,7.418217716770314e-07
nlp,WASPAS,4,96,96.85719999833964,True,7.418217716770314e-07
nlp,WASPAS,4,97,96.9496000034269,True,7.418217716770314e-07
nlp,WASPAS,4,98,85.05090000107884,True,7.418217716770314e-07
nlp,WASPAS,4,99,86.57279999169987,True,7.418217716770314e-07
nlp,WASPAS,4,100,81.71230000152718,True,7.418217716770314e-07
nlp,WASPAS,4,101,94.08110000367742,True,7.418217716770314e-07
nlp,WASPAS,4,102,74.4674000015948,True,7.418217716770314e-07
nlp,WASPAS,4,103,84.16109999234322,True,7.418217716770314e-07
nlp,WASPAS,4,104,94.90599999844562,True,7.418217716770314e-07
nlp,WASPAS,4,105,84.704499997315,True,7.418217716770314e-07
nlp,WASPAS,4,106,92.82199999142904,True,7.418217716770314e-07
nlp,WASPAS,4,107,87.70289999665692,True,7.418217716770314e-07
nlp,WASPAS,4,108,80.25009999983013,True,7.418217716770314e-07
nlp,WASPAS,4,109,85.04510000057053,True,7.418217716770314e-07
nlp,WASPAS,4,110,92.00910000072327,True,7.418217716770314e-07
nlp,WASPAS,4,111,79.18790000258014,True,7.418217716770314e-07
nlp,WASPAS,4,112,84.10889998776838,True,7.418217716770314e-07
nlp,WASPAS,4,113,94.08000000985339,True,7.418217716770314e-07
nlp,WASPAS,4,114,77.20590000099037,True,7.418217716770314e-07
nlp,WASPAS,4,115,85.1571000093827,True,7.418217716770314e-07
nlp,WASPAS,4,116,91.7016000021249,True,7.418217716770314e-07
nlp,WASPAS,4,117,83.28069999697618,True,7.418217716770314e-07
nlp,WASPAS,4,118,80.74699999997392,True,7.418217716770314e-07
nlp,WASPAS,4,119,89.62460000475403,True,7.418217716770314e-07
nlp,WASPAS,4,120,88.08830000634771,True,7.418217716770314e-07
nlp,WASPAS,4,121,89.70969999791123,True,7.418217716770314e-07
nlp,WASPAS,4,122,92.39469999738503,True,7.418217716770314e-07
nlp,WASPAS,4,123,72.51059998816345,True,7.418217716770314e-07
nlp,WASPAS,4,124,77.1690999972634,True,7.418217716770314e-07
nlp,WASPAS,4,125,86.9644999911543,True,7.418217716770314e-07
nlp,WASPAS,4,126,80.60879999538884,True,7.418217716770314e-07
nlp,WASPAS,4,127,84.55379999941215,True,7.418217716770314e-07
nlp,WASPAS,4,128,87.47549999679904,True,7.418217716770314e-07
nlp,WASPAS,4,129,94.45920000143815,True,7.418217716770314e-07
nlp,WASPAS,4,130,79.01239999046084,True,7.418217716770314e-07
nlp,WASPAS,4,131,88.48990000842605,True,7.418217716770314e-07
nlp,WASPAS,4,132,93.12280001176987,True,7.418217716770314e-07
nlp,WASPAS,4,133,78.11499999661464,True,7.418217716770314e-07
nlp,WASPAS,4,134,84.8820999963209,True,7.418217716770314e-07
nlp,WASPAS,4,135,90.39729999494739,True,7.418217716770314e-07
nlp,WASPAS,4,136,80.08479999261908,True,7.418217716770314e-07
nlp,WASPAS,4,137,84.79170000646263,True,7.418217716770314e-07
nlp,WASPAS,4,138,86.38649999920744,True,7.418217716770314e-07
nlp,WASPAS,4,139,88.19270000094548,True,7.418217716770314e-07
nlp,WASPAS,4,140,79.05140001093969,True,7.418217716770314e-07
nlp,WASPAS,4,141,82.49570000043605,True,7.418217716770314e-07
nlp,WASPAS,4,142,97.26760000921786,True,7.418217716770314e-07
nlp,WASPAS,4,143,77.95929998974316,True,7.418217716770314e-07
nlp,WASPAS,4,144,89.70310000586323,True,7.418217716770314e-07
nlp,WASPAS,4,145,89.38620000844821,True,7.418217716770314e-07
nlp,WASPAS,4,146,91.74329999950714,True,7.418217716770314e-07
nlp,WASPAS,4,147,86.9914999930188,True,7.418217716770314e-07
nlp,WASPAS,4,148,93.49159999692347,True,7.418217716770314e-07
nlp,WASPAS,4,149,78.1892999948468,True,7.418217716770314e-07
nlp,WASPAS,4,150,80.45619999757037,True,7.418217716770314e-07
nlp,WASPAS,4,151,90.07869999913964,True,7.418217716770314e-07
nlp,WASPAS,4,152,78.29839999612886,True,7.418217716770314e-07
nlp,WASPAS,4,153,80.40719998825807,True,7.418217716770314e-07
nlp,WASPAS,4,154,100.90370000398252,True,7.418217716770314e-07
nlp,WASPAS,4,155,79.6081000007689,True,7.418217716770314e-07
nlp,WASPAS,4,156,79.65689999400638,True,7.418217716770314e-07
nlp,WASPAS,4,157,90.90150000702124,True,7.418217716770314e-07
nlp,WASPAS,4,158,81.5539000032004,True,7.418217716770314e-07
nlp,WASPAS,4,159,82.48730000923388,True,7.418217716770314e-07
nlp,WASPAS,4,160,91.75939999113325,True,7.418217716770314e-07
nlp,WASPAS,4,161,84.51750001404434,True,7.418217716770314e-07
nlp,WASPAS,4,162,76.92069999757223,True,7.418217716770314e-07
nlp,WASPAS,4,163,101.50669999711681,True,7.418217716770314e-07
nlp,WASPAS,4,164,83.06639999500476,True,7.418217716770314e-07
nlp,WASPAS,4,165,83.93250001245178,True,7.418217716770314e-07
nlp,WASPAS,4,166,90.47320000536274,True,7.418217716770314e-07
nlp,WASPAS,4,167,82.82879999023862,True,7.418217716770314e-07
nlp,WASPAS,4,168,82.47839999967255,True,7.418217716770314e-07
nlp,WASPAS,4,169,104.27499999059364,True,7.418217716770314e-07
nlp,WASPAS,4,170,79.405600001337,True,7.418217716770314e-07
nlp,WASPAS,4,171,74.00659999984782,True,7.418217716770314e-07
nlp,WASPAS,4,172,100.64150000107475,True,7.418217716770314e-07
nlp,WASPAS,4,173,83.13729999645147,True,7.418217716770314e-07
nlp,WASPAS,4,174,77.95780000742525,True,7.418217716770314e-07
nlp,WASPAS,4,175,94.15340000123251,True,7.418217716770314e-07
nlp,WASPAS,4,176,79.27020000352059,True,7.418217716770314e-07
nlp,WASPAS,4,177,93.58990000328049,True,7.418217716770314e-07
nlp,WASPAS,4,178,88.00860001065303,True,7.418217716770314e-07
nlp,WASPAS,4,179,75.57500000984874,True,7.418217716770314e-07
nlp,WASPAS,4,180,84.1255999985151,True,7.418217716770314e-07
nlp,WASPAS,4,181,89.10820000164676,True,7.418217716770314e-07
nlp,WASPAS,4,182,74.5530999993207,True,7.418217716770314e-07
nlp,WASPAS,4,183,83.2897999935085,True,7.418217716770314e-07
nlp,WASPAS,4,184,92.69340000173543,True,7.418217716770314e-07
nlp,WASPAS,4,185,80.88010000938084,True,7.418217716770314e-07
nlp,WASPAS,4,186,86.75810000568163,True,7.418217716770314e-07
nlp,WASPAS,4,187,105.47789999691304,True,7.418217716770314e-07
nlp,WASPAS,4,188,93.253500002902,True,7.418217716770314e-07
nlp,WASPAS,4,189,90.59010000783019,True,7.418217716770314e-07
nlp,WASPAS,4,190,98.62150000117254,True,7.418217716770314e-07
nlp,WASPAS,4,191,87.52099999401253,True,7.418217716770314e-07
nlp,WASPAS,4,192,96.91539999039378,True,7.418217716770314e-07
nlp,WASPAS,4,193,91.0336999950232,True,7.418217716770314e-07
nlp,WASPAS,4,194,85.97120000922587,True,7.418217716770314e-07
nlp,WASPAS,4,195,92.40090000093915,True,7.418217716770314e-07
nlp,WASPAS,4,196,91.47080000548158,True,7.418217716770314e-07
nlp,WASPAS,4,197,90.41609999258071,True,7.418217716770314e-07
nlp,WASPAS,4,198,92.13590000581462,True,7.418217716770314e-07
nlp,WASPAS,4,199,91.91590000409633,True,7.418217716770314e-07
nlp,RTOPSIS,7,0,118.61679999856278,True,3.460794508747256e-07
nlp,RTOPSIS,7,1,122.44550000468735,True,3.460794508747256e-07
nlp,RTOPSIS,7,2,119.50989998877048,True,3.460794508747256e-07
nlp,RTOPSIS,7,3,118.62850000034086,True,3.460794508747256e-07
nlp,RTOPSIS,7,4,119.44509999011643,True,3.460794508747256e-07
nlp,RTOPSIS,7,5,118.33590001333505,True,3.460794508747256e-07
nlp,RTOPSIS,7,6,116.29639999591745,True,3.460794508747256e-07
nlp,RTOPSIS,7,7,146.7838000098709,True,3.460794508747256e-07
nlp,RTOPSIS,7,8,118.22720000054687,True,3.460794508747256e-07
nlp,RTOPSIS,7,9,120.84519999916665,True,3.460794508747256e-07
nlp,RTOPSIS,7,10,133.94980000157375,True,3.460794508747256e-07
nlp,RTOPSIS,7,11,138.2963999931235,True,3.460794508747256e-07
nlp,RTOPSIS,7,12,123.36759999743663,True,3.460794508747256e-07
nlp,RTOPSIS,7,13,116.06049998954404,True,3.460794508747256e-07
nlp,RTOPSIS,7,14,116.77810001128819,True,3.460794508747256e-07
nlp,RTOPSIS,7,15,139.67109999794047,True,3.460794508747256e-07
nlp,RTOPSIS,7,16,121.56240000331309,True,3.460794508747256e-07
nlp,RTOPSIS,7,17,132.23270000889897,True,3.460794508747256e-07
nlp,RTOPSIS,7,18,119.5951999980025,True,3.460794508747256e-07
nlp,RTOPSIS,7,19,120.75269999331795,True,3.460794508747256e-07
nlp,RTOPSIS,7,20,117.36319999909028,True,3.460794508747256e-07
nlp,RTOPSIS,7,21,129.32989999535494,True,3.460794508747256e-07
nlp,RTOPSIS,7,22,127.00839999888558,True,3.460794508747256e-07
nlp,RTOPSIS,7,23,115.00710000109393,True,3.460794508747256e-07
nlp,RTOPSIS,7,24,121.38680000498425,True,3.460794508747256e-07
nlp,RTOPSIS,7,25,125.8735000010347,True,3.460794508747256e-07
nlp,RTOPSIS,7,26,145.87750000646338,True,3.460794508747256e-07
nlp,RTOPSIS,7,27,138.48970000981353,True,3.460794508747256e-07
nlp,RTOPSIS,7,28,126.88239999988582,True,3.460794508747256e-07
nlp,RTOPSIS,7,29,124.67339998693205,True,3.460794508747256e-07
nlp,RTOPSIS,7,30,121.46660000144038,True,3.460794508747256e-07
nlp,RTOPSIS,7,31,131.02709999657236,True,3.460794508747256e-07
nlp,RTOPSIS,7,32,114.28679998789448,True,3.460794508747256e-07
nlp,RTOPSIS,7,33,110.49389999243431,True,3.460794508747256e-07
nlp,RTOPSIS,7,34,117.05660000734497,True,3.460794508747256e-07
nlp,RTOPSIS,7,35,115.65959999279585,True,3.460794508747256e-07
nlp,RTOPSIS,7,36,139.11010000447277,True,3.460794508747256e-07
nlp,RTOPSIS,7,37,113.92590000468772,True,3.460794508747256e-07
nlp,RTOPSIS,7,38,123.61670000245795,True,3.460794508747256e-07
nlp,RTOPSIS,7,39,124.90840000100434,True,3.460794508747256e-07
nlp,RTOPSIS,7,40,148.06819999648724,True,3.460794508747256e-07
nlp,RTOPSIS,7,41,121.08709999301936,True,3.460794508747256e-07
nlp,RTOPSIS,7,42,122.45879998954479,True,3.460794508747256e-07
nlp,RTOPSIS,7,43,122.23250001261476,True,3.460794508747256e-07
nlp,RTOPSIS,7,44,126.37440000253264,True,3.460794508747256e-07
nlp,RTOPSIS,7,45,115.15789999975823,True,3.460794508747256e-07
nlp,RTOPSIS,7,46,119.32709999382496,True,3.460794508747256e-07
nlp,RTOPSIS,7,47,110.8399999939138,True,3.460794508747256e-07
nlp,RTOPSIS,7,48,111.50139999517705,True,3.460794508747256e-07
nlp,RTOPSIS,7,49,117.03359999228269,True,3.460794508747256e-07
nlp,RTOPSIS,7,50,119.2346999887377,True,3.460794508747256e-07
nlp,RTOPSIS,7,51,112.55989999335725,True,3.460794508747256e-07
nlp,RTOPSIS,7,52,102.55329999199603,True,3.460794508747256e-07
nlp,RTOPSIS,7,53,122.45950000942685,True,3.460794508747256e-07
nlp,RTOPSIS,7,54,110.44059999403544,True,3.460794508747256e-07
nlp,RTOPSIS,7,55,110.79210000752937,True,3.460794508747256e-07
nlp,RTOPSIS,7,56,117.31560000043828,True,3.460794508747256e-07
nlp,RTOPSIS,7,57,111.05039999529254,True,3.460794508747256e-07
nlp,RTOPSIS,7,58,126.21109999599867,True,3.460794508747256e-07
nlp,RTOPSIS,7,59,113.65420000220183,True,3.460794508747256e-07
nlp,RTOPSIS,7,60,114.51420000230428,True,3.460794508747256e-07
nlp,RTOPSIS,7,61,117.29769999510609,True,3.460794508747256e-07
nlp,RTOPSIS,7,62,123.86690000130329,True,3.460794508747256e-07
nlp,RTOPSIS,7,63,110.51210000005085,True,3.460794508747256e-07
nlp,RTOPSIS,7,64,122.233200003393,True,3.460794508747256e-07
nlp,RTOPSIS,7,65,116.94690000149421,True,3.460794508747256e-07
nlp,RTOPSIS,7,66,106.74099999596365,True,3.460794508747256e-07
nlp,RTOPSIS,7,67,113.98349999217317,True,3.460794508747256e-07
nlp,RTOPSIS,7,68,103.66540000541136,True,3.460794508747256e-07
nlp,RTOPSIS,7,69,121.86729999666568,True,3.460794508747256e-07
nlp,RTOPSIS,7,70,105.43480000342242,True,3.460794508747256e-07
nlp,RTOPSIS,7,71,108.02369999873918,True,3.460794508747256e-07
nlp,RTOPSIS,7,72,113.60209999838844,True,3.460794508747256e-07
nlp,RTOPSIS,7,73,104.23150000860915,True,3.460794508747256e-07
nlp,RTOPSIS,7,74,117.12970001099166,True,3.460794508747256e-07
nlp,RTOPSIS,7,75,102.17890000785701,True,3.460794508747256e-07
nlp,RTOPSIS,7,76,119.09039999591187,True,3.460794508747256e-07
nlp,RTOPSIS,7,77,112.67940000107046,True,3.460794508747256e-07
nlp,RTOPSIS,7,78,109.44559999916237,True,3.460794508747256e-07
nlp,RTOPSIS,7,79,119.47619999409653,True,3.460794508747256e-07
nlp,RTOPSIS,7,80,124.54949998937082,True,3.460794508747256e-07
nlp,RTOPSIS,7,81,113.57270000735298,True,3.460794508747256e-07
nlp,RTOPSIS,7,82,111.59430000407156,True,3.460794508747256e-07
nlp,RTOPSIS,7,83,116.19539999810513,True,3.460794508747256e-07
nlp,RTOPSIS,7,84,108.24570000113454,True,3.460794508747256e-07
nlp,RTOPSIS,7,85,121.32609999389388,True,3.460794508747256e-07
nlp,RTOPSIS,7,86,111.65679999976419,True,3.460794508747256e-07
nlp,RTOPSIS,7,87,137.59869999194052,True,3.460794508747256e-07
nlp,RTOPSIS,7,88,107.59800000232644,True,3.460794508747256e-07
nlp,RTOPSIS,7,89,109.11629999463912,True,3.460794508747256e-07
nlp,RTOPSIS,7,90,117.44899999757763,True,3.460794508747256e-07
nlp,RTOPSIS,7,91,109.37259999627713,True,3.460794508747256e-07
nlp,RTOPSIS,7,92,114.6642000094289,True,3.460794508747256e-07
nlp,RTOPSIS,7,93,105.75879999669269,True,3.460794508747256e-07
nlp,RTOPSIS,7,94,110.49560000537895,True,3.460794508747256e-07
nlp,RTOPSIS,7,95,123.23599999945145,True,3.460794508747256e-07
nlp,RTOPSIS,7,96,107.45939999469556,True,3.460794508747256e-07
nlp,RTOPSIS,7,97,107.28440000093542,True,3.460794508747256e-07
nlp,RTOPSIS,7,98,124.06950000149664,True,3.460794508747256e-07
nlp,RTOPSIS,7,99,117.08949999592733,True,3.460794508747256e-07
nlp,RTOPSIS,7,100,114.97960000997409,True,3.460794508747256e-07
nlp,RTOPSIS,7,101,120.14480000652838,True,3.460794508747256e-07
nlp,RTOPSIS,7,102,105.91820000263397,True,3.460794508747256e-07
nlp,RTOPSIS,7,103,126.60869999672286,True,3.460794508747256e-07
nlp,RTOPSIS,7,104,110.33820000011474,True,3.460794508747256e-07
nlp,RTOPSIS,7,105,105.74389999965206,True,3.460794508747256e-07
nlp,RTOPSIS,7,106,123.71419998817146,True,3.460794508747256e-07
nlp,RTOPSIS,7,107,108.56409999541938,True,3.460794508747256e-07
nlp,RTOPSIS,7,108,117.17570001201238,True,3.460794508747256e-07
nlp,RTOPSIS,7,109,118.37349999404978,True,3.460794508747256e-07
nlp,RTOPSIS,7,110,121.96759998914786,True,3.460794508747256e-07
nlp,RTOPSIS,7,111,122.24670000432525,True,3.460794508747256e-07
nlp,RTOPSIS,7,112,117.52079999132548,True,3.460794508747256e-07
nlp,RTOPSIS,7,113,114.4203000003472,True,3.460794508747256e-07
nlp,RTOPSIS,7,114,105.26730000856332,True,3.460794508747256e-07
nlp,RTOPSIS,7,115,107.34469999442808,True,3.460794508747256e-07
nlp,RTOPSIS,7,116,123.6780000035651,True,3.460794508747256e-07
nlp,RTOPSIS,7,117,119.88389999896754,True,3.460794508747256e-07
nlp,RTOPSIS,7,118,108.8852999964729,True,3.460794508747256e-07
nlp,RTOPSIS,7,119,119.60659999749623,True,3.460794508747256e-07
nlp,RTOPSIS,7,120,118.66169999120757,True,3.460794508747256e-07
nlp,RTOPSIS,7,121,110.16180001024622,True,3.460794508747256e-07
nlp,RTOPSIS,7,122,119.05519998981617,True,3.460794508747256e-07
nlp,RTOPSIS,7,123,106.05299999588169,True,3.460794508747256e-07
nlp,RTOPSIS,7,124,117.06789999152534,True,3.460794508747256e-07
nlp,RTOPSIS,7,125,109.75479999615345,True,3.460794508747256e-07
nlp,RTOPSIS,7,126,116.80189998878632,True,3.460794508747256e-07
nlp,RTOPSIS,7,127,112.76019999058917,True,3.460794508747256e-07
nlp,RTOPSIS,7,128,112.72269999608397,True,3.460794508747256e-07
nlp,RTOPSIS,7,129,133.32189999346156,True,3.460794508747256e-07
nlp,RTOPSIS,7,130,104.87349999311846,True,3.460794508747256e-07
nlp,RTOPSIS,7,131,108.38960000546649,True,3.460794508747256e-07
nlp,RTOPSIS,7,132,116.5125999978045,True,3.460794508747256e-07
nlp,RTOPSIS,7,133,108.19519999495242,True,3.460794508747256e-07
nlp,RTOPSIS,7,134,113.75249999400694,True,3.460794508747256e-07
nlp,RTOPSIS,7,135,116.60779999510851,True,3.460794508747256e-07
nlp,RTOPSIS,7,136,109.44879999442492,True,3.460794508747256e-07
nlp,RTOPSIS,7,137,114.85829998855479,True,3.460794508747256e-07
nlp,RTOPSIS,7,138,114.77700000978075,True,3.460794508747256e-07
nlp,RTOPSIS,7,139,110.66089999803808,True,3.460794508747256e-07
nlp,RTOPSIS,7,140,118.25139999564271,True,3.460794508747256e-07
nlp,RTOPSIS,7,141,105.70689999440219,True,3.460794508747256e-07
nlp,RTOPSIS,7,142,100.96150000754278,True,3.460794508747256e-07
nlp,RTOPSIS,7,143,123.37479999405332,True,3.460794508747256e-07
nlp,RTOPSIS,7,144,111.90789999091066,True,3.460794508747256e-07
nlp,RTOPSIS,7,145,115.47370000334922,True,3.460794508747256e-07
nlp,RTOPSIS,7,146,113.44190000090748,True,3.460794508747256e-07
nlp,RTOPSIS,7,147,110.41150000528432,True,3.460794508747256e-07
nlp,RTOPSIS,7,148,120.60249999922235,True,3.460794508747256e-07
nlp,RTOPSIS,7,149,110.10980000719428,True,3.460794508747256e-07
nlp,RTOPSIS,7,150,112.83600000024308,True,3.460794508747256e-07
nlp,RTOPSIS,7,151,106.22200000216253,True,3.460794508747256e-07
nlp,RTOPSIS,7,152,127.38040000840556,True,3.460794508747256e-07
nlp,RTOPSIS,7,153,113.11920000298414,True,3.460794508747256e-07
nlp,RTOPSIS,7,154,110.81360001116991,True,3.460794508747256e-07
nlp,RTOPSIS,7,155,116.40310000802856,True,3.460794508747256e-07
nlp,RTOPSIS,7,156,108.42309999861754,True,3.460794508747256e-07
nlp,RTOPSIS,7,157,121.1708000046201,True,3.460794508747256e-07
nlp,RTOPSIS,7,158,119.00030000833794,True,3.460794508747256e-07
nlp,RTOPSIS,7,159,117.68100000335835,True,3.460794508747256e-07
nlp,RTOPSIS,7,160,109.90270000183955,True,3.460794508747256e-07
nlp,RTOPSIS,7,161,120.92089999350719,True,3.460794508747256e-07
nlp,RTOPSIS,7,162,102.89470000134315,True,3.460794508747256e-07
nlp,RTOPSIS,7,163,105.80399999162182,True,3.460794508747256e-07
nlp,RTOPSIS,7,164,119.14510000497103,True,3.460794508747256e-07
nlp,RTOPSIS,7,165,104.26530000404455,True,3.460794508747256e-07
nlp,RTOPSIS,7,166,129.6749000030104,True,3.460794508747256e-07
nlp,RTOPSIS,7,167,109.48959999950603,True,3.460794508747256e-07
nlp,RTOPSIS,7,168,108.25109999859706,True,3.460794508747256e-07
nlp,RTOPSIS,7,169,118.84329999156762,True,3.460794508747256e-07
nlp,RTOPSIS,7,170,119.80499999481253,True,3.460794508747256e-07
nlp,RTOPSIS,7,171,113.22159999690484,True,3.460794508747256e-07
nlp,RTOPSIS,7,172,105.33069999655709,True,3.460794508747256e-07
nlp,RTOPSIS,7,173,124.35159999586176,True,3.460794508747256e-07
nlp,RTOPSIS,7,174,109.13789999904111,True,3.460794508747256e-07
nlp,RTOPSIS,7,175,113.0503000022145,True,3.460794508747256e-07
nlp,RTOPSIS,7,176,106.1582999973325,True,3.460794508747256e-07
nlp,RTOPSIS,7,177,118.13550000078976,True,3.460794508747256e-07
nlp,RTOPSIS,7,178,101.23059999023098,True,3.460794508747256e-07
nlp,RTOPSIS,7,179,112.71729999862146,True,3.460794508747256e-07
nlp,RTOPSIS,7,180,122.39839999529067,True,3.460794508747256e-07
nlp,RTOPSIS,7,181,105.09529999399092,True,3.460794508747256e-07
nlp,RTOPSIS,7,182,119.55550000129733,True,3.460794508747256e-07
nlp,RTOPSIS,7,183,103.49860000133049,True,3.460794508747256e-07
nlp,RTOPSIS,7,184,114.91160000150558,True,3.460794508747256e-07
nlp,RTOPSIS,7,185,127.99729999096598,True,3.460794508747256e-07
nlp,RTOPSIS,7,186,105.2036000037333,True,3.460794508747256e-07
nlp,RTOPSIS,7,187,109.39460000372492,True,3.460794508747256e-07
nlp,RTOPSIS,7,188,118.99679999623913,True,3.460794508747256e-07
nlp,RTOPSIS,7,189,123.45310000819154,True,3.460794508747256e-07
nlp,RTOPSIS,7,190,117.61000000115018,True,3.460794508747256e-07
nlp,RTOPSIS,7,191,117.93549999129027,True,3.460794508747256e-07
nlp,RTOPSIS,7,192,113.73129999265075,True,3.460794508747256e-07
nlp,RTOPSIS,7,193,112.98209999222308,True,3.460794508747256e-07
nlp,RTOPSIS,7,194,108.03659999510273,True,3.460794508747256e-07
nlp,RTOPSIS,7,195,113.378099995316,True,3.460794508747256e-07
nlp,RTOPSIS,7,196,122.73249999270774,True,3.460794508747256e-07
nlp,RTOPSIS,7,197,112.73890000302345,True,3.460794508747256e-07
nlp,RTOPSIS,7,198,114.77159999776632,True,3.460794508747256e-07
nlp,RTOPSIS,7,199,111.50599998654798,True,3.460794508747256e-07
nlp,SAW,7,0,88.26889999909326,True,1.0000000005838672e-06
nlp,SAW,7,1,102.01349999988452,True,1.0000000005838672e-06
nlp,SAW,7,2,89.18749999429565,True,1.0000000005838672e-06
nlp,SAW,7,3,95.21650000533555,True,1.0000000005838672e-06
nlp,SAW,7,4,94.38409999711439,True,1.0000000005838672e-06
nlp,SAW,7,5,87.31070000794716,True,1.0000000005838672e-06
nlp,SAW,7,6,96.12620000552852,True,1.0000000005838672e-06
nlp,SAW,7,7,100.60039999370929,True,1.0000000005838672e-06
nlp,SAW,7,8,103.8395999930799,True,1.0000000005838672e-06
nlp,SAW,7,9,102.37970000889618,True,1.0000000005838672e-06
nlp,SAW,7,10,89.18150000681635,True,1.0000000005838672e-06
nlp,SAW,7,11,94.51519999129232,True,1.0000000005838672e-06
nlp,SAW,7,12,95.413599992753,True,1.0000000005838672e-06
nlp,SAW,7,13,101.57640000397805,True,1.0000000005838672e-06
nlp,SAW,7,14,97.46520000044256,True,1.0000000005838672e-06
nlp,SAW,7,15,84.9370999931125,True,1.0000000005838672e-06
nlp,SAW,7,16,88.19050001329742,True,1.0000000005838672e-06
nlp,SAW,7,17,98.98330000578426,True,1.0000000005838672e-06
nlp,SAW,7,18,89.43189999263268,True,1.0000000005838672e-06
nlp,SAW,7,19,92.22220000810921,True,1.0000000005838672e-06
nlp,SAW,7,20,101.6758000041591,True,1.0000000005838672e-06
nlp,SAW,7,21,94.14600000309292,True,1.0000000005838672e-06
nlp,SAW,7,22,87.40739998756908,True,1.0000000005838672e-06
nlp,SAW,7,23,101.64870000153314,True,1.0000000005838672e-06
nlp,SAW,7,24,85.79510000708979,True,1.0000000005838672e-06
nlp,SAW,7,25,90.43599999858998,True,1.0000000005838672e-06
nlp,SAW,7,26,97.4248999991687,True,1.0000000005838672e-06
nlp,SAW,7,27,95.10780000709929,True,1.0000000005838672e-06
nlp,SAW,7,28,105.70639999059495,True,1.0000000005838672e-06
nlp,SAW,7,29,84.01609999418724,True,1.0000000005838672e-06
nlp,SAW,7,30,107.74719998880755,True,1.0000000005838672e-06
nlp,SAW,7,31,86.93389999098144,True,1.0000000005838672e-06
nlp,SAW,7,32,91.19700000155717,True,1.0000000005838672e-06
nlp,SAW,7,33,96.82109999994282,True,1.0000000005838672e-06
nlp,SAW,7,34,88.49059999920428,True,1.0000000005838672e-06
nlp,SAW,7,35,93.76950000296347,True,1.0000000005838672e-06
nlp,SAW,7,36,105.74240000278223,True,1.0000000005838672e-06
nlp,SAW,7,37,85.5376000108663,True,1.0000000005838672e-06
nlp,SAW,7,38,92.97160001005977,True,1.0000000005838672e-06
nlp,SAW,7,39,98.59750000759959,True,1.0000000005838672e-06
nlp,SAW,7,40,87.72840000165161,True,1.0000000005838672e-06
nlp,SAW,7,41,96.60699999949429,True,1.0000000005838672e-06
nlp,SAW,7,42,100.94410000601783,True,1.0000000005838672e-06
nlp,SAW,7,43,86.0337000049185,True,1.0000000005838672e-06
nlp,SAW,7,44,100.15939999721013,True,1.0000000005838672e-06
nlp,SAW,7,45,93.51580000657123,True,1.0000000005838672e-06
nlp,SAW,7,46,90.01440000429284,True,1.0000000005838672e-06
nlp,SAW,7,47,97.10469999117777,True,1.0000000005838672e-06
nlp,SAW,7,48,92.90509999846108,True,1.0000000005838672e-06
nlp,SAW,7,49,94.84730000258423,True,1.0000000005838672e-06
nlp,SAW,7,50,100.24060000432655,True,1.0000000005838672e-06
nlp,SAW,7,51,95.15360000659712,True,1.0000000005838672e-06
nlp,SAW,7,52,100.08790000574663,True,1.0000000005838672e-06
nlp,SAW,7,53,89.15819998946972,True,1.0000000005838672e-06
nlp,SAW,7,54,88.64780000294559,True,1.0000000005838672e-06
nlp,SAW,7,55,98.94820000045002,True,1.0000000005838672e-06
nlp,SAW,7,56,89.99220000987407,True,1.0000000005838672e-06
nlp,SAW,7,57,89.3206999899121,True,1.0000000005838672e-06
nlp,SAW,7,58,91.5165999904275,True,1.0000000005838672e-06
nlp,SAW,7,59,105.14809998858254,True,1.0000000005838672e-06
nlp,SAW,7,60,94.94169999379665,True,1.0000000005838672e-06
nlp,SAW,7,61,112.50400000426453,True,1.0000000005838672e-06
nlp,SAW,7,62,92.38300001015887,True,1.0000000005838672e-06
nlp,SAW,7,63,104.95019999507349,True,1.0000000005838672e-06
nlp,SAW,7,64,97.5754999963101,True,1.0000000005838672e-06
nlp,SAW,7,65,86.5328999934718,True,1.0000000005838672e-06
nlp,SAW,7,66,98.27299999597017,True,1.0000000005838672e-06
nlp,SAW,7,67,88.48330000182614,True,1.0000000005838672e-06
nlp,SAW,7,68,96.80719999596477,True,1.0000000005838672e-06
nlp,SAW,7,69,98.42889998981263,True,1.0000000005838672e-06
nlp,SAW,7,70,89.71069999097381,True,1.0000000005838672e-06
nlp,SAW,7,71,92.10749999328982,True,1.0000000005838672e-06
nlp,SAW,7,72,108.92349999630824,True,1.0000000005838672e-06
nlp,SAW,7,73,96.01880000263918,True,1.0000000005838672e-06
nlp,SAW,7,74,105.98539999045897,True,1.0000000005838672e-06
nlp,SAW,7,75,118.40449999726843,True,1.0000000005838672e-06
nlp,SAW,7,76,114.24830000032671,True,1.0000000005838672e-06
nlp,SAW,7,77,91.91149999969639,True,1.0000000005838672e-06
nlp,SAW,7,78,100.7201000029454,True,1.0000000005838672e-06
nlp,SAW,7,79,116.45030000363477,True,1.0000000005838672e-06
nlp,SAW,7,80,100.38279999571387,True,1.0000000005838672e-06
nlp,SAW,7,81,103.84590001194738,True,1.0000000005838672e-06
nlp,SAW,7,82,102.27380000287667,True,1.0000000005838672e-06
nlp,SAW,7,83,88.84029999899212,True,1.0000000005838672e-06
nlp,SAW,7,84,99.83559999091085,True,1.0000000005838672e-06
nlp,SAW,7,85,101.98779999336693,True,1.0000000005838672e-06
nlp,SAW,7,86,120.92859999393113,True,1.0000000005838672e-06
nlp,SAW,7,87,137.30770000256598,True,1.0000000005838672e-06
nlp,SAW,7,88,130.3291999938665,True,1.0000000005838672e-06
nlp,SAW,7,89,97.33010000491049,True,1.0000000005838672e-06
nlp,SAW,7,90,101.31459998956416,True,1.0000000005838672e-06
nlp,SAW,7,91,105.00290000345558,True,1.0000000005838672e-06
nlp,SAW,7,92,101.65650000271853,True,1.0000000005838672e-06
nlp,SAW,7,93,95.80219999770634,True,1.0000000005838672e-06
nlp,SAW,7,94,101.77229999681003,True,1.0000000005838672e-06
nlp,SAW,7,95,103.09790000610519,True,1.0000000005838672e-06
nlp,SAW,7,96,115.08230000617914,True,1.0000000005838672e-06
nlp,SAW,7,97,96.76939999917522,True,1.0000000005838672e-06
nlp,SAW,7,98,103.77709999738727,True,1.0000000005838672e-06
nlp,SAW,7,99,100.10789999796543,True,1.0000000005838672e-06
nlp,SAW,7,100,92.9003999917768,True,1.0000000005838672e-06
nlp,SAW,7,101,101.50459999567829,True,1.0000000005838672e-06
nlp,SAW,7,102,103.64770000160206,True,1.0000000005838672e-06
nlp,SAW,7,103,99.18079999624752,True,1.0000000005838672e-06
nlp,SAW,7,104,112.4924000032479,True,1.0000000005838672e-06
nlp,SAW,7,105,91.60830000473652,True,1.0000000005838672e-06
nlp,SAW,7,106,91.10490001330618,True,1.0000000005838672e-06
nlp,SAW,7,107,101.9916000077501,True,1.0000000005838672e-06
nlp,SAW,7,108,107.13730000134092,True,1.0000000005838672e-06
nlp,SAW,7,109,115.25889999757055,True,1.0000000005838672e-06
nlp,SAW,7,110,117.77060000167694,True,1.0000000005838672e-06
nlp,SAW,7,111,106.12060000130441,True,1.0000000005838672e-06
nlp,SAW,7,112,96.47399999084882,True,1.0000000005838672e-06
nlp,SAW,7,113,113.46300000150222,True,1.0000000005838672e-06
nlp,SAW,7,114,101.40699999465141,True,1.0000000005838672e-06
nlp,SAW,7,115,93.08039999450557,True,1.0000000005838672e-06
nlp,SAW,7,116,101.61810000136029,True,1.0000000005838672e-06
nlp,SAW,7,117,96.89529999741353,True,1.0000000005838672e-06
nlp,SAW,7,118,93.23690000746865,True,1.0000000005838672e-06
nlp,SAW,7,119,104.59570000239182,True,1.0000000005838672e-06
nlp,SAW,7,120,101.09569999622181,True,1.0000000005838672e-06
nlp,SAW,7,121,96.01069999916945,True,1.0000000005838672e-06
nlp,SAW,7,122,112.72960000496823,True,1.0000000005838672e-06
nlp,SAW,7,123,106.26380000030622,True,1.0000000005838672e-06
nlp,SAW,7,124,105.14320000947919,True,1.0000000005838672e-06
nlp,SAW,7,125,96.26280001248233,True,1.0000000005838672e-06
nlp,SAW,7,126,101.20049999386538,True,1.0000000005838672e-06
nlp,SAW,7,127,104.71590000088327,True,1.0000000005838672e-06
nlp,SAW,7,128,111.90600000554696,True,1.0000000005838672e-06
nlp,SAW,7,129,100.08720000041649,True,1.0000000005838672e-06
nlp,SAW,7,130,92.49830000044312,True,1.0000000005838672e-06
nlp,SAW,7,131,94.95569999853615,True,1.0000000005838672e-06
nlp,SAW,7,132,98.99849999055732,True,1.0000000005838672e-06
nlp,SAW,7,133,109.3335999903502,True,1.0000000005838672e-06
nlp,SAW,7,134,100.21440000855364,True,1.0000000005838672e-06
nlp,SAW,7,135,100.27700000500772,True,1.0000000005838672e-06
nlp,SAW,7,136,98.30120000697207,True,1.0000000005838672e-06
nlp,SAW,7,137,107.2888999915449,True,1.0000000005838672e-06
nlp,SAW,7,138,101.98310000123456,True,1.0000000005838672e-06
nlp,SAW,7,139,113.23230000562035,True,1.0000000005838672e-06
nlp,SAW,7,140,97.02279999328312,True,1.0000000005838672e-06
nlp,SAW,7,141,97.15739999955986,True,1.0000000005838672e-06
nlp,SAW,7,142,94.11740000359714,True,1.0000000005838672e-06
nlp,SAW,7,143,102.64660000393633,True,1.0000000005838672e-06
nlp,SAW,7,144,113.9990000083344,True,1.0000000005838672e-06
nlp,SAW,7,145,100.18500000296626,True,1.0000000005838672e-06
nlp,SAW,7,146,114.47739999857731,True,1.0000000005838672e-06
nlp,SAW,7,147,99.35570000379812,True,1.0000000005838672e-06
nlp,SAW,7,148,93.60839999862947,True,1.0000000005838672e-06
nlp,SAW,7,149,94.57600000314415,True,1.0000000005838672e-06
nlp,SAW,7,150,104.08690001349896,True,1.0000000005838672e-06
nlp,SAW,7,151,99.16569999768399,True,1.0000000005838672e-06
nlp,SAW,7,152,94.5252000092296,True,1.0000000005838672e-06
nlp,SAW,7,153,98.85809999832418,True,1.0000000005838672e-06
nlp,SAW,7,154,91.33769999607466,True,1.0000000005838672e-06
nlp,SAW,7,155,101.0963000007905,True,1.0000000005838672e-06
nlp,SAW,7,156,97.15580000192858,True,1.0000000005838672e-06
nlp,SAW,7,157,99.5515999966301,True,1.0000000005838672e-06
nlp,SAW,7,158,106.08789999969304,True,1.0000000005838672e-06
nlp,SAW,7,159,79.28030000766739,True,1.0000000005838672e-06
nlp,SAW,7,160,112.86680000193883,True,1.0000000005838672e-06
nlp,SAW,7,161,97.81639999710023,True,1.0000000005838672e-06
nlp,SAW,7,162,103.11650000221562,True,1.0000000005838672e-06
nlp,SAW,7,163,105.04959999525454,True,1.0000000005838672e-06
nlp,SAW,7,164,94.81329999107402,True,1.0000000005838672e-06
nlp,SAW,7,165,104.15620000276249,True,1.0000000005838672e-06
nlp,SAW,7,166,100.91229999670759,True,1.0000000005838672e-06
nlp,SAW,7,167,94.461799992132,True,1.0000000005838672e-06
nlp,SAW,7,168,122.0842999900924,True,1.0000000005838672e-06
nlp,SAW,7,169,95.44439999444876,True,1.0000000005838672e-06
nlp,SAW,7,170,94.48420000262558,True,1.0000000005838672e-06
nlp,SAW,7,171,104.65720000502188,True,1.0000000005838672e-06
nlp,SAW,7,172,94.93469999870285,True,1.0000000005838672e-06
nlp,SAW,7,173,93.25379999063443,True,1.0000000005838672e-06
nlp,SAW,7,174,115.44780000986066,True,1.0000000005838672e-06
nlp,SAW,7,175,114.37220001243986,True,1.0000000005838672e-06
nlp,SAW,7,176,97.8493000002345,True,1.0000000005838672e-06
nlp,SAW,7,177,98.15670001262333,True,1.0000000005838672e-06
nlp,SAW,7,178,102.15310000057798,True,1.0000000005838672e-06
nlp,SAW,7,179,98.63589999440592,True,1.0000000005838672e-06
nlp,SAW,7,180,104.32919999584556,True,1.0000000005838672e-06
nlp,SAW,7,181,94.14459999243263,True,1.0000000005838672e-06
nlp,SAW,7,182,93.95409999706317,True,1.0000000005838672e-06
nlp,SAW,7,183,102.10910000023432,True,1.0000000005838672e-06
nlp,SAW,7,184,93.37180000147782,True,1.0000000005838672e-06
nlp,SAW,7,185,96.00239999417681,True,1.0000000005838672e-06
nlp,SAW,7,186,99.37429999990854,True,1.0000000005838672e-06
nlp,SAW,7,187,98.36400000494905,True,1.0000000005838672e-06
nlp,SAW,7,188,95.84700000414159,True,1.0000000005838672e-06
nlp,SAW,7,189,103.61659999762196,True,1.0000000005838672e-06
nlp,SAW,7,190,94.28019999177195,True,1.0000000005838672e-06
nlp,SAW,7,191,104.94790000666399,True,1.0000000005838672e-06
nlp,SAW,7,192,98.15980000712443,True,1.0000000005838672e-06
nlp,SAW,7,193,96.54420000151731,True,1.0000000005838672e-06
nlp,SAW,7,194,117.55609999818262,True,1.0000000005838672e-06
nlp,SAW,7,195,93.73709998908453,True,1.0000000005838672e-06
nlp,SAW,7,196,95.14869999838993,True,1.0000000005838672e-06
nlp,SAW,7,197,95.32400000898633,True,1.0000000005838672e-06
nlp,SAW,7,198,90.59870000055525,True,1.0000000005838672e-06
nlp,SAW,7,199,106.84370000672061,True,1.0000000005838672e-06
nlp,VIKOR,7,0,108.67900001176167,True,9.999999996956888e-07
nlp,VIKOR,7,1,106.5837000060128,True,9.999999996956888e-07
nlp,VIKOR,7,2,104.67309999512509,True,9.999999996956888e-07
nlp,VIKOR,7,3,110.15779999434017,True,9.999999996956888e-07
nlp,VIKOR,7,4,123.84740001289174,True,9.999999996956888e-07
nlp,VIKOR,7,5,110.2011000039056,True,9.999999996956888e-07
nlp,VIKOR,7,6,118.26119999750517,True,9.999999996956888e-07
nlp,VIKOR,7,7,107.81960000167601,True,9.999999996956888e-07
nlp,VIKOR,7,8,118.7756999861449,True,9.999999996956888e-07
nlp,VIKOR,7,9,102.9500000004191,True,9.999999996956888e-07
nlp,VIKOR,7,10,107.40670000086538,True,9.999999996956888e-07
nlp,VIKOR,7,11,117.86779999965802,True,9.999999996956888e-07
nlp,VIKOR,7,12,105.77510000439361,True,9.999999996956888e-07
nlp,VIKOR,7,13,121.7865999933565,True,9.999999996956888e-07
nlp,VIKOR,7,14,109.49109999637585,True,9.999999996956888e-07
nlp,VIKOR,7,15,119.85489999642596,True,9.999999996956888e-07
nlp,VIKOR,7,16,108.12410000653472,True,9.999999996956888e-07
nlp,VIKOR,7,17,105.42150000401307,True,9.999999996956888e-07
nlp,VIKOR,7,18,105.05109999212436,True,9.999999996956888e-07
nlp,VIKOR,7,19,111.32729999371804,True,9.999999996956888e-07
nlp,VIKOR,7,20,112.44899999292102,True,9.999999996956888e-07
nlp,VIKOR,7,21,101.33350000251085,True,9.999999996956888e-07
nlp,VIKOR,7,22,112.34279999916907,True,9.999999996956888e-07
nlp,VIKOR,7,23,110.93049999908544,True,9.999999996956888e-07
nlp,VIKOR,7,24,115.9341000020504,True,9.999999996956888e-07
nlp,VIKOR,7,25,107.13600000599399,True,9.999999996956888e-07
nlp,VIKOR,7,26,104.8746000014944,True,9.999999996956888e-07
nlp,VIKOR,7,27,107.40310000255704,True,9.999999996956888e-07
nlp,VIKOR,7,28,106.44179998780601,True,9.999999996956888e-07
nlp,VIKOR,7,29,107.86360000201967,True,9.999999996956888e-07
nlp,VIKOR,7,30,120.35949999699369,True,9.999999996956888e-07
nlp,VIKOR,7,31,108.5863999905996,True,9.999999996956888e-07
nlp,VIKOR,7,32,106.93850000097882,True,9.999999996956888e-07
nlp,VIKOR,7,33,100.57110000343528,True,9.999999996956888e-07
nlp,VIKOR,7,34,97.69729999243282,True,9.999999996956888e-07
nlp,VIKOR,7,35,99.37120000540745,True,9.999999996956888e-07
nlp,VIKOR,7,36,119.3834000005154,True,9.999999996956888e-07
nlp,VIKOR,7,37,103.08969998732209,True,9.999999996956888e-07
nlp,VIKOR,7,38,109.58570000366308,True,9.999999996956888e-07
nlp,VIKOR,7,39,110.26359999959823,True,9.999999996956888e-07
nlp,VIKOR,7,40,104.46069999306928,True,9.999999996956888e-07
nlp,VIKOR,7,41,119.722700008424,True,9.999999996956888e-07
nlp,VIKOR,7,42,100.49440000148024,True,9.999999996956888e-07
nlp,VIKOR,7,43,106.70889999892097,True,9.999999996956888e-07
nlp,VIKOR,7,44,114.69529999885708,True,9.999999996956888e-07
nlp,VIKOR,7,45,109.24429999431595,True,9.999999996956888e-07
nlp,VIKOR,7,46,116.20609999226872,True,9.999999996956888e-07
nlp,VIKOR,7,47,106.24310000275727,True,9.999999996956888e-07
nlp,VIKOR,7,48,108.47580000699963,True,9.999999996956888e-07
nlp,VIKOR,7,49,115.39420000917744,True,9.999999996956888e-07
nlp,VIKOR,7,50,112.99809999763966,True,9.999999996956888e-07
nlp,VIKOR,7,51,113.04840000229888,True,9.999999996956888e-07
nlp,VIKOR,7,52,116.39609999838285,True,9.999999996956888e-07
nlp,VIKOR,7,53,95.27119999984279,True,9.999999996956888e-07
nlp,VIKOR,7,54,101.2135000055423,True,9.999999996956888e-07
nlp,VIKOR,7,55,116.01960001280531,True,9.999999996956888e-07
nlp,VIKOR,7,56,102.64050000114366,True,9.999999996956888e-07
nlp,VIKOR,7,57,105.0725999957649,True,9.999999996956888e-07
nlp,VIKOR,7,58,109.3373000039719,True,9.999999996956888e-07
nlp,VIKOR,7,59,108.69810001167934,True,9.999999996956888e-07
nlp,VIKOR,7,60,109.90900000615511,True,9.999999996956888e-07
nlp,VIKOR,7,61,106.80529999081045,True,9.999999996956888e-07
nlp,VIKOR,7,62,106.33559999405406,True,9.999999996956888e-07
nlp,VIKOR,7,63,108.70419999992009,True,9.999999996956888e-07
nlp,VIKOR,7,64,105.57289999269415,True,9.999999996956888e-07
nlp,VIKOR,7,65,116.45390000194311,True,9.999999996956888e-07
nlp,VIKOR,7,66,101.32940000039525,True,9.999999996956888e-07
nlp,VIKOR,7,67,111.84070000308566,True,9.999999996956888e-07
nlp,VIKOR,7,68,108.90510000172071,True,9.999999996956888e-07
nlp,VIKOR,7,69,111.84950001188554,True,9.999999996956888e-07
nlp,VIKOR,7,70,115.15559999679681,True,9.999999996956888e-07
nlp,VIKOR,7,71,101.70379999908619,True,9.999999996956888e-07
nlp,VIKOR,7,72,122.04789998941123,True,9.999999996956888e-07
nlp,VIKOR,7,73,109.64739999326412,True,9.999999996956888e-07
nlp,VIKOR,7,74,113.38049999903888,True,9.999999996956888e-07
nlp,VIKOR,7,75,104.54450000543147,True,9.999999996956888e-07
nlp,VIKOR,7,76,108.9530999888666,True,9.999999996956888e-07
nlp,VIKOR,7,77,119.1184999916004,True,9.999999996956888e-07
nlp,VIKOR,7,78,108.13450001296587,True,9.999999996956888e-07
nlp,VIKOR,7,79,106.00699999486096,True,9.999999996956888e-07
nlp,VIKOR,7,80,93.70660000422504,True,9.999999996956888e-07
nlp,VIKOR,7,81,119.01160000707023,True,9.999999996956888e-07
nlp,VIKOR,7,82,106.66309999942314,True,9.999999996956888e-07
nlp,VIKOR,7,83,106.97969999455381,True,9.999999996956888e-07
nlp,VIKOR,7,84,113.70680000982247,True,9.999999996956888e-07
nlp,VIKOR,7,85,110.01990000659134,True,9.999999996956888e-07
nlp,VIKOR,7,86,105.90819999924861,True,9.999999996956888e-07
nlp,VIKOR,7,87,118.9448000077391,True,9.999999996956888e-07
nlp,VIKOR,7,88,100.5563000071561,True,9.999999996956888e-07
nlp,VIKOR,7,89,109.01949999970384,True,9.999999996956888e-07
nlp,VIKOR,7,90,103.56859999592416,True,9.999999996956888e-07
nlp,VIKOR,7,91,119.26999999559484,True,9.999999996956888e-07
nlp,VIKOR,7,92,107.87060001166537,True,9.999999996956888e-07
nlp,VIKOR,7,93,115.64709999947809,True,9.999999996956888e-07
nlp,VIKOR,7,94,113.25680000300054,True,9.999999996956888e-07
nlp,VIKOR,7,95,108.27550000976771,True,9.999999996956888e-07
nlp,VIKOR,7,96,116.92220000259113,True,9.999999996956888e-07
nlp,VIKOR,7,97,110.34590000053868,True,9.999999996956888e-07
nlp,VIKOR,7,98,102.91500001039822,True,9.999999996956888e-07
nlp,VIKOR,7,99,107.08260000683367,True,9.999999996956888e-07
nlp,VIKOR,7,100,126.67070000316016,True,9.999999996956888e-07
nlp,VIKOR,7,101,107.90030000498518,True,9.999999996956888e-07
nlp,VIKOR,7,102,103.44189999159425,True,9.999999996956888e-07
nlp,VIKOR,7,103,110.77460000524297,True,9.999999996956888e-07
nlp,VIKOR,7,104,102.44750000128988,True,9.999999996956888e-07
nlp,VIKOR,7,105,114.4266999908723,True,9.999999996956888e-07
nlp,VIKOR,7,106,116.08500000147615,True,9.999999996956888e-07
nlp,VIKOR,7,107,107.53490000206511,True,9.999999996956888e-07
nlp,VIKOR,7,108,120.99739999393933,True,9.999999996956888e-07
nlp,VIKOR,7,109,103.65330000058748,True,9.999999996956888e-07
nlp,VIKOR,7,110,116.96729999675881,True,9.999999996956888e-07
nlp,VIKOR,7,111,110.37549999309704,True,9.999999996956888e-07
nlp,VIKOR,7,112,108.24469999352004,True,9.999999996956888e-07
nlp,VIKOR,7,113,100.54200000013225,True,9.999999996956888e-07
nlp,VIKOR,7,114,111.46010000084061,True,9.999999996956888e-07
nlp,VIKOR,7,115,101.966900008847,True,9.999999996956888e-07
nlp,VIKOR,7,116,100.82799999509007,True,9.999999996956888e-07
nlp,VIKOR,7,117,116.55279999831691,True,9.999999996956888e-07
nlp,VIKOR,7,118,105.29069999756757,True,9.999999996956888e-07
nlp,VIKOR,7,119,111.02840000239667,True,9.999999996956888e-07
nlp,VIKOR,7,120,115.36630000045989,True,9.999999996956888e-07
nlp,VIKOR,7,121,105.91009999916423,True,9.999999996956888e-07
nlp,VIKOR,7,122,120.07410000660457,True,9.999999996956888e-07
nlp,VIKOR,7,123,109.20809999515768,True,9.999999996956888e-07
nlp,VIKOR,7,124,113.44729999837,True,9.999999996956888e-07
nlp,VIKOR,7,125,117.47289999038912,True,9.999999996956888e-07
nlp,VIKOR,7,126,117.43949999799952,True,9.999999996956888e-07
nlp,VIKOR,7,127,114.10179999074899,True,9.999999996956888e-07
nlp,VIKOR,7,128,118.78039999282919,True,9.999999996956888e-07
nlp,VIKOR,7,129,105.80019999179058,True,9.999999996956888e-07
nlp,VIKOR,7,130,115.98360000061803,True,9.999999996956888e-07
nlp,VIKOR,7,131,111.56140000093728,True,9.999999996956888e-07
nlp,VIKOR,7,132,113.15219999232795,True,9.999999996956888e-07
nlp,VIKOR,7,133,119.074800008093,True,9.999999996956888e-07
nlp,VIKOR,7,134,105.37370000383817,True,9.999999996956888e-07
nlp,VIKOR,7,135,114.80070000106934,True,9.999999996956888e-07
nlp,VIKOR,7,136,105.340599999181,True,9.999999996956888e-07
nlp,VIKOR,7,137,97.37620000669267,True,9.999999996956888e-07
nlp,VIKOR,7,138,121.74250000680331,True,9.999999996956888e-07
nlp,VIKOR,7,139,105.4938999877777,True,9.999999996956888e-07
nlp,VIKOR,7,140,121.6907999914838,True,9.999999996956888e-07
nlp,VIKOR,7,141,107.09210000641178,True,9.999999996956888e-07
nlp,VIKOR,7,142,104.82189999311231,True,9.999999996956888e-07
nlp,VIKOR,7,143,101.5635000076145,True,9.999999996956888e-07
nlp,VIKOR,7,144,107.7728000091156,True,9.999999996956888e-07
nlp,VIKOR,7,145,107.42190000019036,True,9.999999996956888e-07
nlp,VIKOR,7,146,111.22140000225045,True,9.999999996956888e-07
nlp,VIKOR,7,147,113.08379999536555,True,9.999999996956888e-07
nlp,VIKOR,7,148,115.18079999950714,True,9.999999996956888e-07
nlp,VIKOR,7,149,122.80569999711588,True,9.999999996956888e-07
nlp,VIKOR,7,150,107.76699999405537,True,9.999999996956888e-07
nlp,VIKOR,7,151,123.78509998961817,True,9.999999996956888e-07
nlp,VIKOR,7,152,109.08509998989757,True,9.999999996956888e-07
nlp,VIKOR,7,153,113.99560001154896,True,9.999999996956888e-07
nlp,VIKOR,7,154,113.19869999715593,True,9.999999996956888e-07
nlp,VIKOR,7,155,107.40110000187997,True,9.999999996956888e-07
nlp,VIKOR,7,156,116.63100001169369,True,9.999999996956888e-07
nlp,VIKOR,7,157,115.99099999875762,True,9.999999996956888e-07
nlp,VIKOR,7,158,118.8797000068007,True,9.999999996956888e-07
nlp,VIKOR,7,159,116.80650000926107,True,9.999999996956888e-07
nlp,VIKOR,7,160,103.10130000289064,True,9.999999996956888e-07
nlp,VIKOR,7,161,123.54440000490285,True,9.999999996956888e-07
nlp,VIKOR,7,162,106.93510000419337,True,9.999999996956888e-07
nlp,VIKOR,7,163,103.35520000080578,True,9.999999996956888e-07
nlp,VIKOR,7,164,109.43110000516754,True,9.999999996956888e-07
nlp,VIKOR,7,165,113.23420000553597,True,9.999999996956888e-07
nlp,VIKOR,7,166,102.47280000476167,True,9.999999996956888e-07
nlp,VIKOR,7,167,117.41310000070371,True,9.999999996956888e-07
nlp,VIKOR,7,168,102.87800000514835,True,9.999999996956888e-07
nlp,VIKOR,7,169,109.51530000602361,True,9.999999996956888e-07
nlp,VIKOR,7,170,114.29399999906309,True,9.999999996956888e-07
nlp,VIKOR,7,171,119.61799999698997,True,9.999999996956888e-07
nlp,VIKOR,7,172,117.58299999928568,True,9.999999996956888e-07
nlp,VIKOR,7,173,103.73519999848213,True,9.999999996956888e-07
nlp,VIKOR,7,174,111.93119999370538,True,9.999999996956888e-07
nlp,VIKOR,7,175,116.30220001097769,True,9.999999996956888e-07
nlp,VIKOR,7,176,111.33889999473467,True,9.999999996956888e-07
nlp,VIKOR,7,177,121.1631999904057,True,9.999999996956888e-07
nlp,VIKOR,7,178,109.05729999649338,True,9.999999996956888e-07
nlp,VIKOR,7,179,109.37430000922177,True,9.999999996956888e-07
nlp,VIKOR,7,180,114.12140000902582,True,9.999999996956888e-07
nlp,VIKOR,7,181,125.28069999825675,True,9.999999996956888e-07
nlp,VIKOR,7,182,123.64930000330787,True,9.999999996956888e-07
nlp,VIKOR,7,183,135.74599999992643,True,9.999999996956888e-07
nlp,VIKOR,7,184,112.44930000975728,True,9.999999996956888e-07
nlp,VIKOR,7,185,111.68250000628177,True,9.999999996956888e-07
nlp,VIKOR,7,186,109.09499999252148,True,9.999999996956888e-07
nlp,VIKOR,7,187,104.64950000459794,True,9.999999996956888e-07
nlp,VIKOR,7,188,118.90440000570379,True,9.999999996956888e-07
nlp,VIKOR,7,189,109.58930000197142,True,9.999999996956888e-07
nlp,VIKOR,7,190,111.94040000555106,True,9.999999996956888e-07
nlp,VIKOR,7,191,121.09990000317339,True,9.999999996956888e-07
nlp,VIKOR,7,192,108.64489999949001,True,9.999999996956888e-07
nlp,VIKOR,7,193,125.7068000122672,True,9.999999996956888e-07
nlp,VIKOR,7,194,112.32580000068992,True,9.999999996956888e-07
nlp,VIKOR,7,195,105.60090000217315,True,9.999999996956888e-07
nlp,VIKOR,7,196,116.01100000552833,True,9.999999996956888e-07
nlp,VIKOR,7,197,114.81149999599438,True,9.999999996956888e-07
nlp,VIKOR,7,198,105.75960000278428,True,9.999999996956888e-07
nlp,VIKOR,7,199,108.63899999822024,True,9.999999996956888e-07
nlp,COPRAS,7,0,111.37269999017008,True,1.0000000005838672e-06
nlp,COPRAS,7,1,111.32339999312535,True,1.0000000005838672e-06
nlp,COPRAS,7,2,98.80009999324102,True,1.0000000005838672e-06
nlp,COPRAS,7,3,97.86140000505839,True,1.0000000005838672e-06
nlp,COPRAS,7,4,113.66109999653418,True,1.0000000005838672e-06
nlp,COPRAS,7,5,95.44289999757893,True,1.0000000005838672e-06
nlp,COPRAS,7,6,99.42660000524484,True,1.0000000005838672e-06
nlp,COPRAS,7,7,110.62259999744128,True,1.0000000005838672e-06
nlp,COPRAS,7,8,94.343700009631,True,1.0000000005838672e-06
nlp,COPRAS,7,9,101.27789998659864,True,1.0000000005838672e-06
nlp,COPRAS,7,10,106.11610001069494,True,1.0000000005838672e-06
nlp,COPRAS,7,11,91.7907999973977,True,1.0000000005838672e-06
nlp,COPRAS,7,12,110.99150001246016,True,1.0000000005838672e-06
nlp,COPRAS,7,13,98.21790001296904,True,1.0000000005838672e-06
nlp,COPRAS,7,14,101.83320000942331,True,1.0000000005838672e-06
nlp,COPRAS,7,15,93.6195999966003,True,1.0000000005838672e-06
nlp,COPRAS,7,16,90.65270000428427,True,1.0000000005838672e-06
nlp,COPRAS,7,17,99.1684000036912,True,1.0000000005838672e-06
nlp,COPRAS,7,18,96.07929999765474,True,1.0000000005838672e-06
nlp,COPRAS,7,19,93.90220000932459,True,1.0000000005838672e-06
nlp,COPRAS,7,20,98.18640000594314,True,1.0000000005838672e-06
nlp,COPRAS,7,21,103.80300000542775,True,1.0000000005838672e-06
nlp,COPRAS,7,22,100.19740001007449,True,1.0000000005838672e-06
nlp,COPRAS,7,23,94.88809999311343,True,1.0000000005838672e-06
nlp,COPRAS,7,24,97.80039999168366,True,1.0000000005838672e-06
nlp,COPRAS,7,25,97.29789999255445,True,1.0000000005838672e-06
nlp,COPRAS,7,26,89.48109998891596,True,1.0000000005838672e-06
nlp,COPRAS,7,27,102.9182999918703,True,1.0000000005838672e-06
nlp,COPRAS,7,28,92.85999998974148,True,1.0000000005838672e-06
nlp,COPRAS,7,29,85.86229999491479,True,1.0000000005838672e-06
nlp,COPRAS,7,30,101.08380000747275,True,1.0000000005838672e-06
nlp,COPRAS,7,31,100.85760000220034,True,1.0000000005838672e-06
nlp,COPRAS,7,32,99.66769999300595,True,1.0000000005838672e-06
nlp,COPRAS,7,33,98.25490000366699,True,1.0000000005838672e-06
nlp,COPRAS,7,34,92.33269999094773,True,1.0000000005838672e-06
nlp,COPRAS,7,35,96.22429999581072,True,1.0000000005838672e-06
nlp,COPRAS,7,36,103.12810000323225,True,1.0000000005838672e-06
nlp,COPRAS,7,37,98.34870000486262,True,1.0000000005838672e-06
nlp,COPRAS,7,38,98.62289999728091,True,1.0000000005838672e-06
nlp,COPRAS,7,39,102.4226000008639,True,1.0000000005838672e-06
nlp,COPRAS,7,40,98.49079999548849,True,1.0000000005838672e-06
nlp,COPRAS,7,41,99.69799999089446,True,1.0000000005838672e-06
nlp,COPRAS,7,42,101.12559999106452,True,1.0000000005838672e-06
nlp,COPRAS,7,43,104.54400000162423,True,1.0000000005838672e-06
nlp,COPRAS,7,44,97.86799999710638,True,1.0000000005838672e-06
nlp,COPRAS,7,45,94.21730000758544,True,1.0000000005838672e-06
nlp,COPRAS,7,46,105.54030000639614,True,1.0000000005838672e-06
nlp,COPRAS,7,47,91.42670000437647,True,1.0000000005838672e-06
nlp,COPRAS,7,48,93.63079999457113,True,1.0000000005838672e-06
nlp,COPRAS,7,49,105.33189999114256,True,1.0000000005838672e-06
nlp,COPRAS,7,50,93.25459999672603,True,1.0000000005838672e-06
nlp,COPRAS,7,51,97.96410000126343,True,1.0000000005838672e-06
nlp,COPRAS,7,52,107.24739999568556,True,1.0000000005838672e-06
nlp,COPRAS,7,53,97.65570001036394,True,1.0000000005838672e-06
nlp,COPRAS,7,54,96.24040000198875,True,1.0000000005838672e-06
nlp,COPRAS,7,55,90.6684000074165,True,1.0000000005838672e-06
nlp,COPRAS,7,56,92.09220000775531,True,1.0000000005838672e-06
nlp,COPRAS,7,57,99.59969999908935,True,1.0000000005838672e-06
nlp,COPRAS,7,58,108.03380000288598,True,1.0000000005838672e-06
nlp,COPRAS,7,59,99.12790000089444,True,1.0000000005838672e-06
nlp,COPRAS,7,60,102.30630000296514,True,1.0000000005838672e-06
nlp,COPRAS,7,61,97.29710000101477,True,1.0000000005838672e-06
nlp,COPRAS,7,62,102.00250000343658,True,1.0000000005838672e-06
nlp,COPRAS,7,63,94.73260000231676,True,1.0000000005838672e-06
nlp,COPRAS,7,64,104.60630001034588,True,1.0000000005838672e-06
nlp,COPRAS,7,65,99.02100000181235,True,1.0000000005838672e-06
nlp,COPRAS,7,66,101.34200000902638,True,1.0000000005838672e-06
nlp,COPRAS,7,67,106.62769999180455,True,1.0000000005838672e-06
nlp,COPRAS,7,68,95.72009999828879,True,1.0000000005838672e-06
nlp,COPRAS,7,69,101.67020000517368,True,1.0000000005838672e-06
nlp,COPRAS,7,70,108.52239999803714,True,1.0000000005838672e-06
nlp,COPRAS,7,71,99.78969999065157,True,1.0000000005838672e-06
nlp,COPRAS,7,72,100.27189999527764,True,1.0000000005838672e-06
nlp,COPRAS,7,73,109.54629999469034,True,1.0000000005838672e-06
nlp,COPRAS,7,74,96.02829998766538,True,1.0000000005838672e-06
nlp,COPRAS,7,75,109.0748000133317,True,1.0000000005838672e-06
nlp,COPRAS,7,76,101.08910000417382,True,1.0000000005838672e-06
nlp,COPRAS,7,77,112.9019999934826,True,1.0000000005838672e-06
nlp,COPRAS,7,78,102.05250000581145,True,1.0000000005838672e-06
nlp,COPRAS,7,79,100.44049999851268,True,1.0000000005838672e-06
nlp,COPRAS,7,80,100.70500000438187,True,1.0000000005838672e-06
nlp,COPRAS,7,81,91.1614000069676,True,1.0000000005838672e-06
nlp,COPRAS,7,82,94.06640000815969,True,1.0000000005838672e-06
nlp,COPRAS,7,83,107.17560000193771,True,1.0000000005838672e-06
nlp,COPRAS,7,84,100.18619999755174,True,1.0000000005838672e-06
nlp,COPRAS,7,85,113.60939999576658,True,1.0000000005838672e-06
nlp,COPRAS,7,86,89.82980001019314,True,1.0000000005838672e-06
nlp,COPRAS,7,87,91.51070000370964,True,1.0000000005838672e-06
nlp,COPRAS,7,88,107.0832999976119,True,1.0000000005838672e-06
nlp,COPRAS,7,89,103.66120000253431,True,1.0000000005838672e-06
nlp,COPRAS,7,90,100.35239999706391,True,1.0000000005838672e-06
nlp,COPRAS,7,91,108.74969999713358,True,1.0000000005838672e-06
nlp,COPRAS,7,92,105.93450001033489,True,1.0000000005838672e-06
nlp,COPRAS,7,93,112.10670000582468,True,1.0000000005838672e-06
nlp,COPRAS,7,94,101.17339999123942,True,1.0000000005838672e-06
nlp,COPRAS,7,95,105.66370000015013,True,1.0000000005838672e-06
nlp,COPRAS,7,96,101.13499998988118,True,1.0000000005838672e-06
nlp,COPRAS,7,97,97.11780000361614,True,1.0000000005838672e-06
nlp,COPRAS,7,98,114.17239998991136,True,1.0000000005838672e-06
nlp,COPRAS,7,99,99.11619999911636,True,1.0000000005838672e-06
nlp,COPRAS,7,100,105.63979999278672,True,1.0000000005838672e-06
nlp,COPRAS,7,101,106.58479999983683,True,1.0000000005838672e-06
nlp,COPRAS,7,102,94.50449999712873,True,1.0000000005838672e-06
nlp,COPRAS,7,103,102.00800000166055,True,1.0000000005838672e-06
nlp,COPRAS,7,104,95.91309999814257,True,1.0000000005838672e-06
nlp,COPRAS,7,105,109.65879999275785,True,1.0000000005838672e-06
nlp,COPRAS,7,106,98.19980000611395,True,1.0000000005838672e-06
nlp,COPRAS,7,107,96.29329999734182,True,1.0000000005838672e-06
nlp,COPRAS,7,108,101.4428000053158,True,1.0000000005838672e-06
nlp,COPRAS,7,109,98.5415000031935,True,1.0000000005838672e-06
nlp,COPRAS,7,110,116.2256000097841,True,1.0000000005838672e-06
nlp,COPRAS,7,111,91.15019999444485,True,1.0000000005838672e-06
nlp,COPRAS,7,112,95.13390000211075,True,1.0000000005838672e-06
nlp,COPRAS,7,113,106.36679999879561,True,1.0000000005838672e-06
nlp,COPRAS,7,114,100.39219999453053,True,1.0000000005838672e-06
nlp,COPRAS,7,115,95.49870000046212,True,1.0000000005838672e-06
nlp,COPRAS,7,116,93.34809999563731,True,1.0000000005838672e-06
nlp,COPRAS,7,117,93.75840000575408,True,1.0000000005838672e-06
nlp,COPRAS,7,118,102.49799999292009,True,1.0000000005838672e-06
nlp,COPRAS,7,119,104.14029999810737,True,1.0000000005838672e-06
nlp,COPRAS,7,120,94.78569999919273,True,1.0000000005838672e-06
nlp,COPRAS,7,121,97.41349999967497,True,1.0000000005838672e-06
nlp,COPRAS,7,122,100.14110000338405,True,1.0000000005838672e-06
nlp,COPRAS,7,123,101.76059999503195,True,1.0000000005838672e-06
nlp,COPRAS,7,124,106.8879999947967,True,1.0000000005838672e-06
nlp,COPRAS,7,125,92.58789999876171,True,1.0000000005838672e-06
nlp,COPRAS,7,126,98.99969999969471,True,1.0000000005838672e-06
nlp,COPRAS,7,127,95.64509999472648,True,1.0000000005838672e-06
nlp,COPRAS,7,128,107.59539999708068,True,1.0000000005838672e-06
nlp,COPRAS,7,129,96.79199999663979,True,1.0000000005838672e-06
nlp,COPRAS,7,130,95.89519999281038,True,1.0000000005838672e-06
nlp,COPRAS,7,131,100.59180000098422,True,1.0000000005838672e-06
nlp,COPRAS,7,132,90.8519999939017,True,1.0000000005838672e-06
nlp,COPRAS,7,133,93.85619999375194,True,1.0000000005838672e-06
nlp,COPRAS,7,134,97.41659999417607,True,1.0000000005838672e-06
nlp,COPRAS,7,135,94.30989999964368,True,1.0000000005838672e-06
nlp,COPRAS,7,136,91.75459999823943,True,1.0000000005838672e-06
nlp,COPRAS,7,137,91.70520000043325,True,1.0000000005838672e-06
nlp,COPRAS,7,138,90.54180000384804,True,1.0000000005838672e-06
nlp,COPRAS,7,139,96.73810000822414,True,1.0000000005838672e-06
nlp,COPRAS,7,140,104.18419999768957,True,1.0000000005838672e-06
nlp,COPRAS,7,141,91.67730000626761,True,1.0000000005838672e-06
nlp,COPRAS,7,142,101.46790000726469,True,1.0000000005838672e-06
nlp,COPRAS,7,143,99.40750000532717,True,1.0000000005838672e-06
nlp,COPRAS,7,144,93.69839999999385,True,1.0000000005838672e-06
nlp,COPRAS,7,145,109.52770001313183,True,1.0000000005838672e-06
nlp,COPRAS,7,146,105.1446999917971,True,1.0000000005838672e-06
nlp,COPRAS,7,147,117.29219999688212,True,1.0000000005838672e-06
nlp,COPRAS,7,148,93.62169999803882,True,1.0000000005838672e-06
nlp,COPRAS,7,149,95.95960000297055,True,1.0000000005838672e-06
nlp,COPRAS,7,150,114.36710000270978,True,1.0000000005838672e-06
nlp,COPRAS,7,151,99.13719999894965,True,1.0000000005838672e-06
nlp,COPRAS,7,152,110.20629999984521,True,1.0000000005838672e-06
nlp,COPRAS,7,153,112.61039999953937,True,1.0000000005838672e-06
nlp,COPRAS,7,154,100.35419999621809,True,1.0000000005838672e-06
nlp,COPRAS,7,155,111.36609999812208,True,1.0000000005838672e-06
nlp,COPRAS,7,156,98.44500001054257,True,1.0000000005838672e-06
nlp,COPRAS,7,157,99.28589999617543,True,1.0000000005838672e-06
nlp,COPRAS,7,158,101.51300000143237,True,1.0000000005838672e-06
nlp,COPRAS,7,159,102.94209999847226,True,1.0000000005838672e-06
nlp,COPRAS,7,160,102.86600000108592,True,1.0000000005838672e-06
nlp,COPRAS,7,161,104.69649999868125,True,1.0000000005838672e-06
nlp,COPRAS,7,162,108.55170000286307,True,1.0000000005838672e-06
nlp,COPRAS,7,163,107.18449999694712,True,1.0000000005838672e-06
nlp,COPRAS,7,164,98.47409999929368,True,1.0000000005838672e-06
nlp,COPRAS,7,165,112.26120000355877,True,1.0000000005838672e-06
nlp,COPRAS,7,166,104.34970000642352,True,1.0000000005838672e-06
nlp,COPRAS,7,167,112.09799999778625,True,1.0000000005838672e-06
nlp,COPRAS,7,168,95.85930001048837,True,1.0000000005838672e-06
nlp,COPRAS,7,169,113.40659999405034,True,1.0000000005838672e-06
nlp,COPRAS,7,170,98.38179999496788,True,1.0000000005838672e-06
nlp,COPRAS,7,171,80.30800000415184,True,1.0000000005838672e-06
nlp,COPRAS,7,172,98.49540000141133,True,1.0000000005838672e-06
nlp,COPRAS,7,173,94.75459999521263,True,1.0000000005838672e-06
nlp,COPRAS,7,174,97.99229999771342,True,1.0000000005838672e-06
nlp,COPRAS,7,175,102.53249999368563,True,1.0000000005838672e-06
nlp,COPRAS,7,176,98.989399994025,True,1.0000000005838672e-06
nlp,COPRAS,7,177,104.26719998940825,True,1.0000000005838672e-06
nlp,COPRAS,7,178,100.7536999968579,True,1.0000000005838672e-06
nlp,COPRAS,7,179,99.6488000091631,True,1.0000000005838672e-06
nlp,COPRAS,7,180,101.22019999835175,True,1.0000000005838672e-06
nlp,COPRAS,7,181,89.13829999801237,True,1.0000000005838672e-06
nlp,COPRAS,7,182,101.18559999682475,True,1.0000000005838672e-06
nlp,COPRAS,7,183,93.62660000624601,True,1.0000000005838672e-06
nlp,COPRAS,7,184,95.19860000000335,True,1.0000000005838672e-06
nlp,COPRAS,7,185,105.00549999414943,True,1.0000000005838672e-06
nlp,COPRAS,7,186,98.84380000585224,True,1.0000000005838672e-06
nlp,COPRAS,7,187,101.1718999943696,True,1.0000000005838672e-06
nlp,COPRAS,7,188,101.89629999513272,True,1.0000000005838672e-06
nlp,COPRAS,7,189,97.4566000077175,True,1.0000000005838672e-06
nlp,COPRAS,7,190,110.84780000965111,True,1.0000000005838672e-06
nlp,COPRAS,7,191,97.50290001102258,True,1.0000000005838672e-06
nlp,COPRAS,7,192,96.99960000580177,True,1.0000000005838672e-06
nlp,COPRAS,7,193,104.80070000630803,True,1.0000000005838672e-06
nlp,COPRAS,7,194,103.16069998953026,True,1.0000000005838672e-06
nlp,COPRAS,7,195,103.22599999199156,True,1.0000000005838672e-06
nlp,COPRAS,7,196,104.05999999784399,True,1.0000000005838672e-06
nlp,COPRAS,7,197,105.47640000004321,True,1.0000000005838672e-06
nlp,COPRAS,7,198,110.6045000051381,True,1.0000000005838672e-06
nlp,COPRAS,7,199,92.88799999922048,True,1.0000000005838672e-06
nlp,ARAS,7,0,104.30939999059774,True,9.999999999177334e-07
nlp,ARAS,7,1,95.92649999831337,True,9.999999999177334e-07
nlp,ARAS,7,2,99.75269999995362,True,9.999999999177334e-07
nlp,ARAS,7,3,110.69689999567345,True,9.999999999177334e-07
nlp,ARAS,7,4,93.7215999874752,True,9.999999999177334e-07
nlp,ARAS,7,5,93.23759999824688,True,9.999999999177334e-07
nlp,ARAS,7,6,99.52770000381861,True,9.999999999177334e-07
nlp,ARAS,7,7,106.96889999962877,True,9.999999999177334e-07
nlp,ARAS,7,8,109.71839999547228,True,9.999999999177334e-07
nlp,ARAS,7,9,96.74910000467207,True,9.999999999177334e-07
nlp,ARAS,7,10,108.39150000538211,True,9.999999999177334e-07
nlp,ARAS,7,11,97.8424999921117,True,9.999999999177334e-07
nlp,ARAS,7,12,105.02989999076817,True,9.999999999177334e-07
nlp,ARAS,7,13,100.88829998858273,True,9.999999999177334e-07
nlp,ARAS,7,14,98.31770000164397,True,9.999999999177334e-07
nlp,ARAS,7,15,108.64469999796711,True,9.999999999177334e-07
nlp,ARAS,7,16,95.48240000731312,True,9.999999999177334e-07
nlp,ARAS,7,17,96.37990000192076,True,9.999999999177334e-07
nlp,ARAS,7,18,101.23179999936838,True,9.999999999177334e-07
nlp,ARAS,7,19,96.24820000317413,True,9.999999999177334e-07
nlp,ARAS,7,20,98.28759999072645,True,9.999999999177334e-07
nlp,ARAS,7,21,100.42070000781678,True,9.999999999177334e-07
nlp,ARAS,7,22,98.60290000506211,True,9.999999999177334e-07
nlp,ARAS,7,23,101.80679999757558,True,9.999999999177334e-07
nlp,ARAS,7,24,103.48449999582954,True,9.999999999177334e-07
nlp,ARAS,7,25,96.09820001060143,True,9.999999999177334e-07
nlp,ARAS,7,26,96.58810000109952,True,9.999999999177334e-07
nlp,ARAS,7,27,104.3539999955101,True,9.999999999177334e-07
nlp,ARAS,7,28,102.9331000027014,True,9.999999999177334e-07
nlp,ARAS,7,29,97.5309999921592,True,9.999999999177334e-07
nlp,ARAS,7,30,104.38020000583492,True,9.999999999177334e-07
nlp,ARAS,7,31,89.67370000027586,True,9.999999999177334e-07
nlp,ARAS,7,32,99.87020000698976,True,9.999999999177334e-07
nlp,ARAS,7,33,102.20179999305401,True,9.999999999177334e-07
nlp,ARAS,7,34,95.29639998800121,True,9.999999999177334e-07
nlp,ARAS,7,35,97.57349999563303,True,9.999999999177334e-07
nlp,ARAS,7,36,106.71890000230633,True,9.999999999177334e-07
nlp,ARAS,7,37,96.63600000203587,True,9.999999999177334e-07
nlp,ARAS,7,38,94.10290000960231,True,9.999999999177334e-07
nlp,ARAS,7,39,99.4156000087969,True,9.999999999177334e-07
nlp,ARAS,7,40,94.26749999693129,True,9.999999999177334e-07
nlp,ARAS,7,41,91.1890000134008,True,9.999999999177334e-07
nlp,ARAS,7,42,112.32829999062233,True,9.999999999177334e-07
nlp,ARAS,7,43,95.42709999368526,True,9.999999999177334e-07
nlp,ARAS,7,44,106.86509999504779,True,9.999999999177334e-07
nlp,ARAS,7,45,102.4938999908045,True,9.999999999177334e-07
nlp,ARAS,7,46,107.64720001316164,True,9.999999999177334e-07
nlp,ARAS,7,47,97.43289998732507,True,9.999999999177334e-07
nlp,ARAS,7,48,109.60300000442658,True,9.999999999177334e-07
nlp,ARAS,7,49,97.23569999914616,True,9.999999999177334e-07
nlp,ARAS,7,50,177.70509999536444,True,9.999999999177334e-07
nlp,ARAS,7,51,107.42139999638312,True,9.999999999177334e-07
nlp,ARAS,7,52,96.5993999998318,True,9.999999999177334e-07
nlp,ARAS,7,53,137.6933999999892,True,9.999999999177334e-07
nlp,ARAS,7,54,103.04679999535438,True,9.999999999177334e-07
nlp,ARAS,7,55,111.7484999995213,True,9.999999999177334e-07
nlp,ARAS,7,56,105.85890000220388,True,9.999999999177334e-07
nlp,ARAS,7,57,101.50920000160113,True,9.999999999177334e-07
nlp,ARAS,7,58,137.91480001236778,True,9.999999999177334e-07
nlp,ARAS,7,59,104.94249999464955,True,9.999999999177334e-07
nlp,ARAS,7,60,102.798799998709,True,9.999999999177334e-07
nlp,ARAS,7,61,102.75320000073407,True,9.999999999177334e-07
nlp,ARAS,7,62,97.78680000454187,True,9.999999999177334e-07
nlp,ARAS,7,63,105.37389999080915,True,9.999999999177334e-07
nlp,ARAS,7,64,93.22100000281353,True,9.999999999177334e-07
nlp,ARAS,7,65,101.4662999950815,True,9.999999999177334e-07
nlp,ARAS,7,66,105.82799999974668,True,9.999999999177334e-07
nlp,ARAS,7,67,116.62820000492502,True,9.999999999177334e-07
nlp,ARAS,7,68,106.02549999020994,True,9.999999999177334e-07
nlp,ARAS,7,69,95.22580000339076,True,9.999999999177334e-07
nlp,ARAS,7,70,113.34660000284202,True,9.999999999177334e-07
nlp,ARAS,7,71,97.65159999369644,True,9.999999999177334e-07
nlp,ARAS,7,72,95.41670000180602,True,9.999999999177334e-07
nlp,ARAS,7,73,115.04089999652933,True,9.999999999177334e-07
nlp,ARAS,7,74,98.51119999075308,True,9.999999999177334e-07
nlp,ARAS,7,75,102.62009999132715,True,9.999999999177334e-07
nlp,ARAS,7,76,96.68960000271909,True,9.999999999177334e-07
nlp,ARAS,7,77,101.01340000983328,True,9.999999999177334e-07
nlp,ARAS,7,78,98.73009999864735,True,9.999999999177334e-07
nlp,ARAS,7,79,92.7804999955697,True,9.999999999177334e-07
nlp,ARAS,7,80,99.22179998829961,True,9.999999999177334e-07
nlp,ARAS,7,81,103.18350000306964,True,9.999999999177334e-07
nlp,ARAS,7,82,98.24010000738781,True,9.999999999177334e-07
nlp,ARAS,7,83,113.41469999752007,True,9.999999999177334e-07
nlp,ARAS,7,84,100.35779999452643,True,9.999999999177334e-07
nlp,ARAS,7,85,96.64750000229105,True,9.999999999177334e-07
nlp,ARAS,7,86,114.46109999087639,True,9.999999999177334e-07
nlp,ARAS,7,87,115.27590001060162,True,9.999999999177334e-07
nlp,ARAS,7,88,96.51089999533724,True,9.999999999177334e-07
nlp,ARAS,7,89,93.4803000127431,True,9.999999999177334e-07
nlp,ARAS,7,90,103.54179999558255,True,9.999999999177334e-07
nlp,ARAS,7,91,94.99870000581723,True,9.999999999177334e-07
nlp,ARAS,7,92,97.92030000244267,True,9.999999999177334e-07
nlp,ARAS,7,93,97.13340000598691,True,9.999999999177334e-07
nlp,ARAS,7,94,85.43269999790937,True,9.999999999177334e-07
nlp,ARAS,7,95,102.77620000124443,True,9.999999999177334e-07
nlp,ARAS,7,96,104.07699999632314,True,9.999999999177334e-07
nlp,ARAS,7,97,97.24909999931697,True,9.999999999177334e-07
nlp,ARAS,7,98,111.16260000562761,True,9.999999999177334e-07
nlp,ARAS,7,99,104.71470000629779,True,9.999999999177334e-07
nlp,ARAS,7,100,97.4246999976458,True,9.999999999177334e-07
nlp,ARAS,7,101,108.68009999103379,True,9.999999999177334e-07
nlp,ARAS,7,102,97.26349999255035,True,9.999999999177334e-07
nlp,ARAS,7,103,112.54139999800827,True,9.999999999177334e-07
nlp,ARAS,7,104,94.96970000327565,True,9.999999999177334e-07
nlp,ARAS,7,105,96.89259999140631,True,9.999999999177334e-07
nlp,ARAS,7,106,107.27390000829473,True,9.999999999177334e-07
nlp,ARAS,7,107,101.68170000542887,True,9.999999999177334e-07
nlp,ARAS,7,108,109.60219999833498,True,9.999999999177334e-07
nlp,ARAS,7,109,98.38550000858959,True,9.999999999177334e-07
nlp,ARAS,7,110,107.83969999465626,True,9.999999999177334e-07
nlp,ARAS,7,111,102.16150000633206,True,9.999999999177334e-07
nlp,ARAS,7,112,100.57860000233632,True,9.999999999177334e-07
nlp,ARAS,7,113,104.07879999547731,True,9.999999999177334e-07
nlp,ARAS,7,114,100.03889999643434,True,9.999999999177334e-07
nlp,ARAS,7,115,103.20870000577997,True,9.999999999177334e-07
nlp,ARAS,7,116,106.9199000048684,True,9.999999999177334e-07
nlp,ARAS,7,117,101.65229999984149,True,9.999999999177334e-07
nlp,ARAS,7,118,96.51869999652263,True,9.999999999177334e-07
nlp,ARAS,7,119,101.93900000012945,True,9.999999999177334e-07
nlp,ARAS,7,120,88.60770000319462,True,9.999999999177334e-07
nlp,ARAS,7,121,107.20230000151787,True,9.999999999177334e-07
nlp,ARAS,7,122,96.18059999775141,True,9.999999999177334e-07
nlp,ARAS,7,123,98.20629999740049,True,9.999999999177334e-07
nlp,ARAS,7,124,111.43610000726767,True,9.999999999177334e-07
nlp,ARAS,7,125,91.39760000107344,True,9.999999999177334e-07
nlp,ARAS,7,126,96.97050000249874,True,9.999999999177334e-07
nlp,ARAS,7,127,108.21839999698568,True,9.999999999177334e-07
nlp,ARAS,7,128,108.12299999815878,True,9.999999999177334e-07
nlp,ARAS,7,129,101.21829999843612,True,9.999999999177334e-07
nlp,ARAS,7,130,98.10400000424124,True,9.999999999177334e-07
nlp,ARAS,7,131,113.37999999523163,True,9.999999999177334e-07
nlp,ARAS,7,132,94.70580000197515,True,9.999999999177334e-07
nlp,ARAS,7,133,100.42129999783356,True,9.999999999177334e-07
nlp,ARAS,7,134,108.58809998899233,True,9.999999999177334e-07
nlp,ARAS,7,135,96.29889999632724,True,9.999999999177334e-07
nlp,ARAS,7,136,112.02179999963846,True,9.999999999177334e-07
nlp,ARAS,7,137,94.79049999208655,True,9.999999999177334e-07
nlp,ARAS,7,138,97.53329999512061,True,9.999999999177334e-07
nlp,ARAS,7,139,102.37639999832027,True,9.999999999177334e-07
nlp,ARAS,7,140,98.85040001245216,True,9.999999999177334e-07
nlp,ARAS,7,141,97.12220000801608,True,9.999999999177334e-07
nlp,ARAS,7,142,95.46690000570379,True,9.999999999177334e-07
nlp,ARAS,7,143,104.98699999880046,True,9.999999999177334e-07
nlp,ARAS,7,144,104.7751000005519,True,9.999999999177334e-07
nlp,ARAS,7,145,100.85499999695458,True,9.999999999177334e-07
nlp,ARAS,7,146,98.2471000024816,True,9.999999999177334e-07
nlp,ARAS,7,147,116.78280000342056,True,9.999999999177334e-07
nlp,ARAS,7,148,104.91829999955371,True,9.999999999177334e-07
nlp,ARAS,7,149,96.07810000306927,True,9.999999999177334e-07
nlp,ARAS,7,150,96.3902999938,True,9.999999999177334e-07
nlp,ARAS,7,151,107.1181000006618,True,9.999999999177334e-07
nlp,ARAS,7,152,98.13169999688398,True,9.999999999177334e-07
nlp,ARAS,7,153,102.16599999694154,True,9.999999999177334e-07
nlp,ARAS,7,154,113.78099999274127,True,9.999999999177334e-07
nlp,ARAS,7,155,105.36659999343101,True,9.999999999177334e-07
nlp,ARAS,7,156,104.45139999501407,True,9.999999999177334e-07
nlp,ARAS,7,157,95.93260000110604,True,9.999999999177334e-07
nlp,ARAS,7,158,95.15750000718981,True,9.999999999177334e-07
nlp,ARAS,7,159,103.56319999846164,True,9.999999999177334e-07
nlp,ARAS,7,160,93.75070000533015,True,9.999999999177334e-07
nlp,ARAS,7,161,100.42329999851063,True,9.999999999177334e-07
nlp,ARAS,7,162,101.76460001093801,True,9.999999999177334e-07
nlp,ARAS,7,163,94.69120000721887,True,9.999999999177334e-07
nlp,ARAS,7,164,109.01600000215694,True,9.999999999177334e-07
nlp,ARAS,7,165,98.64009999728296,True,9.999999999177334e-07
nlp,ARAS,7,166,94.84299999894574,True,9.999999999177334e-07
nlp,ARAS,7,167,101.42200000700541,True,9.999999999177334e-07
nlp,ARAS,7,168,63.413299998501316,True,9.999999999177334e-07
nlp,ARAS,7,169,115.94740000145976,True,9.999999999177334e-07
nlp,ARAS,7,170,97.84180000133347,True,9.999999999177334e-07
nlp,ARAS,7,171,99.73540001374204,True,9.999999999177334e-07
nlp,ARAS,7,172,102.30990000127349,True,9.999999999177334e-07
nlp,ARAS,7,173,90.24679999856744,True,9.999999999177334e-07
nlp,ARAS,7,174,100.35239999706391,True,9.999999999177334e-07
nlp,ARAS,7,175,105.0524000020232,True,9.999999999177334e-07
nlp,ARAS,7,176,100.42360000079498,True,9.999999999177334e-07
nlp,ARAS,7,177,106.99749999912456,True,9.999999999177334e-07
nlp,ARAS,7,178,97.96410000126343,True,9.999999999177334e-07
nlp,ARAS,7,179,102.76979999616742,True,9.999999999177334e-07
nlp,ARAS,7,180,109.74500000884291,True,9.999999999177334e-07
nlp,ARAS,7,181,98.69359999720473,True,9.999999999177334e-07
nlp,ARAS,7,182,109.5705000043381,True,9.999999999177334e-07
nlp,ARAS,7,183,96.28959999827202,True,9.999999999177334e-07
nlp,ARAS,7,184,97.01230000064243,True,9.999999999177334e-07
nlp,ARAS,7,185,105.79480000887997,True,9.999999999177334e-07
nlp,ARAS,7,186,99.59539999545086,True,9.999999999177334e-07
nlp,ARAS,7,187,93.30929999123327,True,9.999999999177334e-07
nlp,ARAS,7,188,98.44820000580512,True,9.999999999177334e-07
nlp,ARAS,7,189,95.28100000170525,True,9.999999999177334e-07
nlp,ARAS,7,190,109.67479999817442,True,9.999999999177334e-07
nlp,ARAS,7,191,97.15420000429731,True,9.999999999177334e-07
nlp,ARAS,7,192,95.6750000041211,True,9.999999999177334e-07
nlp,ARAS,7,193,106.3601999921957,True,9.999999999177334e-07
nlp,ARAS,7,194,101.85209999326617,True,9.999999999177334e-07
nlp,ARAS,7,195,103.72460000507999,True,9.999999999177334e-07
nlp,ARAS,7,196,103.04129999713041,True,9.999999999177334e-07
nlp,ARAS,7,197,98.71120000025257,True,9.999999999177334e-07
nlp,ARAS,7,198,94.84499999962281,True,9.999999999177334e-07
nlp,ARAS,7,199,107.66890000377316,True,9.999999999177334e-07
nlp,WASPAS,7,0,99.14300001400989,True,7.76106174327218e-07
nlp,WASPAS,7,1,105.5313999968348,True,7.76106174327218e-07
nlp,WASPAS,7,2,96.2677000061376,True,7.76106174327218e-07
nlp,WASPAS,7,3,97.67449999344535,True,7.76106174327218e-07
nlp,WASPAS,7,4,98.87570000137202,True,7.76106174327218e-07
nlp,WASPAS,7,5,104.37380000075791,True,7.76106174327218e-07
nlp,WASPAS,7,6,109.26040000049397,True,7.76106174327218e-07
nlp,WASPAS,7,7,107.04089999489952,True,7.76106174327218e-07
nlp,WASPAS,7,8,108.88599998725113,True,7.76106174327218e-07
nlp,WASPAS,7,9,103.95730000163894,True,7.76106174327218e-07
nlp,WASPAS,7,10,95.73649999219924,True,7.76106174327218e-07
nlp,WASPAS,7,11,106.81859999021981,True,7.76106174327218e-07
nlp,WASPAS,7,12,100.71739999693818,True,7.76106174327218e-07
nlp,WASPAS,7,13,110.923800006276,True,7.76106174327218e-07
nlp,WASPAS,7,14,94.85080000013113,True,7.76106174327218e-07
nlp,WASPAS,7,15,100.91690000263043,True,7.76106174327218e-07
nlp,WASPAS,7,16,119.32730000989977,True,7.76106174327218e-07
nlp,WASPAS,7,17,96.48369999194983,True,7.76106174327218e-07
nlp,WASPAS,7,18,111.22839999734424,True,7.76106174327218e-07
nlp,WASPAS,7,19,100.27559999434743,True,7.76106174327218e-07
nlp,WASPAS,7,20,101.08499998750631,True,7.76106174327218e-07
nlp,WASPAS,7,21,112.5529999990249,True,7.76106174327218e-07
nlp,WASPAS,7,22,93.7184999929741,True,7.76106174327218e-07
nlp,WASPAS,7,23,95.22740000102203,True,7.76106174327218e-07
nlp,WASPAS,7,24,109.83039998973254,True,7.76106174327218e-07
nlp,WASPAS,7,25,96.43669999786653,True,7.76106174327218e-07
nlp,WASPAS,7,26,99.01720000198111,True,7.76106174327218e-07
nlp,WASPAS,7,27,106.28609999548644,True,7.76106174327218e-07
nlp,WASPAS,7,28,103.7413000012748,True,7.76106174327218e-07
nlp,WASPAS,7,29,109.77900000580121,True,7.76106174327218e-07
nlp,WASPAS,7,30,107.30010000406764,True,7.76106174327218e-07
nlp,WASPAS,7,31,97.39380000974052,True,7.76106174327218e-07
nlp,WASPAS,7,32,108.29459999513347,True,7.76106174327218e-07
nlp,WASPAS,7,33,105.13229999924079,True,7.76106174327218e-07
nlp,WASPAS,7,34,94.70259999216069,True,7.76106174327218e-07
nlp,WASPAS,7,35,104.61889998987317,True,7.76106174327218e-07
nlp,WASPAS,7,36,127.46579998929519,True,7.76106174327218e-07
nlp,WASPAS,7,37,98.3834999933606,True,7.76106174327218e-07
nlp,WASPAS,7,38,112.04959999304265,True,7.76106174327218e-07
nlp,WASPAS,7,39,108.43380000733305,True,7.76106174327218e-07
nlp,WASPAS,7,40,97.31860000465531,True,7.76106174327218e-07
nlp,WASPAS,7,41,114.12129999371246,True,7.76106174327218e-07
nlp,WASPAS,7,42,95.56289999454748,True,7.76106174327218e-07
nlp,WASPAS,7,43,108.75379999924917,True,7.76106174327218e-07
nlp,WASPAS,7,44,97.76360000250861,True,7.76106174327218e-07
nlp,WASPAS,7,45,97.98079999745823,True,7.76106174327218e-07
nlp,WASPAS,7,46,109.99559999618214,True,7.76106174327218e-07
nlp,WASPAS,7,47,99.52200000407174,True,7.76106174327218e-07
nlp,WASPAS,7,48,111.31290000048466,True,7.76106174327218e-07
nlp,WASPAS,7,49,102.00089999125339,True,7.76106174327218e-07
nlp,WASPAS,7,50,103.60689999652095,True,7.76106174327218e-07
nlp,WASPAS,7,51,101.02929999993648,True,7.76106174327218e-07
nlp,WASPAS,7,52,97.20050000760239,True,7.76106174327218e-07
nlp,WASPAS,7,53,106.72239999985322,True,7.76106174327218e-07
nlp,WASPAS,7,54,100.59979998914059,True,7.76106174327218e-07
nlp,WASPAS,7,55,101.99519999150652,True,7.76106174327218e-07
nlp,WASPAS,7,56,104.71990000223741,True,7.76106174327218e-07
nlp,WASPAS,7,57,100.83199999644421,True,7.76106174327218e-07
nlp,WASPAS,7,58,123.68869999772869,True,7.76106174327218e-07
nlp,WASPAS,7,59,92.52910000213888,True,7.76106174327218e-07
nlp,WASPAS,7,60,99.7056999913184,True,7.76106174327218e-07
nlp,WASPAS,7,61,105.87670000677463,True,7.76106174327218e-07
nlp,WASPAS,7,62,93.21829999680631,True,7.76106174327218e-07
nlp,WASPAS,7,63,105.65800000040326,True,7.76106174327218e-07
nlp,WASPAS,7,64,104.78049999801442,True,7.76106174327218e-07
nlp,WASPAS,7,65,105.78990000067279,True,7.76106174327218e-07
nlp,WASPAS,7,66,108.04690000077244,True,7.76106174327218e-07
nlp,WASPAS,7,67,91.60130000964273,True,7.76106174327218e-07
nlp,WASPAS,7,68,116.92190000030678,True,7.76106174327218e-07
nlp,WASPAS,7,69,96.49559999525081,True,7.76106174327218e-07
nlp,WASPAS,7,70,106.20789999666158,True,7.76106174327218e-07
nlp,WASPAS,7,71,97.20429999288172,True,7.76106174327218e-07
nlp,WASPAS,7,72,95.28270000009798,True,7.76106174327218e-07
nlp,WASPAS,7,73,110.40879999927711,True,7.76106174327218e-07
nlp,WASPAS,7,74,102.91640000650659,True,7.76106174327218e-07
nlp,WASPAS,7,75,103.81760000018403,True,7.76106174327218e-07
nlp,WASPAS,7,76,99.98230000201147,True,7.76106174327218e-07
nlp,WASPAS,7,77,99.60959998716135,True,7.76106174327218e-07
nlp,WASPAS,7,78,102.70249999302905,True,7.76106174327218e-07
nlp,WASPAS,7,79,101.53410000202712,True,7.76106174327218e-07
nlp,WASPAS,7,80,102.59439999936149,True,7.76106174327218e-07
nlp,WASPAS,7,81,104.05619999801274,True,7.76106174327218e-07
nlp,WASPAS,7,82,96.64359998714644,True,7.76106174327218e-07
nlp,WASPAS,7,83,99.18679999827873,True,7.76106174327218e-07
nlp,WASPAS,7,84,109.3438999960199,True,7.76106174327218e-07
nlp,WASPAS,7,85,98.27870001026895,True,7.76106174327218e-07
nlp,WASPAS,7,86,109.27210000227205,True,7.76106174327218e-07
nlp,WASPAS,7,87,111.40730000624899,True,7.76106174327218e-07
nlp,WASPAS,7,88,125.3971999976784,True,7.76106174327218e-07
nlp,WASPAS,7,89,80.70220000809059,True,7.76106174327218e-07
nlp,WASPAS,7,90,105.60010001063347,True,7.76106174327218e-07
nlp,WASPAS,7,91,102.47319999325555,True,7.76106174327218e-07
nlp,WASPAS,7,92,104.55780000484083,True,7.76106174327218e-07
nlp,WASPAS,7,93,108.28960000071675,True,7.76106174327218e-07
nlp,WASPAS,7,94,100.25399998994544,True,7.76106174327218e-07
nlp,WASPAS,7,95,104.48290000203997,True,7.76106174327218e-07
nlp,WASPAS,7,96,101.71339999942575,True,7.76106174327218e-07
nlp,WASPAS,7,97,100.83450000092853,True,7.76106174327218e-07
nlp,WASPAS,7,98,110.98099999071565,True,7.76106174327218e-07
nlp,WASPAS,7,99,103.48769999109209,True,7.76106174327218e-07
nlp,WASPAS,7,100,106.6008000052534,True,7.76106174327218e-07
nlp,WASPAS,7,101,103.23959999368526,True,7.76106174327218e-07
nlp,WASPAS,7,102,97.70960001333151,True,7.76106174327218e-07
nlp,WASPAS,7,103,98.45629999472294,True,7.76106174327218e-07
nlp,WASPAS,7,104,94.39109999220818,True,7.76106174327218e-07
nlp,WASPAS,7,105,101.6280000039842,True,7.76106174327218e-07
nlp,WASPAS,7,106,105.99060000095051,True,7.76106174327218e-07
nlp,WASPAS,7,107,97.80360000149813,True,7.76106174327218e-07
nlp,WASPAS,7,108,157.66310000617523,True,7.76106174327218e-07
nlp,WASPAS,7,109,110.3344000002835,True,7.76106174327218e-07
nlp,WASPAS,7,110,116.15780000283848,True,7.76106174327218e-07
nlp,WASPAS,7,111,112.45440000493545,True,7.76106174327218e-07
nlp,WASPAS,7,112,101.12230000959244,True,7.76106174327218e-07
nlp,WASPAS,7,113,98.25090000231285,True,7.76106174327218e-07
nlp,WASPAS,7,114,97.07009998965077,True,7.76106174327218e-07
nlp,WASPAS,7,115,102.70740000123624,True,7.76106174327218e-07
nlp,WASPAS,7,116,96.89310000976548,True,7.76106174327218e-07
nlp,WASPAS,7,117,105.98360000585672,True,7.76106174327218e-07
nlp,WASPAS,7,118,105.58419999142643,True,7.76106174327218e-07
nlp,WASPAS,7,119,117.95460000575986,True,7.76106174327218e-07
nlp,WASPAS,7,120,106.75869999977294,True,7.76106174327218e-07
nlp,WASPAS,7,121,106.76509999029804,True,7.76106174327218e-07
nlp,WASPAS,7,122,97.43219999654684,True,7.76106174327218e-07
nlp,WASPAS,7,123,106.98900000716094,True,7.76106174327218e-07
nlp,WASPAS,7,124,106.98389999743085,True,7.76106174327218e-07
nlp,WASPAS,7,125,103.99030000553466,True,7.76106174327218e-07
nlp,WASPAS,7,126,114.99440000625327,True,7.76106174327218e-07
nlp,WASPAS,7,127,96.40040001249872,True,7.76106174327218e-07
nlp,WASPAS,7,128,103.21909999765921,True,7.76106174327218e-07
nlp,WASPAS,7,129,106.0637000045972,True,7.76106174327218e-07
nlp,WASPAS,7,130,115.67800000193529,True,7.76106174327218e-07
nlp,WASPAS,7,131,105.56399999768473,True,7.76106174327218e-07
nlp,WASPAS,7,132,101.62990000389982,True,7.76106174327218e-07
nlp,WASPAS,7,133,112.21640001167543,True,7.76106174327218e-07
nlp,WASPAS,7,134,105.30060000019148,True,7.76106174327218e-07
nlp,WASPAS,7,135,100.65359999134671,True,7.76106174327218e-07
nlp,WASPAS,7,136,101.33449999557342,True,7.76106174327218e-07
nlp,WASPAS,7,137,96.69140000187326,True,7.76106174327218e-07
nlp,WASPAS,7,138,93.27380001195706,True,7.76106174327218e-07
nlp,WASPAS,7,139,107.86379998899065,True,7.76106174327218e-07
nlp,WASPAS,7,140,127.01129999186378,True,7.76106174327218e-07
nlp,WASPAS,7,141,111.7655999987619,True,7.76106174327218e-07
nlp,WASPAS,7,142,99.89530000893865,True,7.76106174327218e-07
nlp,WASPAS,7,143,105.1867000060156,True,7.76106174327218e-07
nlp,WASPAS,7,144,105.81470000033733,True,7.76106174327218e-07
nlp,WASPAS,7,145,106.84710000350606,True,7.76106174327218e-07
nlp,WASPAS,7,146,114.06890000216663,True,7.76106174327218e-07
nlp,WASPAS,7,147,124.89229999482632,True,7.76106174327218e-07
nlp,WASPAS,7,148,101.942199995392,True,7.76106174327218e-07
nlp,WASPAS,7,149,103.09790000610519,True,7.76106174327218e-07
nlp,WASPAS,7,150,122.45579999580514,True,7.76106174327218e-07
nlp,WASPAS,7,151,97.97400000388734,True,7.76106174327218e-07
nlp,WASPAS,7,152,101.04410001076758,True,7.76106174327218e-07
nlp,WASPAS,7,153,110.4336999997031,True,7.76106174327218e-07
nlp,WASPAS,7,154,109.53220000374131,True,7.76106174327218e-07
nlp,WASPAS,7,155,110.51210000005085,True,7.76106174327218e-07
nlp,WASPAS,7,156,101.16829999606125,True,7.76106174327218e-07
nlp,WASPAS,7,157,96.77639999426901,True,7.76106174327218e-07
nlp,WASPAS,7,158,104.90019999269862,True,7.76106174327218e-07
nlp,WASPAS,7,159,104.02400000020862,True,7.76106174327218e-07
nlp,WASPAS,7,160,108.22680000273976,True,7.76106174327218e-07
nlp,WASPAS,7,161,110.3545999940252,True,7.76106174327218e-07
nlp,WASPAS,7,162,98.62940000311937,True,7.76106174327218e-07
nlp,WASPAS,7,163,111.37440000311472,True,7.76106174327218e-07
nlp,WASPAS,7,164,107.04639999312349,True,7.76106174327218e-07
nlp,WASPAS,7,165,107.05859999870881,True,7.76106174327218e-07
nlp,WASPAS,7,166,100.2437999995891,True,7.76106174327218e-07
nlp,WASPAS,7,167,121.15239999548066,True,7.76106174327218e-07
nlp,WASPAS,7,168,109.10200000216719,True,7.76106174327218e-07
nlp,WASPAS,7,169,103.65289999754168,True,7.76106174327218e-07
nlp,WASPAS,7,170,113.35359999793582,True,7.76106174327218e-07
nlp,WASPAS,7,171,100.41749999800231,True,7.76106174327218e-07
nlp,WASPAS,7,172,112.7762999967672,True,7.76106174327218e-07
nlp,WASPAS,7,173,96.66250000009313,True,7.76106174327218e-07
nlp,WASPAS,7,174,106.93860000174027,True,7.76106174327218e-07
nlp,WASPAS,7,175,106.78130001178943,True,7.76106174327218e-07
nlp,WASPAS,7,176,101.04239999782294,True,7.76106174327218e-07
nlp,WASPAS,7,177,101.91240000131074,True,7.76106174327218e-07
nlp,WASPAS,7,178,113.18619998928625,True,7.76106174327218e-07
nlp,WASPAS,7,179,103.1580999988364,True,7.76106174327218e-07
nlp,WASPAS,7,180,115.08950000279583,True,7.76106174327218e-07
nlp,WASPAS,7,181,103.08929999882821,True,7.76106174327218e-07
nlp,WASPAS,7,182,98.98049999901559,True,7.76106174327218e-07
nlp,WASPAS,7,183,102.38810000009835,True,7.76106174327218e-07
nlp,WASPAS,7,184,103.14169999037404,True,7.76106174327218e-07
nlp,WASPAS,7,185,120.36059999081772,True,7.76106174327218e-07
nlp,WASPAS,7,186,107.28749999543652,True,7.76106174327218e-07
nlp,WASPAS,7,187,103.73439999239054,True,7.76106174327218e-07
nlp,WASPAS,7,188,101.96429998904932,True,7.76106174327218e-07
nlp,WASPAS,7,189,112.68429999472573,True,7.76106174327218e-07
nlp,WASPAS,7,190,114.81550001190044,True,7.76106174327218e-07
nlp,WASPAS,7,191,93.13100000144914,True,7.76106174327218e-07
nlp,WASPAS,7,192,102.1883999928832,True,7.76106174327218e-07
nlp,WASPAS,7,193,95.86499999568332,True,7.76106174327218e-07
nlp,WASPAS,7,194,103.69839999475516,True,7.76106174327218e-07
nlp,WASPAS,7,195,99.14890000072774,True,7.76106174327218e-07
nlp,WASPAS,7,196,101.97629999311175,True,7.76106174327218e-07
nlp,WASPAS,7,197,112.53659999056254,True,7.76106174327218e-07
nlp,WASPAS,7,198,105.56110000470653,True,7.76106174327218e-07
nlp,WASPAS,7,199,100.99729998910334,True,7.76106174327218e-07
evolutionary,RTOPSIS,2,0,60218.166299993754,True,2.5477199712131693e-06
evolutionary,RTOPSIS,2,1,60279.7384000005,True,2.5477199712131693e-06
evolutionary,RTOPSIS,2,2,60004.11819999863,True,2.5477199712131693e-06
evolutionary,RTOPSIS,2,3,62676.99740000535,True,2.5477199712131693e-06
evolutionary,RTOPSIS,2,4,65740.87449999934,True,2.5477199712131693e-06
evolutionary,RTOPSIS,2,5,60582.707699999446,True,2.5477199712131693e-06
evolutionary,RTOPSIS,2,6,59368.63539999467,True,2.5477199712131693e-06
evolutionary,RTOPSIS,2,7,60387.86529999925,True,2.5477199712131693e-06
evolutionary,RTOPSIS,2,8,59502.81809999433,True,2.5477199712131693e-06
evolutionary,RTOPSIS,2,9,60167.81579999952,True,2.5477199712131693e-06
evolutionary,RTOPSIS,2,10,60282.247399998596,True,2.5477199712131693e-06
evolutionary,RTOPSIS,2,11,60147.15609999257,True,2.5477199712131693e-06
evolutionary,RTOPSIS,2,12,59673.116100006155,True,2.5477199712131693e-06
evolutionary,RTOPSIS,2,13,61045.189099997515,True,2.5477199712131693e-06
evolutionary,RTOPSIS,2,14,66827.94970000396,True,2.5477199712131693e-06
evolutionary,RTOPSIS,2,15,60706.377800001064,True,2.5477199712131693e-06
evolutionary,RTOPSIS,2,16,61862.306999988505,True,2.5477199712131693e-06
evolutionary,RTOPSIS,2,17,60199.12039999326,True,2.5477199712131693e-06
evolutionary,RTOPSIS,2,18,60832.34549999179,True,2.5477199712131693e-06
evolutionary,RTOPSIS,2,19,62488.56880000676,True,2.5477199712131693e-06
evolutionary,RTOPSIS,2,20,60278.25339999981,True,2.5477199712131693e-06
evolutionary,RTOPSIS,2,21,65819.34360000014,True,2.5477199712131693e-06
evolutionary,RTOPSIS,2,22,58681.46599999454,True,2.5477199712131693e-06
evolutionary,RTOPSIS,2,23,56330.87649999652,True,2.5477199712131693e-06
evolutionary,RTOPSIS,2,24,57118.05180000374,True,2.5477199712131693e-06
evolutionary,RTOPSIS,2,25,56979.24800000328,True,2.5477199712131693e-06
evolutionary,RTOPSIS,2,26,56244.69140000292,True,2.5477199712131693e-06
evolutionary,RTOPSIS,2,27,56709.81479999318,True,2.5477199712131693e-06
evolutionary,RTOPSIS,2,28,56798.80590000539,True,2.5477199712131693e-06
evolutionary,RTOPSIS,2,29,56758.9289000025,True,2.5477199712131693e-06
evolutionary,SAW,2,0,57096.651400002884,True,9.687884259701462e-06
evolutionary,SAW,2,1,56941.66430000041,True,9.687884259701462e-06
evolutionary,SAW,2,2,56770.79569999478,True,9.687884259701462e-06
evolutionary,SAW,2,3,56330.62720000453,True,9.687884259701462e-06
evolutionary,SAW,2,4,56447.03570001002,True,9.687884259701462e-06
evolutionary,SAW,2,5,57323.91550000466,True,9.687884259701462e-06
evolutionary,SAW,2,6,56228.110599986394,True,9.687884259701462e-06
evolutionary,SAW,2,7,56586.012199986726,True,9.687884259701462e-06
evolutionary,SAW,2,8,56706.371899999795,True,9.687884259701462e-06
evolutionary,SAW,2,9,56459.04769998742,True,9.687884259701462e-06
evolutionary,SAW,2,10,57538.174800007255,True,9.687884259701462e-06
evolutionary,SAW,2,11,56962.14150000014,True,9.687884259701462e-06
evolutionary,SAW,2,12,56320.49719999486,True,9.687884259701462e-06
evolutionary,SAW,2,13,56047.14920000697,True,9.687884259701462e-06
evolutionary,SAW,2,14,56859.928299993044,True,9.687884259701462e-06
evolutionary,SAW,2,15,57573.315500005265,True,9.687884259701462e-06
evolutionary,SAW,2,16,56083.63579999423,True,9.687884259701462e-06
evolutionary,SAW,2,17,56576.473199995235,True,9.687884259701462e-06
evolutionary,SAW,2,18,56403.58399999968,True,9.687884259701462e-06
evolutionary,SAW,2,19,56453.83920001041,True,9.687884259701462e-06
evolutionary,SAW,2,20,57272.337100002915,True,9.687884259701462e-06
evolutionary,SAW,2,21,57963.393600002746,True,9.687884259701462e-06
evolutionary,SAW,2,22,56454.00649998919,True,9.687884259701462e-06
evolutionary,SAW,2,23,56719.861599995056,True,9.687884259701462e-06
evolutionary,SAW,2,24,56611.777600002824,True,9.687884259701462e-06
evolutionary,SAW,2,25,57087.210600002436,True,9.687884259701462e-06
evolutionary,SAW,2,26,57480.705599999055,True,9.687884259701462e-06
evolutionary,SAW,2,27,56291.042700002436,True,9.687884259701462e-06
evolutionary,SAW,2,28,56495.61650000396,True,9.687884259701462e-06
evolutionary,SAW,2,29,56708.542199994554,True,9.687884259701462e-06
evolutionary,VIKOR,2,0,57227.86719999567,True,7.933409345872722e-05
evolutionary,VIKOR,2,1,57658.025600001565,True,7.933409345872722e-05
evolutionary,VIKOR,2,2,57565.1693999971,True,7.933409345872722e-05
evolutionary,VIKOR,2,3,56627.9421000072,True,7.933409345872722e-05
evolutionary,VIKOR,2,4,46213.299499999266,True,7.933409345872722e-05
evolutionary,VIKOR,2,5,26719.93979999388,True,7.933409345872722e-05
evolutionary,VIKOR,2,6,25999.377500003902,True,7.933409345872722e-05
evolutionary,VIKOR,2,7,36879.99670000863,True,7.933409345872722e-05
evolutionary,VIKOR,2,8,39499.86710000667,True,7.933409345872722e-05
evolutionary,VIKOR,2,9,34554.021599993575,True,7.933409345872722e-05
evolutionary,VIKOR,2,10,39137.56529999955,True,7.933409345872722e-05
evolutionary,VIKOR,2,11,31947.037700010696,True,7.933409345872722e-05
evolutionary,VIKOR,2,12,31101.489299995592,True,7.933409345872722e-05
evolutionary,VIKOR,2,13,53392.122599994764,True,7.933409345872722e-05
evolutionary,VIKOR,2,14,60341.053999989526,True,7.933409345872722e-05
evolutionary,VIKOR,2,15,60075.654900007066,True,7.933409345872722e-05
evolutionary,VIKOR,2,16,60873.469800004386,True,7.933409345872722e-05
evolutionary,VIKOR,2,17,58971.78000000713,True,7.933409345872722e-05
evolutionary,VIKOR,2,18,58161.315100005595,True,7.933409345872722e-05
evolutionary,VIKOR,2,19,58891.71739999438,True,7.933409345872722e-05
evolutionary,VIKOR,2,20,59132.5943999982,True,7.933409345872722e-05
evolutionary,VIKOR,2,21,62892.511500002,True,7.933409345872722e-05
evolutionary,VIKOR,2,22,63229.25559998839,True,7.933409345872722e-05
evolutionary,VIKOR,2,23,61881.806999997934,True,7.933409345872722e-05
evolutionary,VIKOR,2,24,61908.71249999327,True,7.933409345872722e-05
evolutionary,VIKOR,2,25,64275.911299992,True,7.933409345872722e-05
evolutionary,VIKOR,2,26,60642.407299994375,True,7.933409345872722e-05
evolutionary,VIKOR,2,27,58408.10089999286,True,7.933409345872722e-05
evolutionary,VIKOR,2,28,60039.662600000156,True,7.933409345872722e-05
evolutionary,VIKOR,2,29,58004.05440000759,True,7.933409345872722e-05
evolutionary,COPRAS,2,0,58829.72130000417,True,9.687884259701462e-06
evolutionary,COPRAS,2,1,57840.168800001265,True,9.687884259701462e-06
evolutionary,COPRAS,2,2,58121.64019999909,True,9.687884259701462e-06
evolutionary,COPRAS,2,3,58554.36569999438,True,9.687884259701462e-06
evolutionary,COPRAS,2,4,59451.05869999679,True,9.687884259701462e-06
evolutionary,COPRAS,2,5,63311.220300005516,True,9.687884259701462e-06
evolutionary,COPRAS,2,6,58966.32810001029,True,9.687884259701462e-06
evolutionary,COPRAS,2,7,59032.70889999112,True,9.687884259701462e-06
evolutionary,COPRAS,2,8,59401.794199991855,True,9.687884259701462e-06
evolutionary,COPRAS,2,9,57618.737099997816,True,9.687884259701462e-06
evolutionary,COPRAS,2,10,61851.76799999317,True,9.687884259701462e-06
evolutionary,COPRAS,2,11,61348.64599999855,True,9.687884259701462e-06
evolutionary,COPRAS,2,12,61377.71689999499,True,9.687884259701462e-06
evolutionary,COPRAS,2,13,63158.01040000224,True,9.687884259701462e-06
evolutionary,COPRAS,2,14,62345.79180000583,True,9.687884259701462e-06
evolutionary,COPRAS,2,15,57000.76280000212,True,9.687884259701462e-06
evolutionary,COPRAS,2,16,60325.96940000076,True,9.687884259701462e-06
evolutionary,COPRAS,2,17,60227.22220000287,True,9.687884259701462e-06
evolutionary,COPRAS,2,18,58477.9572999978,True,9.687884259701462e-06
evolutionary,COPRAS,2,19,57994.1678000032,True,9.687884259701462e-06
evolutionary,COPRAS,2,20,58603.78190000483,True,9.687884259701462e-06
evolutionary,COPRAS,2,21,57159.802399997716,True,9.687884259701462e-06
evolutionary,COPRAS,2,22,59744.15349999617,True,9.687884259701462e-06
evolutionary,COPRAS,2,23,62412.24489999877,True,9.687884259701462e-06
evolutionary,COPRAS,2,24,58718.76849999535,True,9.687884259701462e-06
evolutionary,COPRAS,2,25,59235.4689000058,True,9.687884259701462e-06
evolutionary,COPRAS,2,26,57621.724900003755,True,9.687884259701462e-06
evolutionary,COPRAS,2,27,58686.672399999225,True,9.687884259701462e-06
evolutionary,COPRAS,2,28,58686.103100000764,True,9.687884259701462e-06
evolutionary,COPRAS,2,29,56809.50820000726,True,9.687884259701462e-06
evolutionary,ARAS,2,0,64855.22019999917,True,2.9063652778882343e-06
evolutionary,ARAS,2,1,64644.69719999761,True,2.9063652778882343e-06
evolutionary,ARAS,2,2,64555.718100004015,True,2.9063652778882343e-06
evolutionary,ARAS,2,3,64278.4748999984,True,2.9063652778882343e-06
evolutionary,ARAS,2,4,60922.79250000138,True,2.9063652778882343e-06
evolutionary,ARAS,2,5,59808.46620000375,True,2.9063652778882343e-06
evolutionary,ARAS,2,6,59588.90180000162,True,2.9063652778882343e-06
evolutionary,ARAS,2,7,59574.50650000828,True,2.9063652778882343e-06
evolutionary,ARAS,2,8,59906.90619999077,True,2.9063652778882343e-06
evolutionary,ARAS,2,9,59714.66149999469,True,2.9063652778882343e-06
evolutionary,ARAS,2,10,59907.209500001045,True,2.9063652778882343e-06
evolutionary,ARAS,2,11,59281.23360000609,True,2.9063652778882343e-06
evolutionary,ARAS,2,12,59486.90679999709,True,2.9063652778882343e-06
evolutionary,ARAS,2,13,59947.88920000428,True,2.9063652778882343e-06
evolutionary,ARAS,2,14,59796.422400002484,True,2.9063652778882343e-06
evolutionary,ARAS,2,15,59461.39460000268,True,2.9063652778882343e-06
evolutionary,ARAS,2,16,58802.83600000257,True,2.9063652778882343e-06
evolutionary,ARAS,2,17,59695.37750000018,True,2.9063652778882343e-06
evolutionary,ARAS,2,18,59337.6741999964,True,2.9063652778882343e-06
evolutionary,ARAS,2,19,59655.05710001162,True,2.9063652778882343e-06
evolutionary,ARAS,2,20,59732.10000000836,True,2.9063652778882343e-06
evolutionary,ARAS,2,21,60441.49979999929,True,2.9063652778882343e-06
evolutionary,ARAS,2,22,59817.18819998787,True,2.9063652778882343e-06
evolutionary,ARAS,2,23,59747.667600007844,True,2.9063652778882343e-06
evolutionary,ARAS,2,24,59440.267300000414,True,2.9063652778882343e-06
evolutionary,ARAS,2,25,60066.148700003396,True,2.9063652778882343e-06
evolutionary,ARAS,2,26,59613.790800009156,True,2.9063652778882343e-06
evolutionary,ARAS,2,27,59830.14869999897,True,2.9063652778882343e-06
evolutionary,ARAS,2,28,59887.32609999715,True,2.9063652778882343e-06
evolutionary,ARAS,2,29,59508.79979999445,True,2.9063652778882343e-06
evolutionary,WASPAS,2,0,59778.73369998997,True,1.8160892269802886e-05
evolutionary,WASPAS,2,1,59672.99079999793,True,1.8160892269802886e-05
evolutionary,WASPAS,2,2,59814.63129998883,True,1.8160892269802886e-05
evolutionary,WASPAS,2,3,60254.57049999386,True,1.8160892269802886e-05
evolutionary,WASPAS,2,4,59664.53029999684,True,1.8160892269802886e-05
evolutionary,WASPAS,2,5,59018.061700000544,True,1.8160892269802886e-05
evolutionary,WASPAS,2,6,59369.314499999746,True,1.8160892269802886e-05
evolutionary,WASPAS,2,7,59487.129000001005,True,1.8160892269802886e-05
evolutionary,WASPAS,2,8,59634.070799991605,True,1.8160892269802886e-05
evolutionary,WASPAS,2,9,59869.73859999853,True,1.8160892269802886e-05
evolutionary,WASPAS,2,10,59392.07230000466,True,1.8160892269802886e-05
evolutionary,WASPAS,2,11,59623.447599995416,True,1.8160892269802886e-05
evolutionary,WASPAS,2,12,59621.71700000181,True,1.8160892269802886e-05
evolutionary,WASPAS,2,13,59773.603900001035,True,1.8160892269802886e-05
evolutionary,WASPAS,2,14,59619.95209999441,True,1.8160892269802886e-05
evolutionary,WASPAS,2,15,59662.02269999485,True,1.8160892269802886e-05
evolutionary,WASPAS,2,16,59608.697200004826,True,1.8160892269802886e-05
evolutionary,WASPAS,2,17,59747.62589999591,True,1.8160892269802886e-05
evolutionary,WASPAS,2,18,59656.39970000484,True,1.8160892269802886e-05
evolutionary,WASPAS,2,19,60228.179400000954,True,1.8160892269802886e-05
evolutionary,WASPAS,2,20,60487.71229998965,True,1.8160892269802886e-05
evolutionary,WASPAS,2,21,59388.81479999691,True,1.8160892269802886e-05
evolutionary,WASPAS,2,22,59808.035299996845,True,1.8160892269802886e-05
evolutionary,WASPAS,2,23,59930.223899995326,True,1.8160892269802886e-05
evolutionary,WASPAS,2,24,59721.393500003614,True,1.8160892269802886e-05
evolutionary,WASPAS,2,25,59521.634499993525,True,1.8160892269802886e-05
evolutionary,WASPAS,2,26,59539.762699991115,True,1.8160892269802886e-05
evolutionary,WASPAS,2,27,59721.966500001145,True,1.8160892269802886e-05
evolutionary,WASPAS,2,28,59704.0946999914,True,1.8160892269802886e-05
evolutionary,WASPAS,2,29,59744.07919999794,True,1.8160892269802886e-05
wm,RTOPSIS,7,0,1045.549899994512,True,8.793134312901074e-07
wm,RTOPSIS,7,1,1088.2419000117807,True,8.793134312901074e-07
wm,RTOPSIS,7,2,1057.8152000089176,True,8.793134312901074e-07
wm,RTOPSIS,7,3,1084.0197000070475,True,8.793134312901074e-07
wm,RTOPSIS,7,4,1059.2308000050252,True,8.793134312901074e-07
wm,RTOPSIS,7,5,1022.3016000090865,True,8.793134312901074e-07
wm,RTOPSIS,7,6,1064.6498999994947,True,8.793134312901074e-07
wm,RTOPSIS,7,7,1099.6012999967206,True,8.793134312901074e-07
wm,RTOPSIS,7,8,1115.8177000033902,True,8.793134312901074e-07
wm,RTOPSIS,7,9,1062.1890999900643,True,8.793134312901074e-07
wm,RTOPSIS,7,10,1116.8657999951392,True,8.793134312901074e-07
wm,RTOPSIS,7,11,1107.2317000071052,True,8.793134312901074e-07
wm,RTOPSIS,7,12,1110.7540000084555,True,8.793134312901074e-07
wm,RTOPSIS,7,13,1089.2969999986235,True,8.793134312901074e-07
wm,RTOPSIS,7,14,1119.043300001067,True,8.793134312901074e-07
wm,RTOPSIS,7,15,1077.9622999980347,True,8.793134312901074e-07
wm,RTOPSIS,7,16,1070.3345000074478,True,8.793134312901074e-07
wm,RTOPSIS,7,17,1120.8021999918856,True,8.793134312901074e-07
wm,RTOPSIS,7,18,1070.6117999943672,True,8.793134312901074e-07
wm,RTOPSIS,7,19,1072.3694000043906,True,8.793134312901074e-07
wm,RTOPSIS,7,20,1075.8868999982951,True,8.793134312901074e-07
wm,RTOPSIS,7,21,1009.4927000027383,True,8.793134312901074e-07
wm,RTOPSIS,7,22,1105.3068999899551,True,8.793134312901074e-07
wm,RTOPSIS,7,23,1088.4425999975065,True,8.793134312901074e-07
wm,RTOPSIS,7,24,1104.6339000022272,True,8.793134312901074e-07
wm,RTOPSIS,7,25,1137.6415999984602,True,8.793134312901074e-07
wm,RTOPSIS,7,26,1142.8597000049194,True,8.793134312901074e-07
wm,RTOPSIS,7,27,1083.8168000045698,True,8.793134312901074e-07
wm,RTOPSIS,7,28,1091.3411999936216,True,8.793134312901074e-07
wm,RTOPSIS,7,29,1103.1042999966303,True,8.793134312901074e-07
wm,RTOPSIS,7,30,1114.693099996657,True,8.793134312901074e-07
wm,RTOPSIS,7,31,1118.5458000109065,True,8.793134312901074e-07
wm,RTOPSIS,7,32,1074.6322999912081,True,8.793134312901074e-07
wm,RTOPSIS,7,33,993.0377999990014,True,8.793134312901074e-07
wm,RTOPSIS,7,34,1120.5811999971047,True,8.793134312901074e-07
wm,RTOPSIS,7,35,1113.6656000016956,True,8.793134312901074e-07
wm,RTOPSIS,7,36,1206.1094999953639,True,8.793134312901074e-07
wm,RTOPSIS,7,37,1049.6399999974528,True,8.793134312901074e-07
wm,RTOPSIS,7,38,1083.2854000036605,True,8.793134312901074e-07
wm,RTOPSIS,7,39,1055.4125000053318,True,8.793134312901074e-07
wm,RTOPSIS,7,40,1147.5638999982039,True,8.793134312901074e-07
wm,RTOPSIS,7,41,1061.275600004592,True,8.793134312901074e-07
wm,RTOPSIS,7,42,1051.8482999905245,True,8.793134312901074e-07
wm,RTOPSIS,7,43,1146.505699987756,True,8.793134312901074e-07
wm,RTOPSIS,7,44,1106.0310999891954,True,8.793134312901074e-07
wm,RTOPSIS,7,45,1078.2674000074621,True,8.793134312901074e-07
wm,RTOPSIS,7,46,1094.3972000095528,True,8.793134312901074e-07
wm,RTOPSIS,7,47,1121.0333000053652,True,8.793134312901074e-07
wm,RTOPSIS,7,48,1073.8139000022784,True,8.793134312901074e-07
wm,RTOPSIS,7,49,1090.698700005305,True,8.793134312901074e-07
wm,RTOPSIS,7,50,1078.0089000036241,True,8.793134312901074e-07
wm,RTOPSIS,7,51,1105.2281000011135,True,8.793134312901074e-07
wm,RTOPSIS,7,52,1072.4848000099882,True,8.793134312901074e-07
wm,RTOPSIS,7,53,1121.47690000711,True,8.793134312901074e-07
wm,RTOPSIS,7,54,1107.9220999963582,True,8.793134312901074e-07
wm,RTOPSIS,7,55,1086.739899998065,True,8.793134312901074e-07
wm,RTOPSIS,7,56,1080.9250999882352,True,8.793134312901074e-07
wm,RTOPSIS,7,57,1029.8312999948394,True,8.793134312901074e-07
wm,RTOPSIS,7,58,1091.377899996587,True,8.793134312901074e-07
wm,RTOPSIS,7,59,1114.4813999999315,True,8.793134312901074e-07
wm,RTOPSIS,7,60,1107.657200001995,True,8.793134312901074e-07
wm,RTOPSIS,7,61,1106.5038999950048,True,8.793134312901074e-07
wm,RTOPSIS,7,62,1114.9793999938993,True,8.793134312901074e-07
wm,RTOPSIS,7,63,1080.1083999976981,True,8.793134312901074e-07
wm,RTOPSIS,7,64,1072.9651000001468,True,8.793134312901074e-07
wm,RTOPSIS,7,65,1130.181700005778,True,8.793134312901074e-07
wm,RTOPSIS,7,66,1134.3624000001,True,8.793134312901074e-07
wm,RTOPSIS,7,67,1111.7459000088274,True,8.793134312901074e-07
wm,RTOPSIS,7,68,1125.8225000055972,True,8.793134312901074e-07
wm,RTOPSIS,7,69,1121.8551000056323,True,8.793134312901074e-07
wm,RTOPSIS,7,70,1137.6381000009133,True,8.793134312901074e-07
wm,RTOPSIS,7,71,1047.4963000015123,True,8.793134312901074e-07
wm,RTOPSIS,7,72,1092.1139999991283,True,8.793134312901074e-07
wm,RTOPSIS,7,73,1044.7277999919606,True,8.793134312901074e-07
wm,RTOPSIS,7,74,1085.4972999950405,True,8.793134312901074e-07
wm,RTOPSIS,7,75,1115.8880000002682,True,8.793134312901074e-07
wm,RTOPSIS,7,76,1096.0021000064444,True,8.793134312901074e-07
wm,RTOPSIS,7,77,1119.210999997449,True,8.793134312901074e-07
wm,RTOPSIS,7,78,1062.8938999871025,True,8.793134312901074e-07
wm,RTOPSIS,7,79,1120.0422999972943,True,8.793134312901074e-07
wm,RTOPSIS,7,80,1102.080399999977,True,8.793134312901074e-07
wm,RTOPSIS,7,81,1066.7947000038112,True,8.793134312901074e-07
wm,RTOPSIS,7,82,1045.0547999935225,True,8.793134312901074e-07
wm,RTOPSIS,7,83,1127.8343000012683,True,8.793134312901074e-07
wm,RTOPSIS,7,84,1120.531699998537,True,8.793134312901074e-07
wm,RTOPSIS,7,85,1128.940100010368,True,8.793134312901074e-07
wm,RTOPSIS,7,86,1104.3697999994038,True,8.793134312901074e-07
wm,RTOPSIS,7,87,1028.798800005461,True,8.793134312901074e-07
wm,RTOPSIS,7,88,1082.9547000030288,True,8.793134312901074e-07
wm,RTOPSIS,7,89,1037.3583000036888,True,8.793134312901074e-07
wm,RTOPSIS,7,90,1011.7005000065546,True,8.793134312901074e-07
wm,RTOPSIS,7,91,1081.6440999915358,True,8.793134312901074e-07
wm,RTOPSIS,7,92,1054.3580999947153,True,8.793134312901074e-07
wm,RTOPSIS,7,93,1108.2152000017231,True,8.793134312901074e-07
wm,RTOPSIS,7,94,1090.9768999990774,True,8.793134312901074e-07
wm,RTOPSIS,7,95,1041.173500008881,True,8.793134312901074e-07
wm,RTOPSIS,7,96,1024.1250999970362,True,8.793134312901074e-07
wm,RTOPSIS,7,97,1109.0517000120599,True,8.793134312901074e-07
wm,RTOPSIS,7,98,1033.568099999684,True,8.793134312901074e-07
wm,RTOPSIS,7,99,1136.640000011539,True,8.793134312901074e-07
wm,RTOPSIS,7,100,1135.434499999974,True,8.793134312901074e-07
wm,RTOPSIS,7,101,1105.9078999969643,True,8.793134312901074e-07
wm,RTOPSIS,7,102,1093.2325000030687,True,8.793134312901074e-07
wm,RTOPSIS,7,103,1067.3886000004131,True,8.793134312901074e-07
wm,RTOPSIS,7,104,1026.1869999958435,True,8.793134312901074e-07
wm,RTOPSIS,7,105,1051.3567999878433,True,8.793134312901074e-07
wm,RTOPSIS,7,106,1080.903699999908,True,8.793134312901074e-07
wm,RTOPSIS,7,107,1111.4364999957616,True,8.793134312901074e-07
wm,RTOPSIS,7,108,1094.0954999969108,True,8.793134312901074e-07
wm,RTOPSIS,7,109,1101.7719999945257,True,8.793134312901074e-07
wm,RTOPSIS,7,110,1097.6615000108723,True,8.793134312901074e-07
wm,RTOPSIS,7,111,1047.3392999992939,True,8.793134312901074e-07
wm,RTOPSIS,7,112,1049.940199998673,True,8.793134312901074e-07
wm,RTOPSIS,7,113,1090.2423999941675,True,8.793134312901074e-07
wm,RTOPSIS,7,114,1088.642799993977,True,8.793134312901074e-07
wm,RTOPSIS,7,115,1077.3259000125108,True,8.793134312901074e-07
wm,RTOPSIS,7,116,1056.595300004119,True,8.793134312901074e-07
wm,RTOPSIS,7,117,1071.7952999984846,True,8.793134312901074e-07
wm,RTOPSIS,7,118,1082.9718000022694,True,8.793134312901074e-07
wm,RTOPSIS,7,119,1067.043699993519,True,8.793134312901074e-07
wm,RTOPSIS,7,120,1077.9343000031076,True,8.793134312901074e-07
wm,RTOPSIS,7,121,1076.2705999950413,True,8.793134312901074e-07
wm,RTOPSIS,7,122,1078.2824000052642,True,8.793134312901074e-07
wm,RTOPSIS,7,123,1100.6704000028549,True,8.793134312901074e-07
wm,RTOPSIS,7,124,1105.606800003443,True,8.793134312901074e-07
wm,RTOPSIS,7,125,1070.824199996423,True,8.793134312901074e-07
wm,RTOPSIS,7,126,1117.9948999924818,True,8.793134312901074e-07
wm,RTOPSIS,7,127,1103.9201999956276,True,8.793134312901074e-07
wm,RTOPSIS,7,128,1058.725199996843,True,8.793134312901074e-07
wm,RTOPSIS,7,129,1093.886599992402,True,8.793134312901074e-07
wm,RTOPSIS,7,130,1060.9108000062406,True,8.793134312901074e-07
wm,RTOPSIS,7,131,1089.4314000033773,True,8.793134312901074e-07
wm,RTOPSIS,7,132,1078.7797999946633,True,8.793134312901074e-07
wm,RTOPSIS,7,133,1100.5441000015708,True,8.793134312901074e-07
wm,RTOPSIS,7,134,1076.9186999968952,True,8.793134312901074e-07
wm,RTOPSIS,7,135,1130.7708999956958,True,8.793134312901074e-07
wm,RTOPSIS,7,136,1127.6179999986198,True,8.793134312901074e-07
wm,RTOPSIS,7,137,1121.0264999972424,True,8.793134312901074e-07
wm,RTOPSIS,7,138,1174.5666999922832,True,8.793134312901074e-07
wm,RTOPSIS,7,139,1146.4899999991758,True,8.793134312901074e-07
wm,RTOPSIS,7,140,1114.4354999996722,True,8.793134312901074e-07
wm,RTOPSIS,7,141,1133.796900001471,True,8.793134312901074e-07
wm,RTOPSIS,7,142,1107.0967999985442,True,8.793134312901074e-07
wm,RTOPSIS,7,143,1029.9730999977328,True,8.793134312901074e-07
wm,RTOPSIS,7,144,1100.224399997387,True,8.793134312901074e-07
wm,RTOPSIS,7,145,1110.8715000009397,True,8.793134312901074e-07
wm,RTOPSIS,7,146,1102.292799987481,True,8.793134312901074e-07
wm,RTOPSIS,7,147,1121.5382999944268,True,8.793134312901074e-07
wm,RTOPSIS,7,148,1088.0677999957697,True,8.793134312901074e-07
wm,RTOPSIS,7,149,1116.4376999950036,True,8.793134312901074e-07
wm,RTOPSIS,7,150,1091.638600002625,True,8.793134312901074e-07
wm,RTOPSIS,7,151,1135.3650000091875,True,8.793134312901074e-07
wm,RTOPSIS,7,152,1043.0838000029325,True,8.793134312901074e-07
wm,RTOPSIS,7,153,1063.3393000025535,True,8.793134312901074e-07
wm,RTOPSIS,7,154,1085.9920999937458,True,8.793134312901074e-07
wm,RTOPSIS,7,155,1101.8552000023192,True,8.793134312901074e-07
wm,RTOPSIS,7,156,1094.7078000026522,True,8.793134312901074e-07
wm,RTOPSIS,7,157,1080.3000000014435,True,8.793134312901074e-07
wm,RTOPSIS,7,158,1097.743399994215,True,8.793134312901074e-07
wm,RTOPSIS,7,159,1106.005900001037,True,8.793134312901074e-07
wm,RTOPSIS,7,160,1084.1895999910776,True,8.793134312901074e-07
wm,RTOPSIS,7,161,1124.8576000070898,True,8.793134312901074e-07
wm,RTOPSIS,7,162,1082.097899998189,True,8.793134312901074e-07
wm,RTOPSIS,7,163,1029.4907000061357,True,8.793134312901074e-07
wm,RTOPSIS,7,164,1056.0019000113243,True,8.793134312901074e-07
wm,RTOPSIS,7,165,1069.8196000012103,True,8.793134312901074e-07
wm,RTOPSIS,7,166,1075.2116000076057,True,8.793134312901074e-07
wm,RTOPSIS,7,167,1074.0737000014633,True,8.793134312901074e-07
wm,RTOPSIS,7,168,1045.655900001293,True,8.793134312901074e-07
wm,RTOPSIS,7,169,1035.2945999911753,True,8.793134312901074e-07
wm,RTOPSIS,7,170,1107.4212999956217,True,8.793134312901074e-07
wm,RTOPSIS,7,171,1047.7272999996785,True,8.793134312901074e-07
wm,RTOPSIS,7,172,1068.0782999988878,True,8.793134312901074e-07
wm,RTOPSIS,7,173,1055.5276999948546,True,8.793134312901074e-07
wm,RTOPSIS,7,174,1069.7555000078864,True,8.793134312901074e-07
wm,RTOPSIS,7,175,1085.0582999992184,True,8.793134312901074e-07
wm,RTOPSIS,7,176,1101.47350000625,True,8.793134312901074e-07
wm,RTOPSIS,7,177,1098.7454999994952,True,8.793134312901074e-07
wm,RTOPSIS,7,178,1097.4775999929989,True,8.793134312901074e-07
wm,RTOPSIS,7,179,1142.241199995624,True,8.793134312901074e-07
wm,RTOPSIS,7,180,1115.2677000063704,True,8.793134312901074e-07
wm,RTOPSIS,7,181,1079.9049000052037,True,8.793134312901074e-07
wm,RTOPSIS,7,182,1032.0208000048297,True,8.793134312901074e-07
wm,RTOPSIS,7,183,1074.3378999904962,True,8.793134312901074e-07
wm,RTOPSIS,7,184,1072.4285999895073,True,8.793134312901074e-07
wm,RTOPSIS,7,185,1051.8064999923809,True,8.793134312901074e-07
wm,RTOPSIS,7,186,1092.3802999895997,True,8.793134312901074e-07
wm,RTOPSIS,7,187,1073.9166999992449,True,8.793134312901074e-07
wm,RTOPSIS,7,188,1123.5089999972843,True,8.793134312901074e-07
wm,RTOPSIS,7,189,1119.2905999923823,True,8.793134312901074e-07
wm,RTOPSIS,7,190,1031.3505999947665,True,8.793134312901074e-07
wm,RTOPSIS,7,191,1143.8131000031717,True,8.793134312901074e-07
wm,RTOPSIS,7,192,1117.4882000050275,True,8.793134312901074e-07
wm,RTOPSIS,7,193,1124.968699994497,True,8.793134312901074e-07
wm,RTOPSIS,7,194,1161.56389999378,True,8.793134312901074e-07
wm,RTOPSIS,7,195,1094.220699989819,True,8.793134312901074e-07
wm,RTOPSIS,7,196,1121.8532000057166,True,8.793134312901074e-07
wm,RTOPSIS,7,197,1133.3482000045478,True,8.793134312901074e-07
wm,RTOPSIS,7,198,1058.089399986784,True,8.793134312901074e-07
wm,RTOPSIS,7,199,1031.7864999960875,True,8.793134312901074e-07
