rank,name,typ,wsk,ind_01,ind_02,ind_03,ind_04,ind_05,ind_06,ind_07,ind_08,ind_09,ind_10,ind_11,ind_12,ind_13,ind_14,ind_15,ind_16,ind_17,ind_18,ind_19,ind_20,ind_21,ind_22,ind_23,ind_24,ind_25,ind_26,ind_27,ind_28,ind_29,year,canonical,ind_30,ind_31
1,Uniwersytet Warszawski,,100.0,87.86,92.12,75.04,89.53,78.42,96.0,88.89,4.89,33.53,100.0,55.01,34.69,51.19,48.65,60.51,58.29,49.0,100.0,59.24,100.0,72.22,9.43,21.26,73.88,58.99,49.26,33.51,94.69,100.0,2022,,,
2,Uniwersytet Jagielloński w Krakowie,,99.4,100.0,100.0,69.89,100.0,69.84,100.0,100.0,3.88,49.29,73.98,32.8,34.66,52.76,52.24,68.03,58.29,51.0,89.46,66.61,74.02,77.78,11.13,28.95,67.44,35.01,40.67,40.73,100.0,100.0,2022,,,
3,Politechnika Warszawska,,84.0,57.63,51.56,86.54,76.5,50.73,52.0,48.15,13.77,17.16,64.68,55.72,35.29,58.54,68.86,37.07,35.18,50.43,76.87,52.49,51.18,88.89,16.23,23.53,54.21,15.72,23.42,25.72,91.15,100.0,2022,Politechnika Warszawska,,
4=,Uniwersytet im. Adama Mickiewicza w Poznaniu,,80.9,51.79,44.95,65.53,86.59,84.59,88.0,85.19,7.14,3.23,85.3,33.72,41.9,60.09,37.99,46.43,42.71,38.11,90.48,58.45,59.84,66.67,4.94,20.01,63.31,45.08,24.56,27.15,65.49,100.0,2022,,,
4=,Akademia Górniczo-Hutnicza im. Stanisława Staszica w Krakowie,,80.5,47.5,48.71,78.72,89.0,63.25,52.0,59.26,11.92,26.44,78.5,45.6,36.95,58.15,67.08,39.07,39.2,52.44,85.03,62.49,47.24,38.89,1.57,5.45,56.03,17.09,14.01,33.08,41.59,100.0,2022,AGH,,
6,Politechnika Gdańska,,78.4,26.02,36.0,78.42,88.78,57.48,44.0,48.15,20.89,100.0,67.34,49.53,37.98,51.91,75.43,39.71,38.69,32.66,81.29,49.59,31.5,52.78,5.26,15.14,55.04,16.27,20.02,39.43,53.1,100.0,2022,Politechnika Gdanska,,
7=,Gdański Uniwersytet Medyczny,,72.8,14.55,14.45,73.45,99.17,60.83,12.0,11.11,2.6,20.27,16.78,33.43,58.65,90.34,67.33,71.34,59.8,38.68,66.67,77.91,11.02,8.33,41.61,53.59,57.85,0.0,21.43,19.21,67.26,0.0,2022,,,
7=,Politechnika Wrocławska,,72.6,40.34,36.42,78.99,84.35,45.01,44.0,44.44,22.87,8.24,67.72,42.73,36.86,50.46,62.67,29.02,30.65,32.95,63.61,46.42,29.92,72.22,4.99,14.35,49.42,16.21,15.47,25.15,59.29,100.0,2022,Politechnika Wroclawska,,
9,Uniwersytet Medyczny w Łodzi,,71.8,6.97,10.69,75.87,93.5,46.89,12.0,11.11,1.9,29.6,17.9,100.0,27.54,36.01,87.64,85.55,73.37,53.58,56.12,64.53,9.45,8.33,23.56,31.67,49.26,3.63,13.57,7.17,68.14,0.0,2022,,,
10=,Uniwersytet Wrocławski,,70.9,37.78,33.82,63.19,77.35,70.15,68.0,81.48,2.2,8.82,45.36,32.92,35.12,51.24,35.77,38.03,39.2,33.81,82.65,57.54,22.05,66.67,9.35,20.11,69.26,32.51,52.18,46.92,92.04,100.0,2022,,,
10=,Politechnika Łódzka,,70.4,12.5,27.08,77.24,82.17,53.27,40.0,48.15,19.07,25.55,50.16,42.54,27.13,39.49,69.87,38.37,33.67,37.82,65.65,59.86,21.26,100.0,2.43,8.74,48.6,19.23,68.63,65.76,34.51,100.0,2022,Politechnika Lodzka,,
12,Warszawski Uniwersytet Medyczny,,70.3,14.18,33.69,88.56,74.8,51.38,12.0,11.11,2.83,32.42,26.21,45.17,46.2,82.77,97.21,55.86,51.76,34.67,57.14,71.45,15.75,5.56,17.01,26.44,49.09,3.85,32.57,21.68,71.68,0.0,2022,,,
13=,Uniwersytet Mikołaja Kopernika w Toruniu,,68.9,19.69,35.16,65.41,84.0,71.13,96.0,96.3,2.7,2.41,71.93,29.25,33.26,58.11,40.48,44.77,41.21,33.52,62.24,63.76,50.39,22.22,7.27,15.68,60.66,21.48,14.63,30.78,53.1,100.0,2022,,,
13=,Politechnika Śląska,,68.6,24.67,29.39,71.42,82.57,65.75,40.0,40.74,24.99,28.23,75.69,34.58,32.36,46.48,58.61,27.7,33.67,32.95,56.8,59.0,26.77,66.67,7.78,9.52,36.2,15.25,9.78,16.64,56.64,100.0,2022,Politechnika Slaska,,
13=,Szkoła Główna Handlowa w Warszawie,,68.5,22.12,3.66,100.0,93.5,64.14,8.0,11.11,0.0,0.0,63.23,29.36,32.96,39.07,20.04,21.35,45.73,26.93,38.1,51.81,44.88,41.67,11.87,31.58,41.65,5.81,88.8,65.76,66.37,0.0,2022,,,
16=,Uniwersytet Gdański,,67.6,21.89,29.69,65.71,77.27,59.63,60.0,74.07,8.59,71.47,79.88,33.7,30.35,63.97,31.0,37.95,37.69,33.81,82.31,46.29,28.35,27.78,3.63,6.29,64.46,30.91,16.93,19.67,44.25,100.0,2022,,,
16=,Pomorski Uniwersytet Medyczny w Szczecinie,,67.4,2.77,5.23,74.18,89.25,72.25,8.0,7.41,2.89,0.0,17.36,41.42,32.73,69.64,73.25,99.02,89.95,71.35,56.12,61.18,3.15,8.33,31.4,39.97,47.93,1.96,11.3,8.49,46.9,0.0,2022,,,
16=,Uniwersytet Medyczny im. Karola Marcinkowskiego w Poznaniu,,67.3,10.9,13.66,76.22,85.0,66.76,12.0,11.11,0.77,0.0,23.65,34.37,49.5,100.0,76.9,53.24,44.22,32.09,54.42,84.2,14.17,8.33,32.9,40.37,48.43,1.73,11.31,12.18,54.87,0.0,2022,,,
16=,Akademia Leona Koźmińskiego w Warszawie,,67.1,30.7,8.4,72.41,85.0,57.74,12.0,14.81,0.0,0.0,41.83,13.98,33.86,38.94,32.85,28.39,44.22,34.96,78.23,23.76,53.54,58.33,21.66,44.4,67.27,69.83,96.21,100.0,68.14,0.0,2022,,,
20,Uniwersytet Medyczny im. Piastów Śląskich we Wrocławiu,,65.6,9.11,19.04,72.46,74.8,42.48,12.0,11.11,3.8,0.0,19.18,36.76,32.86,69.04,68.97,77.84,75.38,40.69,58.84,93.86,11.02,5.56,31.02,47.04,52.89,2.23,29.56,15.63,53.1,0.0,2022,,,
21=,Uniwersytet Medyczny w Białymstoku,,64.8,6.96,15.34,69.95,85.0,51.26,12.0,11.11,0.59,14.29,12.75,82.69,34.07,53.06,78.18,56.51,47.24,34.96,55.78,74.32,12.6,2.78,19.56,25.98,44.79,17.06,8.71,6.91,41.59,0.0,2022,,,
21=,Uniwersytet Medyczny w Lublinie,,64.6,5.42,8.67,72.75,82.88,45.37,12.0,11.11,7.9,3.27,12.93,33.07,41.24,79.88,70.46,48.31,45.23,36.96,45.58,86.02,18.9,30.56,44.65,53.61,40.99,2.14,8.08,5.73,61.06,0.0,2022,,,
23=,Politechnika Poznańska,,64.0,14.43,30.3,79.31,74.8,50.77,28.0,33.33,22.39,16.65,55.74,30.44,31.07,50.98,60.59,32.36,36.68,36.96,60.54,44.73,22.05,52.78,8.37,12.62,39.5,12.6,23.31,18.96,49.56,100.0,2022,Politechnika Poznanska,,
23=,Uniwersytet Łódzki,,63.7,14.36,26.64,63.78,76.5,66.63,68.0,74.07,11.22,8.99,79.68,37.36,29.12,46.39,30.62,35.26,34.67,39.83,68.71,54.07,18.11,27.78,7.51,25.25,50.74,26.65,13.85,58.28,61.95,100.0,2022,,,
25,Uniwersytet Przyrodniczy we Wrocławiu,,61.3,12.62,14.4,43.05,91.8,64.07,28.0,25.93,45.45,0.0,63.74,72.67,27.95,67.21,54.14,36.79,37.19,37.82,62.93,57.56,11.02,5.56,6.17,13.71,50.41,6.35,17.82,29.23,33.63,0.0,2022,,,
26,Uniwersytet Ekonomiczny w Poznaniu,,60.7,10.96,0.0,76.4,85.0,76.3,8.0,7.41,3.53,0.0,54.33,27.18,49.37,50.28,23.24,33.61,46.23,36.68,49.32,40.62,45.67,16.67,7.08,21.6,40.83,7.38,40.65,32.86,50.44,0.0,2022,,,
27,Uniwersytet Śląski w Katowicach,,59.8,14.1,21.65,56.01,74.38,75.86,72.0,81.48,13.09,0.0,58.26,35.47,34.26,45.82,34.2,33.58,31.16,37.25,85.03,58.1,9.45,27.78,1.22,10.64,53.88,20.85,14.35,15.82,30.97,100.0,2022,,,
28=,Uniwersytet Przyrodniczy w Poznaniu,,59.1,11.58,8.24,49.38,69.06,87.9,28.0,29.63,17.22,15.91,66.68,30.28,36.65,73.41,54.65,43.47,42.21,36.68,63.95,69.64,14.17,25.0,18.31,22.83,42.98,1.19,13.03,10.03,33.63,0.0,2022,,,
28=,Szkoła Główna Gospodarstwa Wiejskiego w Warszawie,,58.9,15.39,27.47,51.31,71.27,67.66,36.0,44.44,7.44,3.37,88.12,46.28,31.4,79.12,44.23,41.34,40.7,35.24,56.12,52.12,11.02,16.67,8.05,21.75,49.75,9.05,23.61,25.06,47.79,0.0,2022,,,
30=,Uniwersytet Opolski,,58.5,3.51,0.0,52.06,59.5,53.59,32.0,51.85,8.69,0.0,51.68,24.48,36.98,24.2,35.39,100.0,100.0,100.0,60.88,47.24,2.36,27.78,10.5,29.64,58.51,27.41,19.18,12.93,43.36,100.0,2022,,,
30=,SWPS Uniwersytet Humanistycznospołeczny w Warszawie,,58.2,15.64,7.53,67.3,93.5,46.93,12.0,22.22,0.0,0.0,29.28,14.22,52.58,47.32,57.7,38.43,47.74,34.96,78.23,16.5,15.75,13.89,9.37,23.16,80.17,28.38,11.16,5.02,74.34,0.0,2022,,,
32=,Politechnika Lubelska,,57.8,5.82,10.21,63.29,83.58,45.22,12.0,14.81,100.0,0.0,44.06,38.51,28.34,38.3,72.88,24.91,31.16,44.13,44.56,40.8,3.15,5.56,1.13,36.95,58.68,8.99,15.26,52.75,17.7,0.0,2022,Politechnika Lubelska,,
32=,Uniwersytet Warmińsko-Mazurski w Olsztynie,,57.7,12.88,20.05,53.86,68.5,69.42,64.0,81.48,9.09,0.0,75.3,33.42,34.27,48.5,41.28,31.77,35.68,32.95,54.08,61.61,45.67,16.67,5.23,7.36,40.83,11.18,10.82,18.99,46.9,0.0,2022,,,
32=,Politechnika Częstochowska,,57.6,2.53,9.13,60.59,72.25,59.17,24.0,25.93,15.7,11.43,64.34,39.39,21.38,55.05,60.53,46.47,49.75,43.27,37.76,81.73,7.87,11.11,3.38,20.99,51.9,13.56,3.78,58.7,23.89,0.0,2022,Politechnika Czestochowska,,
32=,Akademia WSB w Dąbrowie Górniczej,,57.5,3.3,0.0,73.17,59.5,59.26,4.0,11.11,0.0,0.0,60.65,29.97,51.22,16.1,40.15,32.34,55.28,41.83,20.07,10.36,20.47,77.78,57.02,72.92,90.58,70.07,15.12,12.48,57.52,0.0,2022,,,
32=,Politechnika Krakowska im. Tadeusza Kościuszki,,57.3,11.71,22.77,68.36,63.14,41.84,24.0,25.93,36.28,25.17,61.49,32.42,40.62,61.02,66.65,27.44,33.67,34.67,54.42,43.32,18.11,13.89,1.33,6.64,38.18,13.22,21.78,62.25,32.74,0.0,2022,Politechnika Krakowska,,
37=,Śląski Uniwersytet Medyczny w Katowicach,,56.6,3.46,8.84,73.13,74.8,47.98,12.0,11.11,3.91,9.23,17.83,30.24,38.12,81.85,64.69,48.8,42.21,32.66,44.22,66.87,9.45,5.56,10.89,15.39,40.99,1.3,13.48,13.42,45.13,0.0,2022,,,
37=,Akademia Ekonomiczno-Humanistyczna w Warszawie,,56.6,2.01,0.0,66.26,59.5,70.28,4.0,3.7,0.0,0.0,37.97,6.56,63.7,8.45,26.96,39.07,73.87,52.72,73.81,9.63,6.3,25.0,92.25,100.0,89.75,100.0,5.85,4.99,65.49,0.0,2022,,,
39,Zachodniopomorski Uniwersytet Technologiczny w Szczecinie,,55.9,4.55,11.21,65.19,59.5,72.24,32.0,44.44,59.49,12.45,59.97,32.18,23.44,32.38,53.68,36.59,39.2,34.38,50.0,82.02,5.51,5.56,2.07,11.55,36.86,6.81,10.98,62.96,20.35,0.0,2022,ZUT,,
40=,Uniwersytet Marii Curie-Skłodowskiej w Lublinie,,55.1,11.0,18.48,49.31,64.14,76.02,60.0,81.48,10.33,7.3,54.98,31.75,29.27,60.41,30.65,35.05,31.16,37.82,72.45,54.75,16.54,19.44,3.18,31.43,49.42,14.55,7.96,9.88,48.67,0.0,2022,,,
40=,Uczelnia Łazarskiego w Warszawie,,54.8,5.48,0.0,72.61,72.25,23.39,4.0,3.7,0.0,0.0,11.34,29.06,100.0,24.88,45.89,18.45,33.67,30.09,31.63,17.85,11.02,41.67,37.0,85.28,40.5,56.58,16.54,9.12,57.52,0.0,2022,,,
42=,Uniwersytet w Białymstoku,,54.1,2.95,9.35,53.14,70.83,65.17,28.0,40.74,8.09,12.95,35.65,17.82,32.15,38.44,25.21,87.63,74.37,54.15,81.97,55.22,4.72,0.0,0.0,17.32,59.17,17.39,15.03,24.39,8.85,0.0,2022,,,
42=,Uniwersytet Kardynała Stefana Wyszyńskiego w Warszawie,,54.0,6.74,0.0,65.76,67.15,81.41,40.0,51.85,8.31,18.15,45.56,40.19,36.06,42.78,22.83,36.05,46.23,42.98,56.12,53.08,0.0,8.33,1.15,7.92,55.7,15.95,3.13,3.97,27.43,0.0,2022,,,
42=,Społeczna Akademia Nauk z siedzibą w Łodzi,,53.6,1.19,0.0,69.69,51.0,9.0,0.0,11.11,0.0,0.0,30.66,61.26,35.17,5.19,71.01,41.94,73.37,47.28,99.32,8.22,1.57,36.11,29.81,42.41,100.0,38.1,8.88,2.04,43.36,0.0,2022,,,
45=,Uniwersytet Ekonomiczny we Wrocławiu,,52.9,9.41,0.0,76.26,65.88,64.09,8.0,11.11,0.5,0.0,61.47,34.85,41.03,40.48,22.67,20.38,31.66,34.96,42.52,37.92,28.35,19.44,3.25,12.93,37.69,4.9,21.03,46.12,31.86,0.0,2022,,,
45=,Polsko-Japońska Akademia Technik Komputerowych w Warszawie,,52.8,5.94,0.0,73.46,59.5,19.41,4.0,11.11,3.27,0.0,7.18,35.52,62.78,52.72,100.0,28.37,40.7,40.11,41.16,9.23,0.0,16.67,30.38,65.45,42.15,44.48,6.78,3.36,61.95,0.0,2022,PJATK,,
47=,Uniwersytet Ekonomiczny w Krakowie,,52.3,9.49,0.0,73.53,69.7,45.32,12.0,14.81,0.32,0.0,57.6,14.58,31.78,47.72,15.07,25.2,37.19,35.24,45.92,34.44,45.67,19.44,3.83,17.99,34.21,8.48,44.91,68.52,32.74,0.0,2022,,,
47=,Uniwersytet Zielonogórski,,52.0,3.14,14.1,65.27,61.63,54.08,28.0,62.96,3.21,0.0,50.99,18.38,23.8,14.42,49.85,86.29,60.8,39.26,64.29,63.24,0.0,2.78,0.31,3.36,68.6,18.55,11.02,23.13,10.62,0.0,2022,,,
47=,Uniwersytet Rolniczy im. Hugona Kołłątaja w Krakowie,,51.9,7.48,8.14,43.66,66.79,82.91,24.0,29.63,15.79,18.35,69.75,22.96,26.77,68.29,50.19,37.83,40.2,34.96,73.47,64.25,0.0,11.11,0.94,5.05,43.64,8.61,10.19,17.41,17.7,0.0,2022,,,
47=,Wojskowa Akademia Techniczna im. J. Dąbrowskiego w Warszawie,,51.8,8.3,0.0,79.65,69.06,32.64,24.0,25.93,5.22,0.0,23.6,43.44,17.66,29.05,66.87,20.3,23.12,36.1,51.36,84.58,3.15,0.0,0.0,2.31,31.57,3.97,15.8,11.64,5.31,0.0,2022,WAT,,
47=,Katolicki Uniwersytet Lubelski Jana Pawła II,,51.8,10.5,0.0,57.6,62.69,75.64,44.0,40.74,0.0,0.0,41.29,37.2,32.92,40.44,18.04,25.51,37.69,42.69,51.36,65.54,1.57,25.0,3.25,29.25,38.18,32.7,14.91,20.84,26.55,0.0,2022,,,
52-60,Akademia Finansów i Biznesu Vistula,,,2.46,0.0,79.93,59.5,43.06,0.0,11.11,0.0,0.0,18.1,19.46,32.79,5.93,26.52,23.59,33.17,24.36,51.36,8.52,9.45,33.33,100.0,100.0,38.84,87.34,23.77,6.88,96.46,0.0,2022,,,
52-60,AWF im. Jerzego Kukuczki w Katowicach,,,1.57,0.0,55.69,85.0,31.42,4.0,3.7,11.56,0.0,8.33,56.76,26.24,56.32,82.52,33.75,34.67,34.96,43.88,38.08,0.0,0.0,0.0,0.74,69.09,14.83,30.18,35.04,1.77,0.0,2022,,,
52-60,Collegium Civitas w Warszawie,,,5.16,0.0,75.45,59.5,28.83,0.0,3.7,0.0,0.0,3.81,16.67,42.27,0.0,27.58,16.17,32.16,25.21,67.01,13.17,1.57,52.8,37.9,86.97,57.52,46.49,31.21,36.07,57.52,0.0,2022,,,
52-60,Politechnika Białostocka,,,3.36,3.37,61.37,63.14,52.75,20.0,29.63,15.89,29.09,53.89,25.01,36.51,33.87,61.49,21.93,26.63,27.79,43.2,51.1,12.6,19.44,8.37,10.62,34.21,20.65,14.9,72.92,21.24,0.0,2022,Politechnika Bialostocka,,
52-60,Politechnika Rzeszowska im. Ignacego Łukasiewicza,,,5.82,16.34,60.21,63.75,44.01,16.0,25.93,34.23,5.03,46.22,37.23,33.57,39.79,38.89,29.17,36.18,35.24,42.86,41.74,12.6,0.0,1.5,3.23,37.19,11.48,1.67,6.17,3.54,0.0,2022,Politechnika Rzeszowska,,
52-60,Politechnika Świętokrzyska w Kielcach,,,2.01,0.0,56.9,64.6,41.33,16.0,14.81,24.57,43.72,36.85,50.51,28.32,41.51,82.12,14.18,23.12,26.07,21.43,49.53,3.15,5.56,3.13,10.51,24.13,10.75,7.64,20.69,20.35,0.0,2022,Politechnika Swietokrzyska,,
52-60,Uniwersytet Ekonomiczny w Katowicach,,,3.46,0.0,68.16,78.63,58.84,8.0,7.41,0.0,0.0,45.01,16.82,39.98,59.44,19.8,22.59,32.16,34.96,39.46,30.89,22.05,25.0,3.68,7.52,30.41,2.05,18.92,23.54,41.59,0.0,2022,,,
52-60,Uniwersytet Przyrodniczy w Lublinie,,,5.9,3.09,38.61,68.0,82.28,20.0,25.93,24.96,0.0,56.89,31.64,28.93,72.87,64.68,29.39,31.16,34.67,50.68,58.16,6.3,2.78,0.52,6.94,31.9,1.42,15.64,7.83,12.39,0.0,2022,,,
52-60,Uniwersytet Szczeciński,,,3.25,0.0,59.0,64.6,64.03,52.0,59.26,0.82,0.0,64.81,21.44,27.93,41.97,23.88,27.36,38.69,28.65,48.98,56.37,4.72,13.89,2.45,14.21,49.75,28.55,7.34,12.76,34.51,0.0,2022,,,
61-70,Akademia Pedagogiki Specjalnej im. M. Grzegorzewskiej w Warszawie,,,4.2,0.0,75.2,59.5,41.97,4.0,11.11,0.0,0.0,24.16,25.55,12.92,31.22,10.6,30.6,52.26,32.09,72.79,40.91,1.57,0.0,0.0,2.36,49.26,2.82,8.4,12.81,7.96,0.0,2022,,,
61-70,Akademia Wychowania Fizycznego i Sportu w Gdańsku,,,0.57,0.0,59.79,68.0,27.08,4.0,3.7,0.0,0.0,7.55,18.04,20.0,47.27,89.29,35.34,36.68,36.96,32.65,40.51,0.0,5.56,6.28,10.7,79.67,22.78,21.21,34.85,9.73,0.0,2022,,,
61-70,Politechnika Bydgoska im. J. i J. Śniadeckich,,,1.01,0.0,68.12,55.86,51.75,12.0,29.63,34.56,10.06,47.26,30.61,30.2,32.23,41.37,30.5,38.19,33.52,46.94,51.49,0.0,0.0,0.0,2.42,41.82,17.88,4.66,32.06,5.31,0.0,2022,Politechnika Bydgoska,,
61-70,Politechnika Koszalińska,,,1.21,0.0,60.22,55.86,48.48,12.0,18.52,23.03,19.41,37.81,33.32,31.98,19.59,43.33,28.91,46.23,34.96,42.18,57.66,0.0,0.0,0.0,6.2,57.85,26.96,6.15,16.71,5.31,0.0,2022,Politechnika Koszalinska,,
61-70,Politechnika Opolska,,,1.81,0.0,62.07,55.25,52.69,12.0,11.11,15.33,18.65,36.65,27.35,31.5,35.53,59.73,28.02,35.18,32.38,52.04,52.92,3.15,5.56,2.43,21.03,44.63,31.08,15.82,26.96,10.62,0.0,2022,Politechnika Opolska,,
61-70,Uniwersytet Humanistyczno-Przyrod. im. J. Długosza w Częstochowie,,,0.46,0.0,48.31,59.5,62.51,4.0,29.63,15.22,97.5,23.5,22.82,40.54,9.97,30.51,38.9,32.66,38.11,62.59,44.38,0.0,0.0,1.97,13.62,79.17,12.87,8.86,56.2,3.54,0.0,2022,,,
61-70,Uniwersytet Kazimierza Wielkiego w Bydgoszczy,,,2.03,0.0,60.17,66.79,56.7,20.0,33.33,6.36,30.56,45.47,18.62,24.01,23.59,27.24,21.69,28.64,33.52,35.71,51.56,0.0,0.0,0.0,7.56,52.73,22.86,4.05,8.85,8.85,0.0,2022,,,
61-70,Uniwersytet Morski w Gdyni,,,1.14,0.0,63.49,53.13,34.9,8.0,14.81,4.71,47.64,41.51,49.15,19.38,24.28,42.04,22.81,32.66,25.5,53.4,40.48,0.0,0.0,0.0,8.07,22.98,15.83,31.75,20.66,7.96,0.0,2022,Uniwersytet Morski w Gdyni,,
61-70,Uniwersytet Pedagogiczny im. KEN w Krakowie,,,2.38,3.17,55.7,77.71,51.84,24.0,48.15,1.27,0.0,49.97,18.24,23.79,28.11,17.51,22.97,32.66,33.24,55.1,41.66,6.3,0.0,0.0,7.91,57.36,24.4,11.61,11.51,20.35,0.0,2022,,,
61-70,Uniwersytet Rzeszowski,,,2.86,5.0,47.36,61.63,54.42,24.0,66.67,11.62,0.0,45.63,45.9,31.93,24.47,46.61,34.18,33.67,39.54,51.02,44.56,0.0,2.78,1.11,4.76,53.39,16.82,1.12,0.44,20.35,0.0,2022,,,
71-80,Akademia Morska w Szczecinie,,,1.74,0.0,57.1,59.5,29.5,8.0,7.41,11.3,0.0,29.5,17.42,4.31,3.21,31.76,33.53,41.21,38.97,53.06,40.82,7.87,5.56,6.96,45.04,31.4,14.64,8.29,2.82,16.81,0.0,2022,Politechnika Morska w Szczecinie,,
71-80,Akademia Pomorska w Słupsku,,,0.59,0.0,60.32,54.4,39.45,0.0,14.81,0.0,0.0,33.58,17.61,20.67,12.34,15.76,36.03,39.2,31.52,46.26,49.55,0.0,2.78,4.47,60.91,49.26,25.44,0.87,68.7,16.81,0.0,2022,,,
71-80,Akademia Wychowania Fizycznego im. E. Piaseckiego w Poznaniu,,,0.71,0.0,58.51,51.0,38.34,4.0,7.41,0.0,0.0,18.85,13.45,30.64,33.18,47.89,34.2,34.67,28.94,45.58,42.04,0.0,0.0,0.0,1.73,51.4,4.22,54.85,37.02,2.65,0.0,2022,,,
71-80,Akademia Wychowania Fizycznego Józefa Piłsudskiego w Warszawie,,,1.24,0.0,57.5,68.0,24.66,4.0,3.7,0.0,0.0,15.41,60.16,4.93,40.67,59.06,25.89,24.12,29.51,28.57,33.58,0.0,0.0,0.0,11.87,26.94,0.0,59.31,60.81,7.08,0.0,2022,,,
71-80,Akademia Wychowania Fizycznego we Wrocławiu,,,1.61,0.0,54.68,76.5,27.56,4.0,3.7,0.0,0.0,11.61,13.05,12.68,41.37,76.2,24.54,24.62,26.65,25.17,50.84,0.0,0.0,0.0,5.51,42.81,0.0,8.54,3.76,6.19,0.0,2022,,,
71-80,Dolnośląska Szkoła Wyższa we Wrocławiu,,,2.68,0.0,65.12,59.5,45.43,4.0,7.41,0.0,0.0,14.67,27.9,21.53,25.71,15.4,0.0,38.19,38.97,63.95,10.79,0.0,5.56,14.46,31.86,55.04,66.89,1.99,9.88,35.4,0.0,2022,,,
71-80,Uniwersytet Jana Kochanowskiego w Kielcach,,,2.06,4.65,52.25,63.14,61.86,16.0,51.85,9.69,0.0,35.97,13.32,29.04,26.13,29.34,30.59,29.15,32.95,48.64,51.53,9.45,5.56,2.5,9.97,51.07,25.18,5.8,11.39,33.63,0.0,2022,,,
71-80,Uniwersytet Papieski Jana Pawła II w Krakowie,,,2.77,0.0,57.78,68.0,88.89,12.0,18.52,0.0,0.0,3.58,7.78,50.1,56.09,5.23,5.07,18.09,21.78,22.79,54.95,6.3,2.78,0.51,14.67,20.5,3.77,13.83,13.5,18.58,0.0,2022,,,
71-80,Uniwersytet Przyrodniczo-Humanistyczny w Siedlcach,,,1.29,0.0,52.95,59.5,70.72,16.0,22.22,16.2,0.0,44.46,27.01,21.51,35.04,31.07,18.73,19.6,32.38,27.55,53.89,0.0,0.0,0.0,8.88,30.41,16.4,5.03,28.4,4.42,0.0,2022,,,
71-80,Wyższa Szkoła Bankowa w Poznaniu,,,3.35,0.0,70.23,34.0,15.66,0.0,3.7,0.0,0.0,25.8,15.44,47.93,0.0,47.82,33.54,55.78,44.7,72.11,5.95,11.02,19.44,5.25,13.49,28.93,4.46,4.33,3.44,51.33,0.0,2022,,,
80+,Akademia Ignatianum w Krakowie,,,2.8,0.0,52.89,59.5,46.44,0.0,14.81,0.0,0.0,14.94,26.0,40.16,9.59,9.49,28.3,33.67,26.65,47.62,45.78,6.3,0.0,0.0,3.52,43.31,14.04,18.93,38.71,6.19,0.0,2022,,,
80+,Akademia Katolicka w Warszawie,,,1.04,0.0,84.24,59.5,42.91,4.0,3.7,0.0,0.0,0.0,0.76,28.18,8.41,6.47,1.99,15.08,21.49,0.0,48.34,6.3,0.0,0.0,40.71,18.35,0.0,0.0,0.0,18.58,0.0,2022,,,
80+,Akademia Marynarki Wojennej im. Bohaterów Westerplatte w Gdyni,,,2.27,0.0,56.15,46.75,20.63,4.0,11.11,3.84,0.0,18.78,7.3,9.43,16.68,46.45,14.87,21.61,23.21,70.41,64.54,0.0,8.33,7.85,1.05,17.52,7.68,100.0,52.87,2.65,0.0,2022,,,
80+,Akademia Techniczno-Humanistyczna w Bielsku-Białej,,,0.88,0.0,62.71,54.4,54.18,4.0,11.11,8.34,0.0,33.3,14.23,10.16,8.22,35.79,27.18,31.66,36.1,32.65,44.88,0.0,2.78,0.21,2.28,51.74,32.76,1.43,35.11,4.42,0.0,2022,Uniwersytet Bielsko-Bialski,,
80+,Akademia Wychowania Fizycznego im. Bronisława Czecha w Krakowie,,,0.95,0.0,52.52,68.0,21.88,4.0,3.7,5.33,13.47,18.94,9.58,10.0,35.54,97.01,20.54,24.62,26.65,36.05,37.13,4.72,0.0,0.0,3.63,34.38,0.0,17.98,25.92,5.31,0.0,2022,,,
80+,Chrześcijańska Akademia Teologiczna w Warszawie,,,0.54,0.0,51.87,59.5,87.07,4.0,7.41,0.0,0.0,0.0,6.67,23.59,43.6,0.0,0.0,0.0,0.0,0.0,94.89,0.0,0.0,0.0,22.35,0.0,0.0,8.53,6.77,7.08,0.0,2022,,,
80+,Krakowska Akademia im. A. F. Modrzewskiego,,,3.97,0.0,56.27,42.5,31.8,4.0,11.11,0.0,0.0,22.35,3.79,33.37,8.57,19.4,25.89,29.65,28.94,35.03,27.55,6.3,13.89,8.06,67.63,47.6,7.41,8.4,13.59,38.05,0.0,2022,,,
80+,Papieski Wydział Teologiczny we Wrocławiu,,,1.08,0.0,65.48,59.5,100.0,4.0,3.7,0.0,0.0,0.0,5.25,0.0,0.0,4.49,0.36,2.01,16.05,0.0,100.0,0.0,0.0,0.0,10.64,0.0,0.0,0.0,0.0,6.19,0.0,2022,,,
80+,Uniwersytet Technologiczno-Human. im. K. Pułaskiego w Radomiu,,,0.22,0.0,61.22,46.75,59.07,8.0,22.22,18.63,0.0,27.63,14.83,35.07,14.64,30.12,23.25,30.65,31.23,31.63,53.62,0.0,0.0,0.0,4.25,47.11,16.18,7.46,8.29,7.08,0.0,2022,Uniwersytet Radomski,,
80+,Wyższa Szkoła Humanitas w Sosnowcu,,,0.45,0.0,68.23,46.75,45.53,0.0,3.7,0.0,0.0,0.0,10.81,82.67,0.0,0.0,0.0,0.0,0.0,0.0,19.39,0.0,22.22,39.47,51.81,0.0,83.9,5.25,16.66,6.19,0.0,2022,,,
91+,Akademia Humanistyczno-Ekonomiczna w Łodzi,,,1.31,0.0,75.67,0.0,16.44,0.0,3.7,0.0,0.0,3.68,8.26,13.98,0.0,6.7,9.75,14.07,24.93,47.62,13.03,0.0,11.11,2.2,18.81,14.05,9.94,3.86,8.06,39.82,0.0,2022,,,
91+,Akademia im. Jakuba z Paradyża w Gorzowie Wielkopolskim,,,0.24,0.0,55.8,40.38,52.34,0.0,3.7,8.59,0.0,0.0,7.67,21.14,4.01,0.0,0.0,0.0,0.0,0.0,59.06,0.0,0.0,0.0,10.1,0.0,13.1,0.0,3.46,2.65,0.0,2022,,,
91+,PWSZ im. Pr. S. Wojciechowskiego w Kaliszu,,,0.21,0.0,59.91,0.0,39.41,0.0,7.41,1.4,0.0,0.0,19.09,19.9,2.08,0.0,0.0,0.0,0.0,0.0,40.06,0.0,0.0,0.0,1.26,0.0,8.11,0.0,43.09,3.54,0.0,2022,,,
91+,Szkoła Główna Służby Pożarniczej,,,0.62,0.0,86.0,34.0,23.53,0.0,7.41,2.95,0.0,26.0,19.08,7.85,3.91,47.57,20.63,24.62,26.93,28.91,32.48,0.0,0.0,0.0,4.08,12.23,0.0,0.0,2.27,1.77,0.0,2022,,,
91+,Wyższa Szkoła Bankowa w Gdańsku,,,0.89,0.0,62.92,46.75,30.38,0.0,3.7,0.0,0.0,0.0,20.37,14.31,2.37,0.0,0.0,0.0,0.0,0.0,7.0,6.3,11.11,5.19,4.86,0.0,59.87,5.4,2.49,23.89,0.0,2022,,,
91+,Wyższa Szkoła Bankowa we Wrocławiu,,,1.67,0.0,71.71,34.0,27.35,0.0,3.7,0.0,0.0,0.0,1.39,17.35,9.21,0.0,0.0,0.0,0.0,0.0,6.6,0.0,11.11,1.68,24.73,0.0,28.35,13.22,2.56,42.48,0.0,2022,,,
1=,Uniwersytet Jagielloński w Krakowie,,100.0,100.0,100.0,48.98,71.39,77.68,100.0,100.0,2.84,31.62,99.18,78.05,56.66,40.91,48.84,46.67,46.72,48.67,77.04,73.77,58.82,34.25,5.52,66.78,17.42,1.52,2.14,100.0,34.05,32.17,2023,,100.0,
1=,Uniwersytet Warszawski,,99.6,98.89,92.51,57.32,77.05,85.63,93.2,90.57,1.98,11.7,100.0,52.51,38.96,30.29,45.29,42.6,48.91,46.9,85.5,65.57,100.0,22.81,4.86,72.34,29.48,4.63,1.59,100.0,50.93,24.32,2023,,91.3,
3,Politechnika Warszawska,,88.0,56.64,50.25,75.64,70.62,59.35,52.43,50.94,13.82,25.2,85.26,79.24,38.94,33.06,59.95,26.5,30.57,50.15,70.69,55.99,51.26,26.71,9.44,55.16,9.79,1.4,3.75,100.0,21.28,22.01,2023,Politechnika Warszawska,90.43,
4=,Uniwersytet im. Adama Mickiewicza w Poznaniu,,83.6,54.78,46.31,43.68,73.86,93.76,83.5,81.13,3.25,1.59,97.0,85.26,38.65,28.86,35.24,34.04,36.68,38.35,81.57,62.96,67.23,23.26,3.69,62.36,20.74,2.23,2.28,100.0,31.13,28.37,2023,,66.96,
4=,Akademia Górniczo-Hutnicza im. Stanisława Staszica w Krakowie,,83.1,48.55,49.72,61.33,67.12,71.26,54.37,52.83,11.5,25.6,93.8,65.96,49.32,33.58,58.28,30.58,34.93,56.93,80.66,68.31,50.42,6.83,0.96,59.74,7.74,4.4,0.43,100.0,20.47,28.34,2023,AGH,45.22,
6,Politechnika Gdańska,,80.9,25.98,37.34,60.59,84.8,68.86,42.72,47.17,20.92,100.0,77.04,46.8,32.48,36.93,68.13,33.67,36.68,35.69,83.08,48.66,36.97,19.41,3.89,63.67,11.32,7.93,9.56,100.0,20.9,24.47,2023,Politechnika Gdanska,48.7,
7,Warszawski Uniwersytet Medyczny,,75.2,18.0,23.5,77.37,71.43,59.87,11.65,11.32,3.61,19.07,41.59,46.9,65.39,71.86,94.47,41.55,45.85,34.81,48.94,70.94,15.13,25.74,8.54,50.25,2.1,2.81,0.0,0.0,29.23,10.04,2023,,67.83,
8,Politechnika Wrocławska,,74.2,38.47,37.04,60.65,78.22,51.38,44.66,46.23,16.46,7.0,84.53,37.97,45.41,40.78,55.65,23.42,27.95,33.63,60.12,49.41,38.66,17.74,3.32,53.52,8.83,29.66,0.0,100.0,21.34,14.8,2023,Politechnika Wroclawska,59.13,
9=,Gdański Uniwersytet Medyczny,,73.5,21.5,26.39,56.2,59.05,67.48,11.65,11.32,2.6,20.02,25.52,58.73,86.85,60.69,64.77,48.09,50.22,37.46,55.89,78.09,18.49,51.68,19.85,58.27,0.7,11.17,0.0,0.0,29.4,10.32,2023,,69.57,
9=,Politechnika Łódzka,,73.0,12.76,30.51,59.09,78.37,61.74,37.86,45.28,21.93,28.88,68.37,61.85,37.83,23.45,62.95,31.17,31.44,38.94,62.54,64.45,29.41,11.43,1.71,53.03,10.54,1.09,11.28,100.0,52.83,45.57,2023,Politechnika Lodzka,33.04,
11,Uniwersytet Medyczny w Łodzi,,72.5,13.12,27.08,59.59,69.97,55.18,11.65,11.32,2.58,25.66,28.97,62.22,56.41,37.91,87.83,68.08,68.56,56.93,48.34,65.1,11.76,30.93,12.2,51.39,2.3,8.73,0.0,0.0,15.34,9.43,2023,,72.17,
12=,Politechnika Poznańska,,71.3,13.95,32.17,62.63,76.4,57.76,29.13,33.96,20.39,7.61,67.93,78.15,35.99,34.66,56.76,25.81,32.75,38.35,58.61,45.78,23.53,18.0,6.98,43.7,5.68,26.8,3.9,100.0,21.97,21.82,2023,Politechnika Poznanska,56.52,
12=,Pomorski Uniwersytet Medyczny w Szczecinie,,71.2,2.39,5.96,54.29,73.71,82.12,8.74,8.49,4.18,0.0,16.8,57.18,77.44,70.6,70.84,89.8,86.46,74.34,47.43,59.0,0.0,38.22,15.3,46.81,0.67,4.03,0.0,0.0,8.47,3.46,2023,,49.57,
12=,Politechnika Śląska,,70.9,26.62,30.58,63.42,68.81,73.1,40.78,42.45,26.43,24.25,78.9,40.61,46.99,23.08,53.6,23.99,31.44,35.4,59.21,65.71,28.57,10.21,3.96,42.72,7.52,3.4,5.44,100.0,12.43,17.23,2023,Politechnika Slaska,49.57,
12=,Szkoła Główna Handlowa w Warszawie,,70.8,20.11,6.44,100.0,57.14,71.97,9.71,12.26,0.0,0.0,78.32,47.86,38.71,26.37,20.74,17.74,36.24,29.5,38.67,52.86,42.86,32.34,7.14,42.39,2.0,0.0,1.02,100.0,93.81,43.48,2023,,61.74,
16=,Uniwersytet Medyczny im. Karola Marcinkowskiego w Poznaniu,,70.4,10.74,22.03,59.06,61.15,73.98,11.65,11.32,0.57,0.0,29.74,55.0,82.13,100.0,73.57,42.81,41.48,33.04,50.15,84.44,15.13,35.75,14.63,48.61,2.4,1.81,0.0,0.0,14.34,6.63,2023,,53.91,
16=,Uniwersytet Medyczny im. Piastów Śląskich we Wrocławiu,,70.2,9.48,50.74,53.25,71.43,50.44,11.65,11.32,3.9,0.0,30.19,38.43,61.1,69.76,73.86,50.34,58.08,35.1,51.96,92.14,15.13,45.21,15.3,52.37,2.45,1.1,0.0,0.0,20.03,16.14,2023,,54.78,
16=,Uniwersytet Gdański,,70.1,33.05,31.32,54.77,62.78,65.81,64.08,73.58,5.62,38.22,93.36,46.16,37.52,31.08,31.34,29.97,34.06,35.69,73.72,52.73,30.25,8.49,2.37,65.14,13.18,5.65,1.42,100.0,19.95,17.56,2023,,41.74,
16=,Akademia Leona Koźmińskiego w Warszawie,,69.9,33.51,4.82,59.98,63.66,64.47,11.65,11.32,0.0,0.0,58.9,74.76,31.26,30.08,33.6,26.41,42.79,37.17,78.85,22.71,47.06,39.54,10.7,70.87,22.98,20.51,0.0,0.0,86.57,45.04,2023,,57.39,
19,Uniwersytet Wrocławski,,69.4,38.56,28.31,40.65,68.03,79.26,73.79,77.36,0.68,0.0,65.1,48.89,45.51,34.91,33.5,28.91,35.81,35.4,72.81,60.98,18.49,23.19,5.71,67.59,14.37,12.82,0.74,100.0,38.04,21.5,2023,,81.74,
20=,Uniwersytet Mikołaja Kopernika w Toruniu,,68.8,20.13,40.91,43.41,67.8,79.33,92.23,92.45,1.48,1.88,91.65,35.66,38.9,40.48,40.44,32.39,36.24,34.51,56.5,68.59,50.42,19.07,4.18,61.05,8.55,4.82,0.62,100.0,15.89,23.71,2023,,53.91,
20=,Uniwersytet Medyczny w Białymstoku,,68.4,7.76,17.83,51.24,75.43,72.76,11.65,11.32,2.01,0.0,18.32,65.78,71.14,68.22,71.11,43.83,43.67,37.76,50.76,76.21,16.81,27.33,10.4,46.48,6.81,5.63,0.0,0.0,4.81,2.92,2023,,49.57,
23,Uniwersytet Medyczny w Lublinie,,67.5,18.33,9.31,54.17,61.75,56.88,11.65,11.32,12.46,15.61,24.23,35.4,64.15,53.38,68.15,38.48,37.55,36.28,40.18,100.0,21.85,51.06,21.7,42.23,2.02,0.51,1.19,0.0,5.73,5.87,2023,,60.0,
24,Uniwersytet Opolski,,64.0,4.01,7.24,31.74,65.02,62.48,39.81,44.34,2.37,0.0,69.04,58.25,32.19,22.08,32.65,100.0,100.0,100.0,51.96,47.32,2.52,31.12,3.76,58.92,11.81,7.91,5.91,100.0,13.74,14.86,2023,,36.52,
25=,Politechnika Lubelska,,62.4,4.48,14.87,41.27,83.17,50.29,15.53,17.92,100.0,0.0,58.69,43.53,34.76,25.55,69.09,20.87,28.38,43.66,41.69,42.15,5.88,46.31,0.6,59.9,3.11,2.08,4.22,0.0,32.13,58.36,2023,Politechnika Lubelska,15.65,
25=,SWPS Uniwersytet Humanistycznospołeczny w Warszawie,,62.3,16.16,9.65,46.79,86.18,58.12,15.53,17.92,0.0,0.0,39.58,31.02,72.25,41.49,55.89,32.77,46.29,38.05,75.23,16.58,10.08,22.62,4.41,79.38,9.44,10.21,0.0,0.0,13.55,2.38,2023,,69.57,
25=,Uniwersytet Łódzki,,62.0,19.33,29.93,42.86,62.87,74.17,70.87,68.87,4.29,1.98,86.02,26.26,38.11,30.49,30.86,25.71,28.82,40.41,63.14,56.04,22.69,29.18,5.26,53.19,11.26,5.66,3.99,100.0,23.76,43.85,2023,,62.61,
25=,Politechnika Krakowska im. Tadeusza Kościuszki,,61.9,11.55,25.76,46.5,76.74,49.09,25.24,27.36,21.08,5.84,66.31,55.6,46.94,38.6,59.26,23.46,30.57,36.87,50.76,44.57,17.65,13.22,2.12,43.37,7.31,1.17,3.54,0.0,22.34,37.25,2023,Politechnika Krakowska,27.83,
29,Akademia WSB w Dąbrowie Górniczej,,61.8,3.0,0.0,46.55,74.93,74.45,6.8,9.43,0.0,0.0,74.9,27.78,71.79,20.43,41.28,30.09,47.6,48.08,20.85,9.38,21.85,95.6,38.03,97.71,26.35,20.35,32.66,0.0,24.16,10.9,2023,,62.61,
30=,Uniwersytet Śląski w Katowicach,,61.0,14.86,26.36,34.41,69.97,83.63,76.7,74.53,2.83,0.0,77.74,43.21,32.84,22.13,32.7,23.41,26.64,38.35,73.72,59.27,10.08,13.37,0.58,53.68,10.68,100.0,5.03,100.0,29.92,15.16,2023,,37.39,
30=,Szkoła Główna Gospodarstwa Wiejskiego w Warszawie,,60.9,19.56,33.53,36.33,60.62,75.17,39.81,44.34,5.28,3.12,83.36,55.81,30.83,29.64,41.47,34.72,37.55,37.76,55.59,51.79,16.81,23.09,4.56,52.21,3.88,2.92,8.26,100.0,17.27,19.08,2023,,55.65,
30=,Uniwersytet Przyrodniczy w Poznaniu,,60.8,12.13,20.51,26.75,70.17,100.0,29.13,31.13,11.43,13.6,71.67,45.05,59.88,35.73,52.9,36.0,37.55,38.35,59.52,75.11,15.13,20.07,7.99,44.68,1.24,0.83,1.44,0.0,12.79,7.92,2023,,33.91,
30=,Uniwersytet Przyrodniczy we Wrocławiu,,60.8,12.75,19.22,23.4,68.79,73.96,28.16,27.36,35.15,0.0,75.02,57.58,37.81,38.11,50.93,31.92,34.5,38.35,58.31,61.73,16.81,16.54,4.45,55.32,5.35,5.37,5.77,100.0,25.52,22.65,2023,,34.78,
34,Uniwersytet Ekonomiczny w Poznaniu,,60.1,12.96,0.0,67.14,57.14,83.71,7.77,7.55,0.7,0.0,72.24,49.48,32.19,32.27,25.59,27.54,39.3,37.17,55.89,39.74,36.97,26.97,4.62,44.84,3.89,0.0,7.16,0.0,32.81,21.24,2023,,55.65,
35=,Wojskowa Akademia Techniczna im. J. Dąbrowskiego w Warszawie,,58.7,3.95,0.0,54.58,61.43,44.74,24.27,26.42,6.52,20.36,45.13,80.32,31.37,22.19,56.99,17.74,20.96,37.17,51.66,93.44,10.92,2.77,0.06,33.39,1.36,0.68,0.87,0.0,13.66,5.38,2023,WAT,5.22,
35=,Uczelnia Łazarskiego w Warszawie,,58.5,14.5,0.0,53.01,71.22,40.75,6.8,6.6,0.0,0.0,18.12,42.17,100.0,15.57,39.16,17.63,31.0,28.91,27.49,18.9,11.76,85.43,24.46,41.41,21.3,21.39,0.0,0.0,9.4,10.63,2023,,53.91,
36=,Śląski Uniwersytet Medyczny w Katowicach,,57.8,4.2,15.64,56.81,57.14,55.22,11.65,11.32,6.72,11.11,29.09,32.28,54.69,68.08,63.12,32.25,39.3,31.56,40.18,67.39,15.13,14.94,5.47,42.39,0.67,1.35,0.0,0.0,14.77,5.24,2023,,46.96,
36=,Zachodniopomorski Uniwersytet Technologiczny w Szczecinie,,57.5,3.9,11.31,44.21,61.53,84.28,33.98,44.34,34.49,0.0,75.41,51.03,24.2,20.52,48.94,32.41,36.68,36.87,49.24,81.76,5.88,17.4,0.67,41.08,2.48,1.66,0.63,0.0,8.72,46.01,2023,ZUT,16.52,
41=,Akademia Ekonomiczno-Humanistyczna w Warszawie,,56.9,2.12,0.0,44.2,61.0,74.24,3.88,7.55,0.0,0.0,51.66,21.67,55.85,8.76,24.46,38.51,62.45,56.34,71.0,6.18,1.68,100.0,48.22,96.07,67.92,5.68,0.0,0.0,1.43,3.14,2023,,74.78,
41=,Uniwersytet Warmińsko-Mazurski w Olsztynie,,56.7,12.14,27.11,32.03,62.08,77.02,66.99,70.75,5.34,0.0,84.82,31.4,40.41,25.29,38.63,29.04,34.5,34.51,53.78,62.35,43.7,9.7,2.4,42.88,4.53,1.9,0.0,0.0,7.03,10.55,2023,,50.43,
41=,Uniwersytet Kardynała Stefana Wyszyńskiego w Warszawie,,56.7,5.86,0.0,43.04,67.0,86.77,46.6,45.28,1.21,5.13,57.21,62.76,53.85,27.61,22.69,39.29,49.78,43.07,49.24,50.23,0.0,7.71,0.38,56.96,8.01,1.69,0.0,0.0,12.66,9.12,2023,,28.7,
42=,Społeczna Akademia Nauk w Łodzi,,56.3,1.15,0.0,51.79,64.02,28.48,1.94,4.72,0.0,0.0,40.62,5.52,39.75,0.0,100.0,40.91,62.45,45.13,100.0,7.15,0.0,59.3,20.94,100.0,13.64,3.91,100.0,0.0,14.78,1.85,2023,,42.61,
42=,Akademia Finansów i Biznesu Vistula,,56.0,2.5,0.0,57.29,63.22,60.42,3.88,12.26,0.0,0.0,40.1,60.15,37.86,0.0,28.2,15.54,33.19,24.48,57.4,7.2,10.08,100.0,51.3,39.44,35.43,4.74,4.14,0.0,10.23,3.41,2023,,91.3,
42=,Politechnika Częstochowska,,55.9,9.82,9.31,38.61,55.85,63.67,23.3,25.47,17.48,13.65,64.2,32.28,23.74,39.14,56.13,34.98,39.74,44.25,35.35,79.04,8.4,36.07,3.73,54.17,3.88,4.87,0.0,0.0,9.64,48.37,2023,Politechnika Czestochowska,29.57,
45=,Uniwersytet Marii Curie-Skłodowskiej w Lublinie,,55.0,11.37,18.78,28.94,65.13,84.9,62.14,74.53,3.78,3.0,72.36,31.67,38.22,31.36,28.51,26.34,27.51,37.76,64.95,57.57,17.65,33.18,2.54,50.08,8.67,0.83,0.67,0.0,10.38,8.47,2023,,53.91,
45=,Polsko-Japońska Akademia Technik Komputerowych w Warszawie,,54.6,9.25,0.0,55.0,64.59,32.62,4.85,7.55,0.0,0.0,12.56,56.25,23.94,24.13,72.03,18.52,39.3,34.81,48.34,8.47,1.68,77.09,22.61,53.19,19.25,9.66,0.0,0.0,7.65,0.38,2023,PJATK,67.83,
47,Uniwersytet Rolniczy im. Hugona Kołłątaja w Krakowie,,54.0,7.49,8.71,23.25,64.85,92.45,26.21,28.3,10.2,11.38,76.02,49.73,42.47,29.27,46.18,30.68,35.37,36.87,68.58,68.94,0.0,7.12,1.05,46.81,3.01,21.58,1.68,0.0,13.7,12.98,2023,,25.22,
48=,Katolicki Uniwersytet Lubelski Jana Pawła II w Lublinie,,53.4,7.27,8.05,29.13,76.35,83.09,45.63,44.34,0.17,0.0,57.64,29.6,51.21,26.24,20.4,24.97,34.93,41.0,48.04,71.73,1.68,28.16,1.56,34.7,12.83,3.14,0.82,0.0,27.14,15.74,2023,,34.78,
48=,Politechnika Opolska,,53.3,1.68,8.05,41.93,63.18,63.44,15.53,15.09,15.37,19.5,52.59,34.33,48.88,17.54,54.62,26.13,36.24,35.1,60.73,56.12,0.0,26.12,0.89,56.46,12.03,0.0,0.0,0.0,13.36,23.04,2023,Politechnika Opolska,13.04,
48=,Akademia Wychowania Fizycznego im. J. Kukuczki w Katowicach,,53.3,1.73,0.0,33.31,100.0,43.92,3.88,3.77,34.43,0.0,19.92,11.07,47.18,41.62,82.48,25.74,28.38,33.92,41.99,43.48,0.0,1.66,0.0,71.85,4.02,0.0,0.0,0.0,15.22,10.65,2023,,0.0,
48=,Uniwersytet Zielonogórski,,53.0,2.76,14.81,42.61,63.1,66.24,39.81,58.49,2.3,0.0,67.13,32.3,33.2,11.94,44.31,42.8,44.1,37.46,54.38,64.98,0.0,7.38,0.7,70.05,8.72,3.37,1.55,0.0,9.59,19.75,2023,,12.17,
48=,Uniwersytet Ekonomiczny w Krakowie,,53.0,9.27,0.0,53.73,58.7,52.95,13.59,13.21,0.13,0.0,71.5,34.23,31.21,30.79,15.97,22.68,34.06,40.12,50.15,30.97,46.22,19.29,3.03,35.35,4.67,0.85,2.73,0.0,36.45,27.63,2023,,31.3,
48=,Politechnika Białostocka,,52.9,3.1,9.56,40.52,61.14,59.51,18.45,20.75,12.58,30.04,61.34,50.96,28.27,16.62,53.57,20.12,25.76,30.97,42.3,49.54,13.45,18.55,7.55,39.28,6.29,4.21,10.08,0.0,24.39,55.51,2023,Politechnika Bialostocka,22.61,
54-61,Akademia Marynarki Wojennej im. Bohaterów Westerplatte w Gdyni,,,2.33,0.0,33.3,81.65,48.97,4.85,4.72,3.52,0.0,23.56,53.74,6.13,7.21,44.46,15.98,20.09,27.43,73.41,63.9,2.52,2.61,1.91,18.82,2.69,54.03,0.0,0.0,100.0,31.8,2023,,0.0,
54-61,Collegium Civitas w Warszawie,,,4.41,0.0,54.69,57.14,45.99,1.94,4.72,0.0,0.0,11.61,33.81,30.43,0.0,23.86,16.41,37.12,31.56,66.16,12.17,1.68,100.0,20.31,57.94,31.17,0.0,7.67,0.0,36.83,33.41,2023,,56.52,
54-61,Politechnika Bydgoska im. Jana i Jędrzeja Śniadeckich,,,1.36,0.0,47.52,62.2,53.62,18.45,20.75,28.9,18.22,64.23,35.19,46.07,16.67,46.29,24.1,29.69,34.22,43.2,56.09,0.0,3.86,0.0,48.45,7.5,8.11,0.0,0.0,6.7,37.57,2023,Politechnika Bydgoska,0.0,
54-61,Politechnika Koszalińska,,,0.83,0.0,38.96,60.39,52.72,11.65,14.15,21.86,0.0,48.96,45.5,22.9,11.34,41.28,27.52,36.24,36.58,38.07,56.13,3.36,27.6,0.0,60.72,8.82,1.97,0.0,100.0,5.51,14.7,2023,Politechnika Koszalinska,7.83,
54-61,Politechnika Rzeszowska im. Ignacego Łukasiewicza,,,11.23,16.3,46.23,59.02,49.62,24.27,26.42,34.07,0.0,56.29,35.04,32.63,26.04,36.65,23.8,31.0,36.58,39.88,41.74,3.36,4.49,1.91,39.12,4.87,0.0,3.9,0.0,9.06,8.28,2023,Politechnika Rzeszowska,4.35,
54-61,Uniwersytet Ekonomiczny we Wrocławiu,,,11.75,0.0,57.0,57.14,72.2,8.74,11.32,0.95,0.0,77.48,34.3,20.28,22.66,23.27,18.66,30.13,38.94,43.81,39.21,30.25,13.42,1.61,38.3,1.75,21.06,1.36,0.0,28.9,32.94,2023,,30.43,
54-61,Uniwersytet Morski w Gdyni,,,0.56,0.0,41.78,54.35,44.6,9.71,12.26,5.22,39.75,54.42,100.0,42.21,20.82,34.8,19.66,28.38,27.73,58.01,43.34,0.0,9.85,0.0,24.88,2.8,3.75,0.0,0.0,19.42,7.14,2023,Uniwersytet Morski w Gdyni,9.57,
54-61,Uniwersytet w Białymstoku,,,8.33,8.86,31.78,65.22,71.16,30.1,37.74,3.37,5.34,52.35,27.01,36.12,26.76,25.24,49.6,48.47,53.1,70.39,56.1,5.04,18.87,0.0,55.81,10.93,0.0,0.98,0.0,14.12,12.53,2023,,8.7,
62-70,Akademia Wychowania Fizycznego im. B. Czecha w Krakowie,,,1.42,0.0,31.18,71.43,44.45,3.88,3.77,5.73,15.29,36.15,65.16,34.45,26.49,88.44,15.71,20.52,26.84,29.91,37.23,5.04,4.5,0.0,34.86,0.0,0.0,0.0,0.0,8.78,10.7,2023,,6.96,
62-70,Akademia Wychowania Fizycznego im. E. Piaseckiego w Poznaniu,,,1.22,0.0,35.64,71.43,51.41,3.88,3.77,0.0,0.0,24.67,24.78,64.01,41.71,47.21,29.41,31.0,30.09,41.69,42.15,0.0,4.04,0.0,55.65,1.51,0.0,0.0,0.0,63.47,27.7,2023,,0.0,
62-70,Akademia Wychowania Fizycznego we Wrocławiu,,,1.76,0.0,32.3,71.43,54.35,3.88,3.77,0.0,0.0,25.08,24.4,66.84,30.66,71.59,19.73,22.27,28.61,23.26,52.99,0.0,7.07,0.0,47.14,1.17,18.83,0.0,0.0,27.67,7.61,2023,,5.22,
62-70,Politechnika Świętokrzyska w Kielcach,,,3.22,0.0,43.12,63.48,52.6,12.62,12.26,17.11,0.0,50.92,45.44,33.33,32.86,57.76,11.56,19.65,28.02,23.56,48.73,3.36,17.14,2.92,29.13,3.87,0.0,0.0,0.0,3.97,14.77,2023,Politechnika Swietokrzyska,24.35,
62-70,Akademia Pożarnicza w Warszawie,,,0.37,0.0,77.03,83.45,33.52,1.94,7.55,3.57,0.0,29.2,33.32,11.46,8.98,45.22,16.99,20.52,29.2,26.89,32.84,0.0,2.26,0.0,16.04,2.26,0.0,0.0,0.0,2.08,0.0,2023,,0.0,
62-70,Uniwersytet Ekonomiczny w Katowicach,,,3.52,0.0,47.52,57.14,63.14,7.77,7.55,0.0,0.0,64.6,36.66,36.65,33.15,18.6,20.66,30.57,38.64,39.88,30.49,26.89,8.92,2.12,30.93,0.7,0.0,11.16,0.0,25.74,17.62,2023,,38.26,
62-70,Uniwersytet Przyrodniczy w Lublinie,,,6.43,3.35,20.95,64.96,91.19,21.36,20.75,14.53,0.0,69.68,38.69,37.79,30.27,54.52,26.02,28.82,34.51,48.34,61.8,11.76,9.6,0.35,36.01,1.9,7.65,0.0,0.0,9.5,4.9,2023,,13.91,
62-70,Uniwersytet Rzeszowski,,,3.3,10.16,27.07,63.74,65.15,35.92,54.72,6.23,0.0,60.44,38.06,35.78,24.8,45.56,23.39,28.38,36.87,47.73,48.25,0.0,6.53,0.89,50.57,9.93,5.98,0.75,0.0,4.3,7.59,2023,,23.48,
62-70,Uniwersytet Szczeciński,,,3.57,0.0,36.91,63.87,70.35,49.51,59.43,0.0,0.0,82.4,23.51,18.76,14.57,25.3,22.0,33.19,30.68,45.02,59.04,5.04,18.24,5.9,45.66,13.03,6.09,5.09,0.0,13.26,25.51,2023,,26.96,
71-82,Akademia Katolicka w Warszawie,,,1.07,0.0,75.65,57.14,79.46,3.88,3.77,0.0,0.0,0.06,17.58,60.02,24.71,7.54,2.13,10.04,23.01,17.82,39.29,6.72,48.88,0.0,18.17,5.77,0.0,0.0,0.0,0.0,0.0,2023,,15.65,
71-82,Akademia Wychowania Fizycznego i Sportu im. J. Śniadeckiego w Gdańsku,,,1.2,0.0,37.88,71.43,38.58,3.88,3.77,0.0,0.0,19.0,26.41,16.21,39.49,76.39,24.82,29.26,35.4,32.93,35.73,0.0,15.31,4.15,82.82,7.95,11.97,0.0,0.0,17.91,10.83,2023,,14.78,
71-82,Akademia Wychowania Fizycznego Józefa Piłsudskiego w Warszawie,,,6.22,0.0,35.48,71.43,33.45,0.97,0.94,0.0,0.0,30.62,33.74,9.36,41.66,48.07,20.35,25.76,31.56,26.59,32.53,0.0,11.58,0.0,29.46,0.0,24.18,0.0,0.0,48.36,30.45,2023,,6.09,
71-82,Politechnika Morska w Szczecinie,,,1.23,0.0,35.45,61.07,30.93,5.83,5.66,10.21,0.0,47.15,29.94,15.03,3.79,28.33,24.41,35.81,41.0,53.47,36.64,8.4,60.09,4.54,33.06,6.55,18.41,8.2,0.0,8.71,1.98,2023,Politechnika Morska w Szczecinie,14.78,
71-82,Uniwersytet Dolnośląski DSW we Wrocławiu,,,1.9,0.0,44.84,71.43,55.65,4.85,7.55,0.0,0.0,22.88,32.79,21.79,44.84,13.21,20.39,27.07,30.38,56.8,10.51,0.0,30.6,7.78,55.16,9.09,0.0,0.0,0.0,2.58,3.01,2023,,33.04,
71-82,Uniwersytet Jana Długosza w Częstochowie,,,0.85,0.0,27.95,64.3,64.96,15.53,29.25,3.96,50.18,37.79,13.86,49.17,10.33,26.41,27.64,29.26,41.0,52.27,44.68,0.0,18.13,0.0,76.76,9.93,11.39,2.09,0.0,6.37,26.02,2023,,4.35,
71-82,Uniwersytet Jana Kochanowskiego w Kielcach,,,1.64,4.78,30.87,56.77,65.44,29.13,53.77,2.83,0.0,53.58,35.57,42.77,16.29,27.69,21.8,26.2,32.15,40.48,52.02,10.08,10.29,1.73,49.26,9.09,9.47,1.19,0.0,9.2,8.02,2023,,33.04,
71-82,Uniwersytet Kazimierza Wielkiego w Bydgoszczy,,,2.04,0.0,36.55,56.65,62.42,22.33,33.02,1.83,13.29,67.18,24.33,29.71,19.91,23.36,19.11,24.02,35.1,38.07,51.2,0.0,11.74,0.0,52.05,8.97,1.0,2.01,0.0,8.4,16.51,2023,,7.83,
71-82,Uniwersytet Papieski Jana Pawła II w Krakowie,,,3.24,0.0,34.08,64.62,98.79,15.53,20.75,0.0,0.0,6.17,36.97,61.46,45.6,6.57,4.21,18.34,18.29,23.56,57.08,6.72,13.48,0.84,19.15,2.56,0.0,3.16,0.0,17.47,8.35,2023,,26.09,
71-82,Uniwersytet Pedagogiczny im. KEN w Krakowie,,,2.0,2.82,33.86,59.89,56.12,36.89,47.17,0.0,0.0,68.78,26.43,42.07,19.34,18.26,18.27,27.95,32.45,48.64,33.77,6.72,8.62,0.0,56.79,10.98,4.54,4.91,0.0,7.28,9.77,2023,,15.65,
71-82,Uniwersytet Pomorski w Słupsku,,,0.37,0.0,39.33,54.6,46.93,6.8,15.09,0.0,0.0,46.46,31.62,26.5,10.91,16.6,27.58,27.95,33.04,41.39,42.11,0.0,98.81,0.82,49.43,10.12,3.7,0.0,0.0,3.2,100.0,2023,,16.52,
71-82,Uniwersytet WSB Merito w Poznaniu,,,2.35,0.0,50.34,67.97,43.93,2.91,5.66,0.0,0.0,40.06,9.77,27.68,4.07,50.74,29.6,51.09,46.02,56.19,6.26,11.76,16.31,2.29,31.91,1.4,0.0,0.0,0.0,3.03,1.47,2023,,42.61,
83+,Akademia Bialska Nauk Stosowanych w Białej Podlaskiej,,,0.96,0.0,32.74,57.14,29.89,1.94,1.89,3.93,0.0,40.24,18.52,10.32,0.0,55.0,24.42,32.31,32.15,28.1,36.18,0.0,55.35,0.0,47.3,5.73,0.0,5.98,0.0,12.63,10.0,2023,,7.83,
83+,Akademia Humanitas w Sosnowcu,,,0.6,0.0,44.86,53.73,56.21,1.94,4.72,0.0,0.0,0.12,0.55,80.21,0.0,5.97,26.42,47.6,41.0,36.56,16.38,0.0,57.72,23.34,40.92,23.38,0.0,0.0,0.0,0.0,0.0,2023,,7.83,
83+,Akademia Ignatianum w Krakowie,,,3.35,0.0,31.42,66.5,51.61,4.85,16.04,0.0,0.0,23.21,30.93,21.33,3.58,9.08,24.78,31.44,24.78,57.7,47.02,6.72,5.32,0.0,32.41,11.07,0.0,0.0,0.0,12.01,19.41,2023,,5.22,
83+,Akademia Pedagogiki Specjalnej im. M. Grzegorzewskiej w Warszawie,,,3.99,0.0,49.22,56.76,46.26,6.8,9.43,0.0,0.0,23.78,25.01,27.75,26.76,10.31,18.13,39.3,33.63,53.17,44.73,1.68,3.38,0.0,45.34,1.88,5.67,5.14,0.0,8.44,5.39,2023,,7.83,
83+,Akademia Techniczno-Humanistyczna w Bielsku-Białej,,,1.11,0.0,42.23,58.18,54.94,12.62,15.09,3.51,0.0,54.02,32.2,8.8,2.96,32.92,17.96,27.51,38.05,35.35,43.11,0.0,6.27,0.29,56.63,13.64,5.87,5.43,0.0,4.93,13.79,2023,Uniwersytet Bielsko-Bialski,5.22,
83+,Krakowska Akademia im. A. Frycza Modrzewskiego w Krakowie,,,4.58,0.0,34.66,49.72,40.34,6.8,6.6,0.0,0.0,29.84,10.97,70.82,8.1,21.6,20.98,27.07,28.91,29.0,27.89,6.72,55.28,2.97,45.34,3.77,1.26,0.0,0.0,3.32,4.97,2023,,33.91,
83+,Uniwersytet Przyrodniczo-Humanistyczny w Siedlcach,,,0.92,0.0,32.35,53.33,78.15,21.36,23.58,6.64,0.0,60.0,25.95,30.56,17.41,28.78,16.74,19.21,31.56,25.08,52.48,0.0,15.18,0.0,33.06,6.67,0.0,0.0,0.0,4.44,15.32,2023,,5.22,
83+,Uniwersytet Technologiczno-Humanistyczny im. K. Pułaskiego w Radomiu,,,0.4,0.0,37.59,57.14,62.88,11.65,22.64,4.79,0.0,47.8,29.14,31.36,19.71,30.24,18.62,26.64,34.22,29.61,49.32,0.0,12.57,0.0,51.23,7.59,0.0,0.0,0.0,0.0,0.0,2023,Uniwersytet Radomski,6.09,
1,Uniwersytet Warszawski,,100.0,97.21,95.22,60.11,68.27,77.55,86.88,89.3,90.19,3.43,51.38,94.15,61.8,100.0,35.17,37.44,51.04,45.42,42.29,47.81,71.43,64.07,100.0,28.08,29.31,65.72,100.0,28.41,47.23,55.97,2024,,17.12,77.78
2,Uniwersytet Jagielloński w Krakowie,,98.0,100.0,100.0,55.12,59.89,71.58,80.01,100.0,75.51,4.08,88.28,100.0,74.35,37.63,55.44,52.74,56.04,43.9,39.53,51.56,64.03,74.18,62.99,43.09,19.17,61.38,100.0,19.57,39.14,56.71,2024,,18.82,91.67
3,Politechnika Warszawska,,85.0,54.14,55.6,77.33,82.86,70.15,58.87,50.23,100.0,14.97,58.16,65.57,75.73,31.04,39.27,46.42,61.79,29.11,27.27,49.38,59.44,61.09,44.88,31.58,48.71,51.65,100.0,10.07,14.36,34.72,2024,Politechnika Warszawska,18.68,69.44
4,Akademia Górniczo-Hutnicza im. Stanisława Staszica w Krakowie,,81.3,44.65,54.13,71.65,72.87,67.14,73.17,53.49,100.0,12.0,72.23,70.01,62.95,39.82,36.21,43.62,63.22,34.6,32.41,69.06,72.45,68.99,50.39,9.55,12.95,59.58,100.0,10.35,29.3,19.37,2024,AGH,20.08,19.44
5,Politechnika Gdańska,,80.1,19.39,41.44,68.4,72.97,84.83,70.03,45.12,88.5,19.22,66.03,52.16,54.79,47.59,39.35,49.96,75.43,41.06,35.57,40.31,75.26,49.36,31.5,26.19,33.27,64.37,100.0,14.34,100.0,52.16,2024,Politechnika Gdanska,54.9,25.0
6,Uniwersytet im. Adama Mickiewicza w Poznaniu,,75.3,55.15,51.89,49.41,55.77,73.65,94.87,80.0,60.54,5.33,7.96,73.02,80.96,15.96,33.42,37.95,40.07,32.74,32.41,40.0,70.66,64.99,39.37,29.03,14.32,56.74,100.0,24.36,24.06,31.99,2024,,21.57,44.44
7,Politechnika Wrocławska,,74.6,47.12,46.15,70.36,71.87,78.0,53.93,46.98,100.0,18.87,43.24,61.39,42.35,19.82,46.74,53.85,58.32,29.18,26.88,36.88,52.3,56.06,29.92,22.09,23.13,52.84,100.0,10.91,37.08,19.51,2024,Politechnika Wroclawska,12.64,33.33
8=,Politechnika Łódzka,,74.0,11.09,34.09,68.04,72.93,78.29,61.0,41.86,71.51,27.35,66.19,44.53,56.96,28.56,41.54,35.13,65.28,37.51,28.85,40.94,52.81,68.12,34.65,16.0,47.25,52.25,100.0,10.0,29.26,64.45,2024,Politechnika Lodzka,36.83,11.11
8=,Politechnika Poznańska,,74.0,16.04,33.68,70.82,72.93,76.51,59.43,32.09,77.96,28.6,100.0,45.28,69.23,30.27,28.51,48.2,63.19,30.07,30.04,41.56,50.51,50.03,20.47,22.0,30.35,45.06,100.0,7.99,100.0,30.66,2024,Politechnika Poznanska,15.78,30.56
10,Warszawski Uniwersytet Medyczny,,73.0,19.42,38.46,76.98,82.15,71.43,59.75,11.16,49.77,2.65,45.83,39.27,46.47,9.54,72.22,86.89,100.0,49.05,43.87,37.81,40.56,76.73,6.3,32.6,29.1,47.46,0.0,2.15,10.77,37.22,2024,,11.08,63.89
11,Politechnika Śląska,,70.7,28.32,34.7,68.1,71.11,69.07,75.63,40.47,100.0,28.2,41.51,60.26,42.75,28.4,43.31,32.85,59.52,31.56,33.2,39.38,53.83,67.17,31.5,15.18,23.98,47.9,100.0,12.27,35.57,17.56,2024,Politechnika Slaska,10.33,36.11
12=,Uniwersytet Medyczny w Białymstoku,,69.8,7.99,22.81,62.39,65.0,75.24,66.96,11.16,71.8,2.03,50.75,16.39,74.6,27.45,69.83,83.45,80.26,52.52,41.9,40.31,39.29,80.23,11.02,33.52,30.21,44.31,0.0,1.61,9.64,2.28,2024,,0.56,33.33
12=,Gdański Uniwersytet Medyczny,,69.7,16.63,30.75,64.78,68.36,59.04,68.79,11.16,41.14,3.98,47.9,24.11,53.5,9.46,75.58,83.75,71.91,50.2,47.04,40.63,46.68,80.6,9.45,55.59,50.38,54.19,0.0,1.38,16.97,20.77,2024,,7.54,41.67
12=,Uniwersytet Medyczny w Łodzi,,69.5,4.98,31.28,69.71,69.13,70.04,54.26,11.16,47.51,2.48,27.92,27.07,70.35,12.41,54.25,51.4,99.93,76.17,61.26,58.44,39.29,72.27,7.87,33.54,33.54,48.2,0.0,1.71,19.1,20.88,2024,,6.89,55.56
12=,Szkoła Główna Handlowa w Warszawie,,69.3,29.78,14.25,100.0,100.0,57.14,70.87,10.7,45.68,0.0,0.0,42.23,52.19,30.38,28.88,33.19,24.55,20.79,29.64,33.75,38.27,55.66,41.73,40.49,35.39,39.67,100.0,3.75,16.62,100.0,2024,,36.52,30.56
16=,Uniwersytet Gdański,,68.1,21.35,34.52,55.36,61.9,62.95,65.0,66.98,81.98,9.22,81.02,60.48,48.3,42.33,31.66,42.81,35.33,33.1,30.83,39.38,64.8,53.43,28.35,10.52,26.79,61.08,100.0,15.93,100.0,30.34,2024,,13.22,16.67
16=,Uniwersytet Medyczny im. Piastów Śląskich we Wrocławiu,,68.1,8.69,45.88,66.01,65.02,71.43,50.02,11.16,42.01,4.88,0.0,29.47,37.33,5.24,58.58,78.86,86.99,62.27,58.1,36.88,46.43,94.04,4.72,53.2,45.28,50.9,0.0,0.76,34.44,24.05,2024,,11.74,52.78
16=,Akademia Leona Koźmińskiego w Warszawie,,67.7,34.85,16.68,68.93,47.76,63.59,59.23,11.16,47.14,0.0,0.0,30.73,66.25,8.69,33.6,31.03,43.34,34.94,43.48,42.5,70.15,22.79,42.52,46.64,66.84,69.31,0.0,33.04,100.0,95.33,2024,,37.15,27.78
19=,Pomorski Uniwersytet Medyczny w Szczecinie,,67.6,2.97,15.76,65.31,70.38,73.62,84.72,8.37,37.74,3.6,0.0,20.83,56.16,4.07,94.28,81.76,78.72,96.3,71.15,70.0,36.73,61.2,0.0,42.23,22.32,42.37,0.0,1.75,24.56,6.65,2024,,1.84,22.22
19=,Uniwersytet Wrocławski,,67.1,36.98,39.07,47.19,50.82,68.35,79.53,76.28,75.72,0.73,0.0,53.79,55.88,5.25,37.89,38.46,36.88,30.79,32.81,38.75,61.73,65.8,26.77,28.54,23.71,63.02,100.0,16.24,97.42,40.46,2024,,17.68,58.33
21,Uniwersytet Medyczny im. Karola Marcinkowskiego w Poznaniu,,66.8,12.37,29.76,67.4,71.39,61.15,75.44,11.16,42.52,0.4,0.0,31.28,49.96,8.12,84.44,100.0,84.26,47.31,39.92,35.63,40.05,90.57,9.45,38.41,36.12,45.66,0.0,2.0,4.4,16.9,2024,,3.51,36.11
22,Uniwersytet Medyczny w Lublinie,,65.6,7.15,23.92,67.18,68.33,62.11,53.63,11.16,80.62,13.92,71.9,23.61,38.88,2.45,53.61,82.19,81.79,44.72,34.78,39.06,31.89,83.35,11.02,52.22,39.65,41.17,0.0,1.69,21.3,1.63,2024,,4.93,38.89
23,Uniwersytet Mikołaja Kopernika w Toruniu,,65.0,22.46,45.35,51.24,55.12,67.84,80.01,95.35,52.07,2.15,0.0,66.8,37.75,15.28,41.27,40.89,46.78,36.25,32.81,36.56,50.26,69.78,51.97,23.88,14.52,55.99,100.0,11.6,34.6,20.34,2024,,16.22,50.0
24=,Uniwersytet SWPS,,62.1,18.98,17.39,56.35,51.78,86.2,53.04,16.28,55.93,0.0,0.0,23.11,49.76,65.23,48.56,49.4,60.4,34.75,40.32,41.88,64.54,16.91,4.72,25.88,16.63,72.6,100.0,10.98,57.67,10.06,2024,,2.38,30.56
24=,Akademia WSB w Dąbrowie Górniczej,,62.0,2.11,6.52,56.65,47.23,75.34,67.38,9.3,24.14,0.0,0.0,41.41,35.33,0.0,90.16,37.65,54.35,40.31,49.01,54.69,19.13,11.24,24.32,100.0,100.0,94.16,0.0,30.23,67.44,29.27,2024,,10.36,52.78
26=,Uniwersytet Śląski w Katowicach,,60.5,15.81,27.52,42.79,44.36,69.02,84.92,77.67,52.21,24.43,43.44,53.45,47.45,10.81,29.72,39.44,37.58,25.06,24.51,40.31,61.22,66.03,18.9,16.57,4.73,50.3,100.0,11.37,100.0,25.85,2024,,11.26,19.44
26=,Uniwersytet Opolski,,60.1,3.78,16.39,41.87,42.31,64.76,61.65,40.93,27.46,1.53,0.0,41.64,57.1,9.91,26.01,23.06,39.16,100.0,82.61,100.0,41.84,50.03,7.09,37.15,32.45,51.95,100.0,14.36,75.53,14.26,2024,,5.64,25.0
26=,Uniwersytet Przyrodniczy we Wrocławiu,,60.0,11.54,21.54,38.3,34.5,68.68,73.53,26.98,57.87,31.62,0.0,44.13,63.93,28.74,44.32,49.96,56.75,36.66,31.23,39.69,53.06,68.88,15.75,21.2,17.44,53.44,100.0,5.27,22.84,31.2,2024,,15.34,16.67
29=,Uniwersytet Łódzki,,59.9,16.03,31.73,50.77,57.23,62.9,74.02,70.7,44.28,11.06,0.0,63.06,35.46,23.51,34.65,41.28,36.23,27.96,25.3,41.56,54.59,57.59,21.26,34.6,20.47,49.7,100.0,13.47,61.02,30.4,2024,,27.41,44.44
29=,Politechnika Krakowska im. Tadeusza Kościuszki,,59.8,11.76,24.6,57.34,57.47,76.58,47.29,28.37,100.0,21.34,0.0,43.81,54.02,10.54,30.93,52.3,63.75,29.4,30.43,42.81,45.41,50.09,14.96,16.5,6.78,45.81,100.0,7.85,15.31,23.58,2024,Politechnika Krakowska,20.01,11.11
29=,Szkoła Główna Gospodarstwa Wiejskiego w Warszawie,,59.8,23.18,33.11,49.3,52.7,60.07,77.82,40.93,56.03,7.21,8.07,55.91,54.67,17.41,25.98,40.26,46.16,40.01,34.78,40.94,46.68,56.66,15.75,28.04,18.19,49.25,100.0,5.44,26.9,21.03,2024,,12.45,41.67
29=,Wojskowa Akademia Techniczna im. Jarosława Dąbrowskiego,,59.7,4.8,12.39,64.5,69.62,61.56,40.08,24.65,100.0,7.18,47.48,27.75,70.47,14.92,39.25,47.79,57.95,22.09,19.76,38.13,42.6,100.0,15.75,5.52,0.99,32.04,0.0,1.77,12.4,19.45,2024,WAT,5.81,2.78
33,Politechnika Lubelska,,59.3,4.37,18.21,52.72,54.42,83.09,49.61,19.07,48.61,100.0,17.26,36.27,45.58,1.2,26.86,34.15,73.75,25.25,26.48,47.19,35.71,48.03,2.36,52.86,0.54,55.84,0.0,5.5,52.23,38.79,2024,Politechnika Lubelska,9.37,5.56
34,Uniwersytet Przyrodniczy w Poznaniu,,58.2,11.13,29.07,43.72,44.99,69.97,99.04,29.3,28.77,17.21,12.59,47.49,44.67,10.7,63.21,45.12,58.66,40.5,34.39,41.25,49.74,83.81,11.81,20.07,16.77,43.41,0.0,3.81,8.16,6.29,2024,,4.64,25.0
35=,Śląski Uniwersytet Medyczny w Katowicach,,57.3,4.6,23.91,66.45,67.81,57.14,53.71,11.16,84.88,5.87,15.75,28.25,33.16,5.59,52.63,89.22,75.25,36.06,39.53,35.94,32.14,73.32,7.87,19.29,17.25,41.62,0.0,0.6,10.12,11.71,2024,,6.19,33.33
35=,Uniwersytet Ekonomiczny w Poznaniu,,56.8,10.1,11.13,68.52,75.93,57.14,85.27,7.44,31.98,0.0,0.0,41.31,51.29,5.53,43.51,34.21,28.76,34.59,33.99,41.56,52.55,42.5,33.07,33.24,12.51,42.07,0.0,4.3,67.1,41.11,2024,,15.38,22.22
37,Polsko-Japońska Akademia Technik Komputerowych,,56.5,6.78,8.19,74.17,56.56,63.52,19.61,6.05,19.05,0.0,0.0,3.92,52.27,42.08,9.47,65.32,80.05,20.56,33.2,37.5,35.71,8.96,6.3,95.87,80.11,50.45,0.0,20.3,46.7,10.46,2024,PJATK,0.71,27.78
38,Akademia Ekonomiczno-Humanistyczna w Warszawie,,55.9,1.98,8.94,54.89,42.61,60.65,61.44,6.51,17.78,0.0,0.0,32.25,19.31,0.0,34.8,4.28,29.32,56.22,100.0,79.38,77.81,5.44,1.57,100.0,86.1,97.75,0.0,100.0,20.14,1.37,2024,,2.63,63.89
39=,Katolicki Uniwersytet Lubelski Jana Pawła II,,55.6,8.43,17.28,39.17,30.26,75.33,84.06,43.72,36.3,2.6,0.0,42.18,100.0,0.0,33.42,41.41,26.61,33.12,32.81,44.38,41.33,74.69,1.57,33.01,5.59,29.79,0.0,11.9,64.61,22.29,2024,,12.39,11.11
39=,Zachodniopomorski Uniwersytet Technologiczny w Szczecinie,,55.4,4.15,15.24,56.57,55.95,64.24,83.78,39.53,35.37,30.13,0.0,43.82,48.44,12.77,29.2,32.35,53.41,40.64,35.57,40.0,42.09,84.52,3.94,22.65,0.83,40.42,0.0,2.29,41.2,16.75,2024,ZUT,30.6,5.56
41=,Uczelnia Łazarskiego w Warszawie,,55.0,5.62,6.06,63.82,54.45,72.34,38.2,6.51,0.0,0.0,0.0,9.95,42.54,8.29,100.0,11.66,45.47,24.58,33.6,32.19,23.47,21.08,6.3,99.23,67.22,38.92,0.0,22.1,100.0,20.34,2024,,8.38,25.0
41=,Politechnika Opolska,,54.5,2.12,15.78,54.41,52.98,62.96,62.85,19.07,73.53,15.09,47.49,30.0,34.48,0.0,38.0,29.3,59.55,35.47,35.57,39.69,63.01,56.15,2.36,34.21,4.86,64.07,0.0,13.51,86.23,8.79,2024,Politechnika Opolska,20.17,8.33
43=,Uniwersytet Kardynała Stefana Wyszyńskiego w Warszawie,,53.9,7.01,10.93,49.36,48.52,67.01,82.87,47.44,51.3,1.72,33.44,38.58,61.46,0.0,50.29,43.78,27.67,54.48,44.27,47.19,40.31,49.35,0.0,9.38,0.85,48.65,0.0,10.64,68.35,14.04,2024,,3.93,5.56
43=,Społeczna Akademia Nauk w Łodzi,,53.9,1.01,7.77,56.38,53.71,63.81,19.77,3.26,0.0,0.0,0.0,20.75,14.14,18.63,25.15,0.0,80.79,58.03,59.29,48.75,100.0,9.09,1.57,62.07,85.5,100.0,0.0,19.44,88.89,8.48,2024,,2.08,22.22
43=,Akademia Wychowania Fizycznego im. J. Kukuczki w Katowicach,,53.5,2.28,8.7,39.79,49.26,100.0,39.72,3.72,70.21,32.4,0.0,11.59,32.93,0.0,47.37,41.55,89.6,29.64,26.48,36.88,38.52,45.81,0.0,2.17,19.57,64.97,0.0,1.86,18.6,33.42,2024,,19.84,2.78
46=,Uniwersytet Ekonomiczny w Krakowie,,53.3,9.7,12.1,61.1,66.39,58.68,54.05,13.02,40.1,0.12,0.0,43.76,35.89,6.3,43.27,37.05,19.59,27.44,35.18,46.25,45.92,29.79,43.31,24.8,28.27,34.58,0.0,3.31,99.17,34.53,2024,,14.31,13.89
46=,Politechnika Białostocka,,53.0,3.1,14.85,51.59,54.21,61.18,60.08,23.26,72.51,13.01,70.79,37.76,46.22,0.0,23.29,23.82,54.38,25.9,25.69,35.31,37.5,51.82,11.02,19.31,4.47,40.57,0.0,7.21,84.32,39.22,2024,Politechnika Bialostocka,35.36,16.67
48=,Uniwersytet Ekonomiczny we Wrocławiu,,52.3,8.39,10.57,64.23,67.46,57.14,71.42,9.77,30.65,0.52,0.0,43.71,41.64,15.28,20.76,26.84,27.25,25.06,28.85,43.13,42.35,40.9,33.86,16.32,30.61,38.02,0.0,3.07,100.0,29.66,2024,,24.31,8.33
48=,Uniwersytet Marii Curie-Skłodowskiej w Lublinie,,52.2,12.76,20.28,38.84,38.36,64.94,86.29,67.91,35.28,7.13,18.04,53.48,35.97,9.08,28.44,37.46,33.46,29.11,24.51,39.06,53.32,61.72,21.26,42.87,9.22,44.61,0.0,9.2,19.51,13.87,2024,,6.34,30.56
50=,Akademia Finansów i Biznesu Vistula,,51.6,2.07,6.14,61.98,40.5,63.07,45.36,7.91,31.03,5.44,0.0,20.26,51.02,0.0,17.4,0.0,32.24,25.04,39.13,29.06,57.14,6.9,9.45,100.0,100.0,44.61,0.0,33.85,83.08,16.03,2024,,4.07,100.0
50=,Uniwersytet w Białymstoku,,51.5,3.72,14.49,39.9,39.43,65.15,76.42,34.42,53.9,7.79,32.4,38.87,27.73,4.96,37.19,40.7,29.86,55.36,44.27,55.0,54.08,60.79,4.72,25.83,0.0,46.86,0.0,10.97,86.69,19.01,2024,,8.26,11.11
50=,Uniwersytet Zielonogórski,,51.3,4.89,24.85,53.26,54.19,63.12,62.87,50.7,10.17,3.73,0.0,41.81,45.32,14.03,36.7,12.72,47.98,47.46,41.9,39.38,46.94,68.54,0.0,10.91,1.62,64.97,0.0,11.33,40.32,10.92,2024,,8.44,5.56
50=,Uniwersytet Warmińsko-Mazurski w Olsztynie,,51.2,12.29,26.07,44.49,38.37,62.19,78.64,69.77,24.96,7.96,0.0,54.29,33.98,5.18,38.32,33.9,43.72,38.38,36.76,37.81,45.92,67.02,25.2,11.09,7.1,41.62,0.0,5.09,11.7,11.14,2024,,10.78,25.0
50=,Politechnika Częstochowska,,51.2,2.85,15.61,51.92,45.03,55.92,65.54,23.72,40.82,11.26,14.57,41.73,35.12,8.08,21.82,38.99,63.96,27.05,26.48,36.56,28.06,83.63,6.3,50.07,11.32,52.25,0.0,5.95,54.21,5.41,2024,Politechnika Czestochowska,24.85,13.89
55-60,Collegium Civitas w Warszawie,,,3.92,5.61,62.51,44.58,57.14,31.85,3.26,0.0,0.0,0.0,8.81,28.76,0.0,44.41,6.56,26.51,20.2,41.5,37.19,74.49,17.58,1.57,100.0,71.16,55.39,0.0,43.37,77.11,54.79,2024,,34.85,27.78
55-60,Politechnika Bydgoska im. Jana i Jędrzeja Śniadeckich,,,1.9,11.13,57.63,58.63,62.07,52.51,23.58,30.92,31.03,50.03,35.89,34.71,10.35,30.76,30.63,48.55,30.02,28.06,36.25,38.27,53.96,0.0,5.55,0.0,48.8,0.0,8.06,30.77,8.86,2024,Politechnika Bydgoska,24.89,5.56
55-60,Politechnika Koszalińska,,,0.74,9.9,51.13,50.34,60.05,54.4,12.56,64.63,38.29,0.0,26.3,45.93,3.07,14.04,8.64,43.77,32.58,30.83,40.0,35.97,61.23,1.57,26.55,0.0,57.78,100.0,12.04,54.85,9.16,2024,Politechnika Koszalinska,11.43,5.56
55-60,Uniwersytet Morski w Gdyni,,,0.97,9.82,54.33,43.81,54.34,43.95,12.09,25.35,3.62,41.01,28.95,96.16,5.68,44.24,15.85,39.42,24.85,23.72,30.94,48.47,44.06,0.0,12.42,0.0,25.0,0.0,2.58,11.61,41.28,2024,Uniwersytet Morski w Gdyni,7.96,5.56
55-60,Uniwersytet Przyrodniczy w Lublinie,,,6.53,16.75,34.14,16.96,65.02,94.09,21.86,25.5,16.14,0.0,41.62,37.26,0.1,70.66,46.4,58.36,32.85,28.06,37.5,42.09,70.5,11.02,13.94,2.45,36.98,0.0,0.0,100.0,11.3,2024,,7.82,8.33
55-60,Uniwersytet Rolniczy im. Hugona Kołłątaja w Krakowie,,,7.49,15.63,38.3,25.56,67.07,95.34,30.7,36.04,10.66,14.63,44.4,46.15,2.7,35.09,37.58,51.04,35.67,32.81,40.31,60.2,75.94,0.0,8.73,1.32,47.01,0.0,6.95,24.89,10.09,2024,,6.82,8.33
61-72,Akademia Marynarki Wojennej im. Bohaterów Westerplatte,,,1.82,7.95,44.46,42.27,81.65,27.41,4.65,0.0,5.88,0.0,9.53,50.25,0.0,7.68,8.51,40.79,22.24,22.92,40.0,70.66,66.87,2.36,1.98,0.0,18.41,0.0,3.48,100.0,69.69,2024,,23.13,0.0
61-72,Akademia Pożarnicza,,,0.42,7.68,78.74,89.04,84.74,31.28,4.65,0.0,5.94,0.0,9.21,43.38,33.07,22.15,27.27,31.92,23.22,19.37,33.44,28.32,36.91,0.0,0.67,0.0,24.1,0.0,3.08,0.0,1.25,2024,,0.0,0.0
61-72,Akademia Wychowania Fizycznego i Sportu w Gdańsku,,,1.39,8.0,42.14,47.61,71.43,33.2,3.72,61.76,0.0,0.0,8.04,27.55,0.0,37.58,52.05,92.72,26.53,25.69,36.25,29.85,31.63,0.0,20.64,10.73,83.53,0.0,10.88,24.49,15.78,2024,,6.16,8.33
61-72,Akademia Wychowania Fizycznego im. B. Czecha w Krakowie,,,1.43,7.92,36.08,40.68,71.43,31.87,3.72,69.77,2.83,0.0,19.36,54.36,0.0,43.82,51.79,89.89,19.11,20.95,33.75,29.08,40.95,0.0,6.34,0.0,36.23,0.0,0.0,64.18,18.14,2024,,4.38,2.78
61-72,Akademia Wychowania Fizycznego im. E. Piaseckiego w Poznaniu,,,1.53,7.56,41.13,45.19,100.0,51.09,3.72,50.98,0.0,0.0,13.62,23.46,15.85,43.21,24.56,50.35,29.93,28.06,33.13,35.97,43.86,0.0,5.26,0.0,52.84,0.0,2.01,38.19,59.15,2024,,15.2,2.78
61-72,Akademia Wychowania Fizycznego J. Piłsudskiego w Warszawie,,,1.88,8.12,40.88,48.07,71.43,30.91,3.72,48.98,0.0,0.0,16.64,44.07,0.0,38.76,41.99,55.44,25.66,30.83,37.19,22.19,35.3,0.0,10.65,0.0,32.63,0.0,1.35,100.0,34.94,2024,,20.86,5.56
61-72,Akademia Wychowania Fizycznego we Wrocławiu,,,2.23,8.62,38.83,40.34,71.43,35.0,3.72,52.27,0.0,0.0,13.98,24.37,0.0,66.22,38.73,86.45,25.31,24.11,33.13,23.47,50.05,0.0,8.59,0.0,47.31,0.0,3.28,81.97,25.32,2024,,3.4,2.78
61-72,Politechnika Rzeszowska im. Ignacego Łukasiewicza,,,4.68,18.94,53.73,47.8,59.06,52.37,27.44,39.3,39.61,0.0,36.67,32.7,2.85,29.09,31.74,39.99,28.33,30.04,40.63,34.18,43.34,1.57,5.09,2.92,39.52,0.0,5.53,76.88,9.05,2024,Politechnika Rzeszowska,6.05,5.56
61-72,Politechnika Świętokrzyska,,,1.37,9.52,52.93,50.81,65.1,49.28,13.49,76.7,10.12,0.0,27.83,45.07,0.0,30.45,46.35,56.83,15.93,19.76,29.38,17.86,53.84,1.57,27.44,16.77,30.84,0.0,4.08,92.86,8.07,2024,Politechnika Swietokrzyska,11.16,11.11
61-72,Uniwersytet Ekonomiczny w Katowicach,,,4.09,9.68,55.43,63.27,57.14,63.45,7.44,43.97,0.0,0.0,33.7,37.39,14.01,13.2,36.4,20.81,26.29,34.78,43.75,34.18,31.92,20.47,9.94,25.99,32.49,0.0,0.91,83.83,27.39,2024,,10.51,5.56
61-72,Uniwersytet Rzeszowski,,,4.31,17.81,39.27,29.3,64.02,64.07,48.37,27.11,13.52,0.0,40.27,41.76,1.13,41.52,30.26,55.83,27.51,27.67,39.06,40.31,51.36,0.0,9.08,3.58,44.46,0.0,8.09,46.17,7.28,2024,,6.71,11.11
61-72,Uniwersytet Szczeciński,,,4.22,11.25,44.17,48.18,63.87,75.27,54.42,40.54,0.0,0.0,49.84,28.97,16.76,24.31,37.44,31.01,28.15,31.62,34.06,38.01,60.08,4.72,22.85,21.0,40.87,0.0,14.6,65.48,13.29,2024,,14.38,11.11
73-80,Akademia Pedagogiki Specjalnej w Warszawie,,,2.3,6.15,50.34,63.1,57.0,47.27,9.3,27.03,0.0,0.0,15.46,30.86,0.0,40.75,33.28,12.97,23.21,32.41,34.06,48.21,49.3,0.0,5.82,0.0,43.71,0.0,3.82,2.55,8.46,2024,,5.82,5.56
73-80,Politechnika Morska w Szczecinie,,,1.24,7.81,47.41,33.02,61.42,31.22,6.98,23.26,8.68,0.0,27.19,26.63,10.23,17.89,29.36,27.47,30.34,32.81,42.19,43.37,37.75,6.3,73.65,18.86,27.54,0.0,4.98,46.47,7.58,2024,Politechnika Morska w Szczecinie,1.24,11.11
73-80,Uniwersytet Jana Długosza w Częstochowie,,,0.92,8.69,37.01,17.99,64.63,65.47,26.05,25.58,8.95,47.34,26.4,17.74,3.98,29.23,14.4,27.09,28.53,26.09,45.94,39.8,47.66,0.0,19.31,0.0,69.76,100.0,11.79,98.87,8.88,2024,,16.38,2.78
73-80,Uniwersytet Jana Kochanowskiego w Kielcach,,,1.74,15.83,40.26,34.02,56.94,67.61,41.86,34.86,6.49,0.0,36.93,33.32,7.0,33.0,27.95,34.45,23.07,24.11,35.31,35.2,54.86,4.72,13.97,6.55,45.96,0.0,9.5,37.5,7.57,2024,,7.56,11.11
73-80,Uniwersytet Kazimierza Wielkiego w Bydgoszczy,,,2.14,10.36,43.87,45.59,57.3,63.58,29.77,41.97,6.58,76.57,39.0,25.88,0.34,27.18,25.09,26.02,21.8,21.34,37.5,33.67,53.84,0.0,16.73,0.0,46.26,0.0,12.04,36.79,7.14,2024,,12.69,5.56
73-80,Uniwersytet Papieski Jana Pawła II w Krakowie,,,3.69,6.49,41.81,47.35,64.59,91.58,17.67,49.12,1.76,0.0,0.65,41.87,0.0,54.07,40.97,7.65,5.29,14.23,21.56,27.81,61.42,1.57,18.84,2.96,16.77,0.0,1.65,24.79,18.39,2024,,8.4,5.56
73-80,Uniwersytet Pomorski w Słupsku,,,0.45,4.31,50.15,51.58,55.48,44.01,12.09,23.66,0.0,0.0,29.55,29.33,0.0,41.32,3.7,18.77,22.66,26.48,39.06,36.48,49.4,0.0,93.12,1.14,47.31,0.0,13.41,10.98,7.07,2024,,100.0,11.11
73-80,Uniwersytet WSB Merito w Poznaniu,,,2.05,0.0,58.14,49.3,68.93,15.16,4.19,0.0,0.0,0.0,20.22,14.98,6.5,28.04,0.0,53.06,46.01,50.99,56.25,56.89,6.46,11.02,21.05,7.82,35.03,0.0,1.36,31.19,1.39,2024,,0.64,38.89
81-90,Akademia Bialska im. Jana Pawła II,,,0.87,0.0,49.81,46.7,57.14,14.16,1.86,0.0,0.0,0.0,17.65,23.44,0.0,29.22,0.0,63.88,22.32,21.34,30.94,21.17,36.69,0.0,60.64,0.0,42.66,0.0,5.06,100.0,31.75,2024,,5.2,5.56
81-90,Akademia Humanitas w Sosnowcu,,,0.8,3.58,56.26,39.85,53.16,39.35,3.26,0.0,0.0,0.0,0.18,2.72,0.0,50.9,6.27,7.44,30.36,33.6,44.69,27.04,18.81,0.0,65.58,62.67,32.34,0.0,73.12,12.9,6.55,2024,,9.66,5.56
81-90,Akademia Katolicka w Warszawie,,,0.96,1.94,64.15,91.99,57.14,52.72,3.72,50.0,0.0,0.0,0.07,14.05,0.0,40.6,17.14,6.99,2.78,13.83,22.19,14.29,46.09,1.57,42.54,0.0,15.72,0.0,0.0,0.0,0.0,2024,,0.0,5.56
81-90,Krakowska Akademia im. Andrzeja Frycza Modrzewskiego,,,3.88,4.53,47.63,46.74,53.53,39.87,6.51,0.0,0.0,0.0,13.46,10.02,0.0,59.89,4.5,28.77,25.18,24.9,28.75,21.17,28.2,3.15,62.59,9.64,39.97,0.0,6.86,37.25,5.85,2024,,3.92,11.11
81-90,Uniwersytet Bielsko-Bialski,,,0.72,1.78,54.14,54.91,58.13,54.04,13.49,20.88,2.39,0.0,28.21,29.25,0.0,28.67,0.0,34.31,19.25,22.53,40.94,28.57,42.57,0.0,7.68,0.38,55.09,0.0,15.95,99.67,9.72,2024,Uniwersytet Bielsko-Bialski,3.78,2.78
81-90,Uniwersytet Dolnośląski DSW we Wrocławiu,,,1.79,5.86,50.26,48.14,71.43,40.3,6.05,0.0,0.0,0.0,11.58,45.76,0.0,18.74,0.0,18.21,23.15,26.09,34.06,61.22,9.52,0.0,26.57,9.82,49.85,0.0,21.62,79.28,2.72,2024,,1.51,11.11
81-90,Uniwersytet Ignatianum w Krakowie,,,3.12,6.24,38.96,41.29,66.21,52.78,11.63,65.63,0.0,0.0,12.01,36.16,8.7,19.65,22.34,11.45,23.36,22.13,24.06,44.13,44.52,1.57,6.33,0.0,19.16,0.0,13.62,62.98,7.41,2024,,9.57,5.56
81-90,Uniwersytet Komisji Edukacji Narodowej w Krakowie,,,1.98,11.26,42.27,37.9,60.04,57.48,42.33,52.04,0.68,0.0,37.61,29.76,0.7,36.78,19.76,19.94,21.55,24.9,34.69,42.35,31.94,6.3,9.21,0.12,51.2,0.0,15.52,69.18,14.65,2024,,6.51,8.33
81-90,Uniwersytet Radomski im. Kazimierza Pułaskiego,,,0.4,7.64,48.34,47.2,57.14,57.12,16.74,0.0,6.25,0.0,25.15,28.35,0.0,22.56,13.33,33.14,21.7,21.34,36.25,26.79,44.74,0.0,23.55,0.0,53.59,0.0,8.03,100.0,13.14,2024,Uniwersytet Radomski,5.59,5.56
81-90,Uniwersytet w Siedlcach,,,1.25,3.71,43.17,31.6,53.48,73.94,21.86,30.0,9.66,51.12,31.85,28.12,0.0,26.85,12.31,31.46,18.43,17.79,32.19,18.88,56.66,0.0,19.03,0.0,33.53,0.0,7.71,94.77,6.66,2024,,8.12,8.33
90+,Akademia Górnośląska im. Wojciecha Korfantego w Katowicach,,,1.63,3.68,48.58,49.17,57.14,36.24,2.33,0.0,0.0,0.0,0.02,15.0,0.0,0.0,11.35,0.65,28.05,71.15,21.56,0.0,21.95,0.0,22.92,16.63,25.0,0.0,7.92,99.01,8.1,2024,,8.69,8.33
90+,Akademia im. Jakuba z Paradyża,,,0.94,3.6,49.68,53.17,49.47,54.16,2.79,25.81,34.51,0.0,0.0,54.27,0.0,30.52,0.0,0.0,0.0,0.0,0.0,0.0,67.15,0.0,26.05,0.0,0.0,0.0,5.61,99.07,0.0,2024,,2.79,2.78
90+,Akademia Jagiellońska w Toruniu,,,1.07,0.0,52.08,54.28,57.14,57.19,3.26,0.0,0.0,0.0,0.0,0.0,0.0,0.0,27.99,0.0,0.0,0.0,0.0,0.0,44.21,0.0,100.0,100.0,0.0,0.0,100.0,25.0,0.0,2024,,0.0,2.78
90+,Akademia Kujawsko-Pomorska w Bydgoszczy,,,1.17,0.0,51.16,50.53,57.14,100.0,1.86,0.0,0.0,0.0,0.0,16.98,0.0,61.3,0.0,0.0,0.0,0.0,0.0,0.0,36.36,0.0,8.59,0.0,0.0,0.0,78.69,100.0,0.0,2024,,16.3,2.78
90+,Akademia Śląska w Katowicach,,,1.41,0.0,42.48,53.36,57.91,13.74,5.58,0.0,0.0,0.0,0.0,25.25,0.0,30.08,13.33,0.0,0.0,0.0,0.0,0.0,52.93,0.0,15.88,1.66,0.0,0.0,2.7,5.41,3.11,2024,,0.86,2.78
90+,Akademia Tarnowska,,,1.2,0.0,51.22,55.9,65.43,9.73,1.86,0.0,0.0,0.0,0.0,20.9,6.31,54.26,0.0,0.0,0.0,0.0,0.0,0.0,22.13,0.0,5.31,0.0,0.0,0.0,2.13,44.68,4.55,2024,,2.4,2.78
90+,Akademia Wymiaru Sprawiedliwości w Warszawie,,,0.03,0.0,15.53,16.27,71.43,14.7,1.86,0.0,0.0,0.0,0.0,14.01,0.0,0.0,0.0,0.0,0.0,0.0,0.0,0.0,45.48,0.0,32.03,0.0,0.0,0.0,100.0,0.0,0.0,2024,,0.0,19.44
90+,Lubelska Akademia WSEI,,,1.18,0.0,50.83,32.1,50.81,32.86,1.86,12.5,33.03,0.0,0.0,2.38,0.0,38.93,0.0,0.0,0.0,0.0,0.0,0.0,7.76,3.15,82.11,100.0,0.0,0.0,12.12,97.0,0.27,2024,,0.0,19.44
90+,Międzyn. Wyższa Szkoła Logistyki i Transportu we Wrocławiu,,,0.22,0.0,54.17,26.76,57.14,42.36,0.93,0.0,0.0,0.0,0.11,16.55,0.0,0.0,0.0,14.94,9.62,12.65,26.25,0.0,10.9,0.0,100.0,55.92,25.0,0.0,33.33,100.0,4.23,2024,,2.6,13.89
90+,Uniwersytet Kaliski im. Prezyd. Stanisława Wojciechowskiego,,,0.81,2.17,53.38,57.59,57.14,53.51,5.58,6.67,16.25,0.0,0.0,29.46,0.0,47.64,14.56,0.0,0.0,0.0,0.0,0.0,44.87,0.0,11.18,0.0,0.0,0.0,4.86,90.69,3.93,2024,,12.46,2.78
90+,Uniwersytet WSB Merito w Gdańsku,,,1.08,0.0,51.13,48.83,66.92,30.55,5.58,0.0,0.0,0.0,0.0,43.4,0.0,19.87,0.0,0.0,0.0,0.0,0.0,0.0,7.64,11.02,22.34,10.66,0.0,0.0,22.8,0.0,6.39,2024,,0.9,25.0
90+,Uniwersytet WSB Merito w Toruniu,,,0.74,0.0,59.25,49.8,57.14,11.4,1.86,0.0,0.0,0.0,0.0,45.37,0.0,10.93,0.0,0.0,0.0,0.0,0.0,0.0,6.79,0.0,15.96,13.19,0.0,0.0,0.0,14.95,0.58,2024,,0.07,19.44
1,Uniwersytet Warszawski,,100.0,84.46,95.29,63.52,77.8,77.58,86.44,86.1,100.0,1.86,13.35,78.47,88.47,100.0,37.02,39.26,50.3,34.43,41.99,72.82,63.68,100.0,29.03,31.16,62.13,100.0,30.48,56.43,51.83,42.75,2025,,73.53,
2,Uniwersytet Jagielloński w Krakowie,,98.82,100.0,100.0,61.31,67.16,71.68,80.02,97.76,89.22,3.17,58.06,100.0,72.11,58.29,50.14,55.37,55.62,40.66,47.24,66.92,75.16,64.46,43.59,22.68,58.63,100.0,21.0,29.12,42.46,32.85,2025,,94.12,
3,Politechnika Warszawska,,89.88,57.47,54.26,81.51,88.95,70.1,60.14,48.43,100.0,12.9,70.61,74.41,75.29,55.87,52.28,52.17,57.58,26.01,45.14,61.54,62.84,55.37,30.0,39.42,50.77,100.0,11.95,14.71,29.4,46.41,2025,Politechnika Warszawska,70.59,
4,Akademia Górniczo-Hutnicza im. Stanisława Staszica w Krakowie,,87.45,48.48,53.43,85.29,81.61,67.28,71.54,52.91,100.0,10.48,100.0,87.43,67.13,58.17,43.87,33.79,60.49,31.14,65.35,77.18,65.32,44.63,9.48,17.14,60.73,100.0,12.87,34.57,17.27,45.09,2025,AGH,17.65,
5,Politechnika Gdańska,,85.32,36.77,47.13,77.31,81.85,84.86,69.67,43.5,100.0,18.35,10.16,81.34,78.07,49.34,47.46,47.39,74.76,35.53,36.48,83.85,49.57,36.36,24.4,33.6,66.34,100.0,16.42,91.18,34.93,54.69,2025,Politechnika Gdanska,23.53,
6,Uniwersytet im. Adama Mickiewicza w Poznaniu,,81.42,74.9,50.84,56.51,65.94,73.76,94.16,77.13,70.2,4.57,9.31,71.73,73.43,38.45,35.63,37.97,39.61,30.77,34.65,74.62,65.42,53.72,28.4,14.02,53.72,100.0,25.1,23.16,28.4,32.43,2025,,41.18,
7,Politechnika Wrocławska,,80.06,44.82,39.54,86.85,79.87,77.95,55.1,46.64,100.0,13.97,30.89,79.26,68.97,45.03,46.24,52.3,54.24,26.74,32.55,57.69,59.64,23.14,23.72,22.93,53.72,100.0,10.85,58.31,24.23,42.01,2025,Politechnika Wroclawska,29.41,
8,Politechnika Poznańska,,78.21,23.62,32.44,79.95,79.4,76.73,60.95,32.29,82.35,24.83,92.56,72.31,55.49,52.91,47.56,57.32,61.95,27.84,36.48,53.85,49.58,25.62,20.83,28.2,46.56,100.0,10.12,100.0,26.77,34.79,2025,Politechnika Poznanska,26.47,
9,Politechnika Łódzka,,77.1,15.19,30.55,79.42,83.92,78.36,62.7,41.7,83.33,29.14,38.69,47.37,59.88,48.56,48.7,46.07,59.1,26.01,35.17,56.41,66.81,28.1,20.38,52.36,50.77,100.0,9.59,49.03,49.94,70.47,2025,Politechnika Lodzka,11.76,
10,Politechnika Śląska,,76.56,25.08,36.76,75.01,74.55,69.23,74.15,40.36,100.0,22.28,30.33,97.09,58.63,52.91,35.53,36.66,66.5,34.8,36.75,66.67,64.29,32.23,26.8,34.01,53.86,100.0,12.56,27.39,10.12,21.97,2025,Politechnika Slaska,29.41,
11,Uniwersytet Gdański,,75.46,39.41,34.89,57.89,68.07,63.05,65.4,65.92,86.98,6.78,35.52,81.14,68.23,61.2,46.28,47.48,36.31,29.67,35.7,72.31,53.21,33.88,11.02,26.41,59.19,100.0,15.42,100.0,31.98,36.51,2025,,17.65,
12=,Gdański Uniwersytet Medyczny,,74.94,21.1,29.77,73.44,76.08,59.07,68.93,10.76,51.25,3.18,32.67,42.86,56.17,27.62,72.75,68.29,65.88,55.31,42.52,54.87,83.91,22.31,46.72,43.03,53.02,100.0,2.98,40.85,19.37,23.42,2025,,38.24,
12=,Uniwersytet Medyczny w Łodzi,,74.77,11.28,32.09,79.17,74.34,70.13,55.41,10.76,62.5,3.71,0.0,45.76,100.0,38.62,64.66,73.08,100.0,64.1,55.38,46.41,72.17,13.22,30.42,30.9,46.56,0.0,1.75,23.86,12.83,7.73,2025,,52.94,
12=,Uniwersytet Medyczny w Białymstoku,,74.77,21.18,22.45,73.9,72.06,75.45,63.7,10.76,91.91,1.89,29.67,29.14,91.05,41.86,71.76,86.26,82.88,39.19,35.43,50.51,79.21,16.53,31.6,28.58,42.64,0.0,0.54,21.95,1.04,1.95,2025,,29.41,
12=,Szkoła Główna Handlowa w Warszawie,,74.65,27.35,12.49,100.0,94.86,57.14,68.93,10.31,47.66,0.0,0.0,75.06,75.09,51.22,17.18,30.99,25.17,30.4,31.5,41.54,54.23,61.98,39.77,34.93,40.39,100.0,4.26,30.32,100.0,81.78,2025,,29.41,
16,Warszawski Uniwersytet Medyczny,,74.42,21.25,35.22,76.33,72.5,71.43,63.28,10.76,69.7,2.19,31.25,63.6,66.33,31.26,67.99,78.31,95.34,52.01,40.16,46.67,76.48,13.22,29.8,26.93,46.14,0.0,2.77,10.78,22.82,18.05,2025,,52.94,
17=,Uniwersytet Wrocławski,,73.59,42.56,36.14,55.7,61.47,68.32,78.28,77.58,83.38,0.84,0.0,41.5,75.79,24.74,34.34,41.55,35.97,38.1,39.63,64.62,66.0,23.14,30.51,27.0,60.45,100.0,16.93,100.0,55.66,37.92,2025,,73.53,
17=,Akademia Leona Koźmińskiego w Warszawie,,73.3,29.86,14.41,78.81,81.57,63.69,53.11,10.76,57.81,0.0,0.0,55.76,50.84,39.19,27.91,15.03,45.97,41.03,39.11,69.23,23.02,54.55,46.39,72.31,68.86,100.0,36.07,100.0,70.45,62.12,2025,,29.41,
17=,Uniwersytet Medyczny im. Piastów Śląskich we Wrocławiu,,73.23,18.51,45.64,78.47,59.36,71.43,49.55,10.76,37.89,3.93,5.89,51.16,58.78,26.9,67.77,79.1,91.57,54.21,32.55,56.41,91.61,13.22,49.95,43.27,50.07,0.0,0.76,40.54,21.58,24.45,2025,,44.12,
20,Uniwersytet Mikołaja Kopernika w Toruniu,,71.25,31.91,43.42,59.88,62.67,68.01,80.43,100.0,58.81,2.85,6.97,62.22,62.47,37.74,41.44,48.75,46.36,30.4,32.55,55.64,69.96,47.93,25.01,13.36,54.98,100.0,13.6,35.49,20.92,28.35,2025,,32.35,
21=,Uniwersytet Medyczny w Lublinie,,70.65,9.54,24.36,80.69,76.81,62.21,54.81,10.76,86.94,11.71,42.03,37.8,65.75,14.86,72.5,100.0,84.72,34.43,34.91,45.38,83.03,13.22,42.49,32.31,40.25,0.0,1.03,9.66,1.52,11.39,2025,,41.18,
21=,Politechnika Krakowska im. Tadeusza Kościuszki,,70.48,17.65,24.64,69.53,66.12,76.24,48.43,28.7,100.0,20.81,73.31,63.84,61.8,35.41,38.12,58.67,57.55,30.04,39.9,54.62,52.58,19.01,17.7,1.77,49.23,100.0,8.63,29.41,24.32,65.05,2025,Politechnika Krakowska,8.82,
23=,Uniwersytet Medyczny im. Karola Marcinkowskiego w Poznaniu,,69.52,17.12,28.39,75.29,77.44,61.19,75.16,10.76,50.79,0.17,0.0,49.35,55.52,27.38,68.56,80.22,82.02,46.15,37.01,46.15,93.34,16.53,34.58,31.16,45.16,0.0,3.11,10.11,11.6,10.32,2025,,35.29,
23=,Uniwersytet Łódzki,,69.18,25.48,25.36,59.43,69.41,62.97,74.35,69.51,53.86,10.06,0.0,82.82,74.8,45.33,35.63,49.0,36.44,24.91,37.27,56.41,57.4,24.79,33.74,11.67,49.09,100.0,14.65,67.58,32.84,63.91,2025,,41.18,
23=,Akademia WSB w Dąbrowie Górniczej,,69.1,2.07,6.51,70.07,76.37,76.91,60.85,8.97,16.36,0.0,0.0,64.85,66.8,16.14,68.22,62.9,64.97,45.42,49.08,34.1,9.89,27.27,93.67,90.81,85.55,0.0,28.42,96.17,28.7,23.51,2025,,61.76,
23=,Pomorski Uniwersytet Medyczny w Szczecinie,,69.04,6.04,18.38,72.19,70.24,73.75,78.95,9.42,50.0,5.46,0.0,25.5,77.23,14.74,66.38,75.7,76.25,84.62,70.87,45.9,60.94,0.0,40.95,42.95,41.37,0.0,2.52,17.61,4.66,4.37,2025,,20.59,
27=,Uniwersytet Przyrodniczy we Wrocławiu,,67.15,14.58,17.9,53.78,41.33,68.76,79.67,27.35,57.89,21.57,0.0,72.92,83.43,48.9,66.49,53.25,55.14,30.4,34.12,70.26,71.59,14.88,23.03,20.16,53.02,100.0,4.73,13.61,12.76,34.63,2025,,20.59,
27=,Uniwersytet Śląski w Katowicach,,67.12,21.25,23.92,52.28,50.12,69.13,85.63,78.92,62.85,26.89,25.4,73.83,73.08,42.74,31.96,43.6,37.4,24.91,36.48,62.56,67.51,14.88,17.44,12.03,49.65,100.0,10.51,100.0,20.09,25.98,2025,,17.65,
29=,Polsko-Japońska Akademia Technik Komputerowych w Warszawie,,66.52,4.04,7.71,95.94,72.28,62.94,17.56,7.17,41.18,0.0,0.0,20.59,50.12,71.9,66.64,93.74,76.24,26.37,30.45,37.44,8.18,4.96,100.0,86.97,53.44,100.0,22.45,73.47,6.46,0.73,2025,PJATK,29.41,
29=,Uniwersytet SWPS,,66.37,22.85,13.35,66.14,61.45,86.2,48.89,18.39,58.33,0.0,0.0,31.68,72.9,76.39,60.16,52.73,55.38,36.63,36.48,70.0,17.69,0.0,27.28,17.54,66.76,100.0,13.68,28.2,18.1,8.22,2025,,23.53,
29=,Szkoła Główna Gospodarstwa Wiejskiego w Warszawie,,66.33,19.26,32.54,63.31,69.98,59.96,76.87,39.46,59.88,5.4,0.0,96.58,68.45,42.44,36.77,32.99,45.77,34.43,35.96,55.13,57.36,16.53,28.49,20.57,47.69,100.0,6.31,46.72,21.01,35.88,2025,,44.12,
29=,Uniwersytet Opolski,,66.12,10.55,20.26,54.59,51.92,64.86,60.93,43.5,46.46,0.0,0.0,41.65,82.87,29.54,26.3,18.5,40.35,100.0,100.0,45.38,49.55,10.74,39.44,33.25,48.39,100.0,15.45,82.56,14.01,16.91,2025,,23.53,
33,Politechnika Lubelska,,65.14,5.67,17.47,65.61,62.61,82.19,48.55,18.39,57.82,100.0,30.27,60.32,65.31,15.71,38.08,46.03,64.25,24.91,41.73,36.92,51.26,2.48,47.08,0.0,52.59,0.0,5.22,84.18,15.94,72.3,2025,Politechnika Lubelska,5.88,
34,Śląski Uniwersytet Medyczny w Katowicach,,64.09,6.32,23.31,78.05,71.79,57.14,52.65,10.76,85.4,4.58,4.6,51.53,56.14,21.71,59.21,77.32,81.74,53.85,41.21,36.41,75.3,18.18,20.29,17.6,40.67,0.0,0.57,13.47,3.94,9.33,2025,,26.47,
35=,Zachodniopomorski Uniwersytet Technologiczny w Szczecinie,,62.95,7.93,17.33,70.62,62.93,64.44,83.95,39.46,37.37,22.1,18.64,67.88,51.23,33.04,39.04,40.34,48.84,31.87,34.38,47.69,83.67,5.79,24.46,0.68,40.53,100.0,2.87,47.06,17.09,73.73,2025,ZUT,5.88,
35=,Uniwersytet VIZJA,,62.85,1.78,16.85,67.89,76.6,60.71,54.47,8.97,19.57,0.0,0.0,67.71,27.37,0.0,43.34,3.27,38.87,85.35,68.77,100.0,5.12,3.31,100.0,72.56,100.0,0.0,100.0,9.36,1.48,6.85,2025,,82.35,
35=,Wojskowa Akademia Techniczna im. Jarosława Dąbrowskiego w Warszawie,,62.54,9.39,12.3,77.13,77.58,61.47,38.97,23.77,100.0,5.49,20.82,28.9,68.32,40.56,34.75,49.14,51.92,19.78,32.81,48.46,100.0,20.66,7.05,1.44,32.96,0.0,1.29,20.65,25.69,17.36,2025,WAT,5.88,
35=,Uniwersytet Przyrodniczy w Poznaniu,,62.48,13.2,28.49,61.78,57.2,70.06,100.0,30.94,29.95,12.14,0.0,81.14,61.33,27.32,63.31,39.49,57.56,31.87,34.91,56.41,86.12,2.48,20.15,18.02,43.48,0.0,3.8,7.6,5.3,17.81,2025,,32.35,
39=,Uczelnia Łazarskiego w Warszawie,,60.97,5.16,6.08,76.44,75.18,73.92,39.3,7.62,0.0,0.0,0.0,17.48,59.68,23.82,100.0,26.06,51.72,41.03,30.71,38.46,20.98,3.31,100.0,63.2,35.9,0.0,23.53,100.0,17.59,29.47,2025,,23.53,
39=,Politechnika Opolska,,60.93,3.32,18.77,68.95,62.83,63.13,61.74,19.73,100.0,9.08,27.76,51.98,50.33,0.0,34.7,31.54,56.8,37.36,37.01,71.28,53.65,2.48,31.03,3.68,67.46,100.0,13.44,100.0,14.95,46.55,2025,Politechnika Opolska,8.82,
39=,Uniwersytet Ekonomiczny w Poznaniu,,60.48,15.81,10.84,70.32,79.16,57.14,82.19,7.17,34.9,0.0,0.0,66.82,81.33,18.11,20.51,31.95,29.06,30.04,35.7,60.26,40.05,42.98,33.68,12.23,42.64,0.0,4.23,64.27,16.69,36.91,2025,,14.71,
42,Społeczna Akademia Nauk w Łodzi,,60.35,0.75,7.8,63.1,67.1,63.55,21.04,3.14,0.0,0.0,0.0,46.86,45.89,41.57,29.62,0.0,62.16,59.71,56.96,99.23,10.07,3.31,62.93,100.0,98.46,0.0,33.77,100.0,13.2,5.71,2025,,20.59,
43=,Uniwersytet Ekonomiczny we Wrocławiu,,59.45,9.09,10.66,74.22,74.59,57.14,67.89,9.42,32.56,0.48,0.0,60.92,73.57,44.67,15.62,22.39,28.12,28.94,40.94,50.0,37.62,38.84,16.28,34.16,38.71,0.0,2.34,100.0,28.37,61.68,2025,,8.82,
43=,Uniwersytet Ekonomiczny w Krakowie,,58.96,11.06,11.93,71.11,74.93,58.57,52.06,12.56,44.44,1.41,0.0,68.6,57.67,23.35,32.25,45.79,18.8,35.9,44.09,50.77,28.27,45.45,26.17,31.01,37.31,0.0,2.6,100.0,28.02,27.1,2025,,20.59,
45=,Uniwersytet Warmińsko-Mazurski w Olsztynie,,58.94,18.43,27.78,58.63,42.16,62.21,78.77,69.96,32.01,4.95,0.0,87.19,61.38,24.09,32.71,33.1,43.33,39.93,35.43,51.79,63.45,29.75,10.65,7.21,39.83,100.0,5.16,1.03,11.12,13.56,2025,,23.53,
45=,Uniwersytet Marii Curie-Skłodowskiej w Lublinie,,58.69,21.03,19.28,50.91,44.56,64.89,87.61,68.16,39.06,5.89,0.0,64.12,67.16,30.67,37.73,41.76,31.99,24.18,34.12,56.15,59.62,22.31,41.62,8.8,44.88,0.0,8.42,23.84,15.03,13.84,2025,,41.18,
45=,Akademia Finansów i Biznesu Vistula,,58.47,2.03,6.18,68.48,87.01,62.29,40.2,7.62,14.81,5.05,0.0,52.01,48.35,0.0,39.42,8.05,31.84,37.73,31.76,65.13,6.24,13.22,100.0,100.0,54.84,0.0,32.35,100.0,14.88,10.05,2025,,100.0,
48,Akademia Wychowania Fizycznego im. Jerzego Kukuczki w Katowicach,,57.68,2.87,8.89,47.6,61.64,100.0,42.87,3.59,68.09,32.12,0.0,6.75,86.0,0.0,72.3,40.86,86.07,23.44,30.97,40.51,44.28,0.0,3.47,25.24,60.31,0.0,1.8,14.41,23.16,21.05,2025,,2.94,
49,Politechnika Białostocka,,56.79,6.55,13.54,64.2,58.75,61.24,60.11,26.46,81.6,8.04,0.0,61.77,50.9,10.78,29.27,34.53,52.07,24.54,32.28,42.31,48.78,17.36,16.71,3.54,41.8,100.0,5.1,77.96,40.8,100.0,2025,Politechnika Bialostocka,11.76,
50=,Politechnika Częstochowska,,55.61,3.95,14.02,66.77,49.13,55.79,69.43,22.87,43.84,11.95,8.51,63.15,55.4,25.06,24.31,28.3,58.78,24.54,32.55,30.51,81.24,9.92,51.21,7.41,51.75,0.0,5.41,46.62,6.8,69.07,2025,Politechnika Czestochowska,14.71,
50=,Katolicki Uniwersytet Lubelski Jana Pawła II,,55.52,18.24,13.74,50.06,29.69,75.77,84.75,42.6,46.65,3.22,0.0,33.76,82.8,0.0,28.99,45.11,28.58,29.67,38.06,44.1,72.97,6.61,32.43,3.88,27.07,0.0,11.22,100.0,29.62,29.06,2025,,11.76,
50=,Uniwersytet Rolniczy im. Hugona Kołłątaja w Krakowie,,55.43,10.83,17.69,55.37,29.82,66.83,96.15,32.29,39.58,10.73,8.55,75.46,44.4,20.64,41.31,37.62,48.4,31.14,35.17,69.23,78.91,0.0,8.66,1.42,46.84,0.0,5.16,47.06,21.78,45.69,2025,,5.88,
50=,Uniwersytet Zielonogórski,,55.17,13.12,20.15,66.42,60.1,63.22,62.52,58.3,14.95,5.33,0.0,53.69,57.98,37.39,29.76,19.56,42.82,39.93,32.55,50.51,65.25,0.0,10.98,1.73,61.85,0.0,10.99,46.15,10.91,21.29,2025,,5.88,
50=,Uniwersytet Kardynała Stefana Wyszyńskiego w Warszawie,,55.12,15.13,9.43,57.77,61.45,67.06,82.24,47.09,61.03,0.53,0.0,36.37,88.37,0.0,48.6,35.93,30.24,38.46,39.63,43.33,48.09,0.0,9.01,0.47,45.58,0.0,8.4,61.62,21.72,9.98,2025,,5.88,
55-60,Akademia Pożarnicza w Warszawie,,,1.33,7.07,85.31,100.0,83.91,31.97,4.48,0.0,2.76,0.0,51.8,70.53,59.74,32.64,39.35,31.86,20.88,28.61,36.15,37.99,0.0,0.65,0.0,27.07,0.0,3.01,0.0,0.0,1.07,2025,,0.0,
55-60,Politechnika Bydgoska im. Jana i Jędrzeja Śniadeckich,,,3.7,10.4,69.04,63.74,61.76,51.35,25.11,20.0,25.31,43.87,63.29,51.52,38.11,36.56,30.79,46.05,27.11,32.02,45.13,53.97,3.31,4.81,0.0,47.55,0.0,5.8,46.38,6.79,46.29,2025,Politechnika Bydgoska,5.88,
55-60,Uniwersytet Civitas w Warszawie,,,3.16,5.79,66.86,80.88,57.14,35.88,3.14,0.0,0.0,0.0,50.71,34.44,35.63,44.67,6.43,34.81,30.04,28.08,68.97,17.4,0.0,100.0,50.6,43.62,0.0,45.57,35.44,31.02,87.9,2025,,17.65,
55-60,Uniwersytet Ekonomiczny w Katowicach,,,6.19,10.02,64.85,74.08,57.14,60.83,7.17,51.49,0.0,0.0,56.66,47.16,29.91,20.79,24.37,21.08,44.69,40.94,41.79,31.99,24.79,10.16,26.64,34.64,100.0,0.9,100.0,32.93,22.11,2025,,2.94,
55-60,Uniwersytet Szczeciński,,,7.28,14.28,52.5,60.02,64.05,72.94,56.5,42.53,0.79,0.0,70.49,48.92,44.05,30.41,43.78,31.13,29.3,30.71,44.62,56.68,4.96,24.06,21.79,38.99,0.0,11.59,58.8,16.86,44.83,2025,,11.76,
55-60,Uniwersytet w Białymstoku,,,7.03,19.47,50.46,43.7,65.47,76.66,37.22,70.33,4.65,18.94,37.91,50.33,23.02,35.94,33.68,28.62,38.83,50.92,57.95,60.34,8.26,26.2,0.0,42.78,0.0,8.88,100.0,15.76,20.34,2025,,8.82,
61-72,Akademia Humanitas w Sosnowcu,,,1.39,3.76,72.48,84.97,52.91,34.77,3.14,0.0,0.0,0.0,50.61,23.86,0.0,70.35,17.58,12.96,27.84,40.16,42.82,16.42,0.0,72.81,75.26,52.17,0.0,76.77,32.32,0.54,0.0,2025,,5.88,
61-72,AWFiS im. Jędrzeja Śniadeckiego w Gdańsku,,,2.09,7.96,47.44,64.66,71.43,33.53,3.59,96.15,0.0,0.0,11.79,48.44,0.0,43.61,75.29,94.74,24.18,33.07,37.18,28.92,0.0,18.12,14.09,84.29,0.0,10.19,20.38,12.85,15.58,2025,,5.88,
61-72,AWF im. Eugeniusza Piaseckiego w Poznaniu,,,2.59,6.02,46.52,56.58,100.0,52.38,3.59,61.54,0.0,0.0,12.22,39.53,39.25,46.49,4.53,50.7,27.11,32.28,43.33,41.56,0.0,6.36,0.0,54.56,0.0,1.99,63.68,42.51,24.19,2025,,2.94,
61-72,AWF Józefa Piłsudskiego w Warszawie,,,2.24,8.3,47.19,67.78,71.43,32.79,3.59,67.39,0.0,0.0,12.1,82.36,0.0,40.59,44.68,58.46,33.33,37.27,26.67,34.79,0.0,9.81,12.75,39.69,0.0,0.0,100.0,20.1,58.93,2025,,5.88,
61-72,Politechnika Koszalińska,,,2.95,7.95,65.22,58.53,60.49,52.29,12.11,76.92,34.73,0.0,50.84,64.9,12.53,16.31,11.29,40.69,24.91,32.81,35.38,65.19,3.31,21.44,0.9,54.84,100.0,10.6,35.76,1.36,25.44,2025,Politechnika Koszalinska,5.88,
61-72,Politechnika Rzeszowska im. Ignacego Łukasiewicza,,,8.06,16.52,66.12,48.99,59.02,54.58,30.49,44.7,35.32,21.84,61.15,60.71,19.15,43.48,31.27,38.54,27.84,35.43,36.92,42.13,5.79,5.68,0.61,39.55,0.0,6.46,93.91,12.94,20.92,2025,Politechnika Rzeszowska,5.88,
61-72,Politechnika Świętokrzyska w Kielcach,,,2.17,8.55,65.12,43.66,64.97,46.13,14.35,94.44,22.29,0.0,49.98,61.27,0.0,43.31,51.24,54.28,17.95,26.25,19.23,54.9,3.31,32.61,14.56,33.94,0.0,6.08,76.96,5.78,24.36,2025,Politechnika Swietokrzyska,14.71,
61-72,Uniwersytet Jana Długosza w Częstochowie,,,1.99,8.91,47.71,17.94,64.79,63.96,25.11,40.69,7.54,27.68,39.17,53.8,19.41,48.1,26.99,24.83,24.54,39.9,42.31,46.65,0.0,19.43,1.18,61.43,100.0,10.46,100.0,5.17,38.14,2025,,2.94,
61-72,Uniwersytet Morski w Gdyni,,,3.37,10.12,69.76,50.08,54.36,43.3,11.66,39.71,3.5,0.0,51.36,95.9,19.49,26.06,21.06,36.49,23.44,28.35,50.0,45.6,3.31,15.7,0.0,24.82,0.0,3.77,21.38,16.15,16.76,2025,Uniwersytet Morski w Gdyni,5.88,
61-72,Uniwersytet Przyrodniczy w Lublinie,,,10.85,16.14,48.09,15.51,65.02,94.98,22.42,28.38,15.24,0.0,69.98,56.84,6.08,53.05,39.03,54.64,27.11,32.55,51.03,73.37,9.92,15.65,3.93,38.57,0.0,0.63,100.0,5.08,28.24,2025,,8.82,
61-72,Uniwersytet Rzeszowski,,,7.86,17.5,54.39,32.31,64.15,64.21,61.43,27.88,10.33,0.0,25.37,70.21,13.07,43.57,38.69,51.2,27.47,34.38,48.46,51.42,0.0,9.01,3.68,43.2,0.0,6.81,55.8,7.55,15.82,2025,,11.76,
61-72,Uniwersytet WSB Merito w Poznaniu,,,1.17,6.5,70.0,75.06,68.93,15.0,5.38,0.0,0.0,0.0,51.14,48.35,18.69,65.17,0.0,39.74,41.03,48.29,56.15,6.18,11.57,21.43,6.04,36.19,0.0,1.35,60.61,2.33,2.01,2025,,41.18,
73-82,Akademia Kultury Fizycznej im. Bronisława Czecha w Krakowie,,,2.47,8.08,41.79,49.49,71.43,31.43,3.59,72.09,1.57,0.0,22.6,38.19,0.0,38.4,86.09,86.55,20.51,29.13,32.82,41.51,0.0,5.76,0.0,37.59,0.0,1.44,64.98,17.14,12.85,2025,,2.94,
73-82,Akademia Pedagogiki Specjalnej im. Marii Grzegorzewskiej w Warszawie,,,1.76,6.17,55.04,77.04,56.89,49.84,8.97,27.5,0.0,0.0,52.88,62.29,0.0,42.11,39.7,14.01,30.4,29.13,51.28,50.45,1.65,6.12,0.0,42.64,0.0,4.92,8.62,10.05,10.83,2025,,5.88,
73-82,AWF im. Polskich Olimpijczyków we Wrocławiu,,,2.69,8.71,45.36,51.71,71.43,41.71,3.59,41.67,0.0,0.0,7.71,42.25,0.0,48.61,47.33,91.65,25.64,29.4,33.08,46.57,0.0,10.52,0.0,49.79,0.0,1.72,82.4,12.81,5.69,2025,,2.94,
73-82,Politechnika Morska w Szczecinie,,,1.74,7.48,62.69,30.46,61.43,29.27,6.73,36.11,4.95,0.0,44.9,37.58,31.08,25.71,44.89,23.78,27.11,39.37,47.69,35.01,8.26,74.72,18.06,29.87,0.0,3.21,43.37,8.03,2.05,2025,Politechnika Morska w Szczecinie,8.82,
73-82,Uniwersytet Dolnośląski DSW we Wrocławiu,,,2.11,5.78,58.54,67.64,71.43,30.53,5.83,0.0,0.0,0.0,25.52,76.57,0.0,79.31,0.0,19.13,19.78,26.25,68.97,8.49,0.0,24.92,4.57,52.88,0.0,9.52,76.19,6.54,5.34,2025,,8.82,
73-82,Uniwersytet Ignatianum w Krakowie,,,3.93,6.27,49.26,47.92,66.44,52.46,11.21,84.21,0.0,0.0,30.66,66.53,22.51,36.07,33.57,12.32,20.88,20.47,44.87,41.53,6.61,5.99,0.0,18.79,0.0,10.91,72.73,12.31,16.03,2025,,2.94,
73-82,Uniwersytet Jana Kochanowskiego w Kielcach,,,3.53,11.4,52.96,36.32,56.98,65.47,45.74,42.22,5.65,0.0,34.19,45.89,26.71,40.24,27.16,32.66,23.44,31.23,37.95,55.98,3.31,12.84,6.09,42.36,0.0,9.1,42.16,4.32,17.88,2025,,11.76,
73-82,Uniwersytet Kazimierza Wielkiego w Bydgoszczy,,,3.83,10.31,52.86,52.06,57.54,62.45,36.77,46.84,3.66,0.0,55.46,50.93,6.31,39.19,27.9,25.38,19.78,33.6,36.92,52.5,0.0,18.54,0.0,43.9,0.0,12.99,27.27,7.21,30.8,2025,,5.88,
73-82,Uniwersytet Papieski Jana Pawła II w Krakowie,,,4.61,5.28,51.64,64.08,64.52,87.12,17.04,47.22,4.08,0.0,5.28,63.34,0.0,57.11,44.27,7.81,16.12,21.78,29.74,62.63,6.61,16.8,3.55,16.41,0.0,1.59,7.97,12.15,18.22,2025,,5.88,
73-82,Uniwersytet Pomorski w Słupsku,,,1.33,5.13,64.52,63.91,55.81,42.21,13.0,42.03,0.0,0.0,57.5,44.6,0.0,31.47,19.92,19.05,24.54,32.28,37.95,46.92,0.0,86.48,0.45,46.7,0.0,8.46,22.96,6.46,84.18,2025,,8.82,
83-92,Akademia Humanistyczno-Ekonomiczna w Łodzi,,,1.41,1.0,90.88,87.94,57.14,11.72,1.79,72.73,0.0,0.0,10.25,14.38,0.0,47.96,0.0,6.97,21.61,19.69,5.38,12.94,0.0,18.17,4.4,31.14,0.0,10.53,56.84,6.47,10.4,2025,,11.76,
83-92,Akademia Katolicka w Warszawie,,,2.62,1.44,56.9,90.5,57.14,47.86,3.59,46.15,0.0,0.0,5.01,24.6,0.0,29.62,0.0,5.91,8.06,22.83,15.13,49.12,6.61,35.08,0.0,24.82,0.0,0.0,21.82,0.0,0.0,2025,,5.88,
83-92,Chrześcijańska Akademia Teologiczna w Warszawie,,,0.65,3.61,57.25,79.06,63.84,99.08,5.83,60.87,0.0,0.0,0.0,7.3,0.0,5.59,8.85,0.0,0.0,0.0,0.0,85.17,0.0,49.61,0.0,19.21,0.0,0.0,68.09,10.86,10.18,2025,,2.94,
83-92,Lubelska Akademia WSEI,,,1.15,2.41,85.56,76.38,41.36,31.64,1.79,15.0,12.77,0.0,42.8,20.8,0.0,50.35,0.0,32.7,19.78,33.6,17.44,8.74,0.0,75.32,42.44,45.86,0.0,15.63,81.25,4.65,7.4,2025,,17.65,
83-92,Międzynarodowa Wyższa Szkoła Logistyki i Transportu we Wrocławiu,,,0.33,3.15,72.81,93.12,57.14,46.02,0.9,0.0,0.0,0.0,40.2,44.08,0.0,15.74,0.0,14.93,16.48,19.95,0.0,10.15,0.0,100.0,47.31,30.01,0.0,36.36,100.0,10.0,6.7,2025,,14.71,
83-92,Uniwersytet Andrzeja Frycza Modrzewskiego w Krakowie,,,2.63,3.38,62.39,60.2,53.53,39.67,12.11,0.0,0.0,0.0,13.92,23.57,0.0,79.26,17.71,33.67,23.81,24.15,23.08,28.26,6.61,59.53,10.8,37.73,0.0,7.12,46.82,6.74,9.96,2025,,5.88,
83-92,Uniwersytet Bielsko-Bialski,,,0.78,7.56,69.82,66.91,58.22,50.96,14.35,34.67,0.0,0.0,54.02,40.2,0.0,30.77,7.08,30.3,22.71,37.27,32.56,38.89,0.0,7.09,0.0,52.17,0.0,14.77,22.82,7.36,11.65,2025,Uniwersytet Bielsko-Bialski,2.94,
83-92,Uniwersytet Komisji Edukacji Narodowej w Krakowie,,,2.74,4.44,53.45,51.3,60.03,56.47,44.84,64.54,3.17,0.0,35.53,58.97,6.95,38.68,24.38,16.12,25.64,29.66,45.38,29.21,6.61,11.2,0.0,46.98,0.0,13.33,61.33,12.21,12.69,2025,,8.82,
83-92,Uniwersytet Radomski im. Kazimierza Pułaskiego,,,0.38,7.61,61.1,49.69,57.14,59.03,17.49,0.0,4.95,0.0,33.41,44.47,0.0,26.58,12.7,28.87,21.61,33.07,28.72,38.97,0.0,38.4,0.0,56.38,0.0,8.14,100.0,4.14,12.4,2025,Uniwersytet Radomski,5.88,
83-92,Uniwersytet w Siedlcach,,,3.17,5.59,57.36,37.36,53.63,72.78,22.42,29.32,4.07,29.88,39.31,52.92,5.61,23.63,11.6,27.49,19.05,27.82,24.36,57.04,0.0,18.35,0.0,35.62,0.0,9.73,100.0,7.53,23.8,2025,,8.82,
92+,Akademia Górnośląska im. Wojciecha Korfantego w Katowicach,,,1.6,3.9,63.54,53.14,57.14,30.61,2.24,0.0,0.0,0.0,25.06,14.06,0.0,42.64,19.28,0.61,5.13,22.83,0.0,18.19,0.0,19.86,15.03,84.15,0.0,9.3,100.0,11.68,13.51,2025,,8.82,
92+,Akademia im. Jakuba z Paradyża w Gorzowie Wielkopolskim,,,0.83,4.45,66.85,55.77,49.36,50.38,2.69,44.44,25.15,0.0,0.0,36.65,0.0,11.21,0.0,0.0,0.0,0.0,0.0,64.09,0.0,27.68,0.0,0.0,0.0,5.53,86.64,0.0,10.82,2025,,2.94,
92+,Akademia Jagiellońska w Toruniu,,,1.79,1.15,65.83,62.09,57.14,73.63,4.48,0.0,0.0,0.0,0.0,0.0,0.0,11.8,62.25,0.0,0.0,0.0,0.0,40.91,0.0,100.0,0.0,0.0,0.0,96.97,100.0,0.0,7.55,2025,,2.94,
92+,Akademia Kujawsko-Pomorska w Bydgoszczy,,,2.19,4.06,68.95,71.96,57.14,96.42,1.79,0.0,0.0,0.0,0.0,52.11,0.0,9.68,0.0,0.0,0.0,0.0,0.0,35.04,0.0,8.44,0.0,0.0,0.0,88.89,100.0,17.74,30.87,2025,,2.94,
92+,Akademia Śląska w Katowicach,,,1.6,2.22,61.52,35.08,58.36,16.87,6.73,0.0,0.0,0.0,0.0,28.85,0.0,37.57,14.6,0.0,0.0,0.0,0.0,43.63,0.0,25.89,12.14,0.0,0.0,8.0,6.67,3.64,0.0,2025,,8.82,
92+,Uniwersytet Kaliski im. Prezydenta Stanisława Wojciechowskiego,,,0.91,1.84,73.91,29.85,57.14,51.81,6.73,16.92,21.98,0.0,0.0,66.95,0.0,47.11,25.63,0.0,0.0,0.0,0.0,40.23,0.0,13.37,0.0,0.0,0.0,3.15,55.12,2.7,36.71,2025,,2.94,
92+,Uniwersytet WSB Merito w Gdańsku,,,0.71,6.5,63.53,64.32,66.86,29.07,6.73,0.0,0.0,0.0,0.0,47.38,0.0,51.06,0.0,0.0,0.0,0.0,0.0,7.45,11.57,21.67,9.68,0.0,0.0,22.56,45.13,8.17,1.92,2025,,26.47,
92+,Uniwersytet WSB Merito w Toruniu,,,0.84,6.5,68.07,69.7,57.14,16.36,5.83,0.0,0.0,0.0,0.0,43.72,0.0,35.46,0.0,0.0,0.0,0.0,0.0,6.25,0.0,13.41,7.61,0.0,0.0,0.0,20.2,0.36,0.0,2025,,20.59,
92+,Uniwersytet WSB Merito we Wrocławiu,,,1.59,6.5,67.84,66.37,69.14,18.88,6.28,0.0,0.0,0.0,0.0,15.59,0.0,39.01,2.81,0.0,0.0,0.0,0.0,6.6,0.0,37.74,10.59,0.0,0.0,14.51,64.25,6.81,5.67,2025,,8.82,
1=,Uniwersytet Warszawski,P,100.0,83.06,95.74,65.13,74.2,89.51,86.43,86.1,100.0,7.57,44.57,83.94,87.29,100.0,50.05,33.88,46.78,26.4,35.96,63.17,68.01,100.0,28.57,34.63,26.42,100.0,40.46,36.75,46.27,39.26,2026,,100.0,
1=,Uniwersytet Jagielloński w Krakowie,P,99.67,100.0,100.0,63.05,60.72,82.56,81.42,97.76,92.2,7.29,79.66,100.0,79.93,59.41,56.91,54.8,50.59,33.85,41.8,57.81,84.79,58.06,43.52,27.77,33.46,100.0,27.05,35.99,46.67,43.64,2026,,92.04,
3,Politechnika Warszawska,P,92.32,68.63,53.77,84.46,86.85,80.76,60.91,48.43,100.0,26.58,59.98,70.42,62.19,59.79,55.23,44.71,50.99,22.05,41.12,57.37,64.08,91.4,27.79,45.89,21.53,100.0,15.43,15.06,30.67,38.94,2026,Politechnika Warszawska,81.42,
4,Akademia Górniczo-Hutnicza im. Stanisława Staszica w Krakowie,P,86.13,45.35,56.49,86.48,76.33,77.45,70.75,54.26,100.0,19.44,100.0,88.91,46.02,59.07,49.8,29.72,53.46,25.78,60.0,72.54,70.16,61.29,10.01,17.44,26.81,100.0,20.51,39.16,15.33,43.25,2026,AGH,55.75,
5,Politechnika Gdańska,P,84.95,35.13,46.06,79.2,79.86,97.33,69.6,46.19,100.0,25.57,41.4,76.14,64.72,68.82,57.24,43.02,64.31,31.06,32.58,74.78,50.08,30.11,24.08,49.52,35.23,100.0,21.41,66.95,28.12,33.37,2026,Politechnika Gdanska,46.02,
6,Politechnika Wrocławska,P,79.4,44.99,43.12,84.91,74.91,89.98,56.84,46.64,100.0,22.19,27.22,75.75,50.2,50.95,56.04,48.53,47.66,23.29,28.54,54.69,64.57,31.18,23.89,32.89,25.05,100.0,13.73,51.5,20.67,35.55,2026,Politechnika Wroclawska,57.52,
7,Uniwersytet im. Adama Mickiewicza w Poznaniu,P,77.9,67.69,51.48,59.63,61.21,84.91,95.54,77.13,73.46,6.39,6.45,66.54,63.1,18.57,45.82,30.92,35.28,26.09,29.21,66.07,74.06,59.14,25.41,12.43,28.18,100.0,29.48,31.58,29.26,22.23,2026,,61.95,
8=,Politechnika Łódzka,P,76.12,17.4,26.97,80.68,79.74,90.11,61.53,41.7,86.14,37.05,23.34,47.28,36.62,54.37,44.44,42.94,48.39,22.05,30.56,53.57,66.69,39.78,22.01,65.55,24.66,100.0,12.31,56.11,58.38,75.15,2026,Politechnika Lodzka,37.17,
8=,Politechnika Śląska,P,75.95,27.02,42.29,77.79,71.11,79.84,76.39,40.36,99.83,35.6,19.42,96.19,35.08,45.24,35.94,32.09,55.43,30.43,34.16,66.07,69.84,47.31,31.19,38.25,32.49,100.0,13.95,36.61,16.99,19.11,2026,Politechnika Slaska,40.71,
10=,Politechnika Poznańska,P,74.96,22.17,30.7,80.88,75.17,87.57,61.1,32.29,82.55,41.67,59.66,66.63,32.2,42.64,60.48,57.08,52.05,23.91,32.36,54.69,49.07,38.71,21.06,29.52,27.4,100.0,14.88,74.71,25.99,32.7,2026,Politechnika Poznanska,46.9,
10=,Uniwersytet Medyczny w Białymstoku,P,74.89,22.01,19.67,79.55,66.02,87.03,68.73,10.76,91.13,3.66,60.97,25.93,91.19,39.65,84.6,80.51,74.69,34.47,31.46,50.67,60.49,15.05,28.82,27.73,42.66,0.0,6.5,19.49,2.94,1.15,2026,,44.25,
10=,Uniwersytet Gdański,P,74.62,42.78,33.22,60.37,63.25,72.85,65.52,71.3,87.77,6.89,20.49,82.29,53.3,62.75,57.08,48.6,31.12,25.78,32.13,65.4,58.52,41.94,10.88,31.45,26.42,100.0,20.48,100.0,32.76,34.23,2026,,38.94,
13=,Gdański Uniwersytet Medyczny,P,74.18,16.05,29.27,78.15,72.82,68.17,69.48,10.76,52.45,7.04,58.05,38.58,31.9,27.2,74.05,67.01,60.36,56.83,40.67,51.34,92.78,33.33,38.78,36.54,52.05,100.0,4.16,7.08,17.62,24.35,2026,,54.87,
13=,Szkoła Główna Handlowa w Warszawie,P,74.17,24.64,12.31,100.0,91.12,65.83,70.01,10.31,44.71,0.0,0.0,69.41,69.52,50.65,28.56,32.96,23.71,28.57,29.89,41.07,56.03,63.44,40.12,48.36,20.16,100.0,13.94,18.77,90.75,75.16,2026,,60.18,
15=,Uniwersytet Medyczny w Łodzi,P,73.23,13.8,31.01,84.87,69.77,80.52,55.57,10.76,77.38,6.25,10.29,39.93,99.57,33.62,69.45,62.89,92.84,53.73,44.27,42.63,54.49,12.9,27.87,28.48,67.91,0.0,2.14,18.86,9.2,5.76,2026,,65.49,
15=,Uniwersytet Wrocławski,P,73.18,50.22,36.48,58.08,57.32,78.8,80.31,77.58,79.19,2.34,0.0,37.33,70.37,25.42,44.67,36.74,32.04,34.78,36.4,57.81,73.01,21.51,32.67,30.03,27.01,100.0,20.77,87.97,36.13,35.95,2026,,89.38,
15=,Akademia Leona Koźmińskiego w Warszawie,N,73.0,20.84,17.53,80.45,80.6,73.35,55.24,10.76,60.0,0.0,4.61,56.11,33.55,51.07,44.31,18.96,49.16,36.02,34.16,63.62,19.5,54.84,46.02,79.49,27.79,100.0,43.15,100.0,100.0,87.46,2026,,54.87,
18,Warszawski Uniwersytet Medyczny,P,72.69,22.57,33.76,80.42,61.4,82.29,64.51,10.76,78.08,5.95,38.71,55.19,46.07,29.31,78.77,68.89,84.74,50.31,40.45,42.63,73.73,10.75,27.39,25.54,53.03,0.0,3.41,18.93,22.32,19.74,2026,,69.91,
19,Uniwersytet Mikołaja Kopernika w Toruniu,P,71.74,38.74,42.47,62.95,57.32,77.84,80.07,100.0,62.64,5.71,21.24,65.95,44.19,39.58,50.63,50.74,42.05,25.47,29.21,50.67,77.46,55.91,21.9,12.55,26.22,100.0,14.22,16.75,18.25,25.43,2026,,49.56,
20,Uniwersytet Łódzki,P,70.52,31.1,23.26,61.48,67.46,72.52,74.97,70.85,56.48,12.63,8.23,77.05,64.97,46.13,40.9,46.62,33.24,21.12,33.03,49.78,64.86,32.26,32.15,29.27,20.74,100.0,15.64,67.06,35.9,61.84,2026,,53.1,
21,Uniwersytet Medyczny im. Piastów Śląskich we Wrocławiu,P,68.73,19.99,43.87,83.73,40.83,82.29,48.44,10.76,39.84,13.06,7.05,45.09,37.41,24.33,74.22,60.7,86.0,48.45,30.56,55.8,81.79,8.6,47.29,41.68,59.49,0.0,7.31,20.38,17.12,19.84,2026,,56.64,
22=,Uniwersytet Medyczny w Lublinie,P,67.85,12.37,23.67,85.06,69.17,71.81,58.14,10.76,84.84,35.08,38.01,34.32,53.5,26.08,71.4,87.22,83.85,31.06,32.58,40.85,52.74,10.75,34.87,32.61,36.99,0.0,4.03,26.01,1.68,9.07,2026,,44.25,
22=,Uniwersytet Przyrodniczy we Wrocławiu,P,67.77,15.42,13.8,56.25,37.41,78.16,78.33,27.35,55.34,39.52,6.03,67.22,72.06,45.27,71.61,46.95,47.55,26.71,29.21,64.06,82.34,23.66,22.67,20.71,26.42,100.0,6.42,49.64,17.64,45.01,2026,,35.4,
22=,Pomorski Uniwersytet Medyczny w Szczecinie,P,67.77,6.87,17.24,75.46,64.43,85.07,75.66,9.42,51.83,15.81,0.0,22.23,61.99,21.47,69.46,62.3,64.92,65.22,55.28,43.08,69.74,0.0,41.07,42.02,81.41,0.0,3.87,8.51,5.51,4.19,2026,,32.74,
25=,Szkoła Główna Gospodarstwa Wiejskiego w Warszawie,P,66.88,19.76,25.11,65.0,67.82,69.12,77.7,42.15,63.79,9.4,0.0,90.2,52.11,44.97,50.28,34.51,40.95,29.19,31.69,54.02,68.62,27.96,28.31,22.0,31.51,100.0,5.93,43.72,18.01,31.82,2026,,64.6,
25=,Politechnika Krakowska im. Tadeusza Kościuszki,P,66.88,17.13,25.27,71.27,63.47,87.87,49.78,28.7,100.0,22.24,25.72,60.01,49.96,30.11,38.0,48.56,54.39,25.16,36.63,57.37,43.77,24.73,15.68,31.49,28.96,100.0,6.75,28.17,6.56,58.3,2026,Politechnika Krakowska,33.63,
27,Uniwersytet Medyczny im. Karola Marcinkowskiego w Poznaniu,P,65.58,18.49,20.57,80.17,65.49,70.37,74.64,10.76,48.25,1.15,0.0,43.94,31.06,21.75,75.76,75.18,75.48,39.75,35.06,40.85,88.56,12.9,35.6,34.38,42.07,0.0,6.29,15.32,10.26,7.81,2026,,56.64,
28=,Uniwersytet Opolski,P,64.96,8.69,20.25,59.59,47.89,74.48,61.52,46.19,60.0,0.94,0.0,28.54,51.25,22.61,41.71,18.95,36.87,100.0,90.34,38.17,48.32,9.68,38.49,36.18,100.0,100.0,17.09,80.11,10.54,14.27,2026,,37.17,
28=,Polsko-Japońska Akademia Technik Komputerowych w Warszawie,N,64.87,1.66,7.37,97.86,69.62,72.52,20.06,7.17,73.68,0.0,0.0,23.32,35.6,68.93,100.0,56.47,61.41,25.47,26.29,39.06,4.17,6.45,100.0,94.44,19.18,100.0,32.99,43.3,7.79,6.38,2026,PJATK,60.18,
30,Uniwersytet Śląski w Katowicach,P,64.3,26.51,24.63,55.13,43.74,79.62,86.5,80.27,62.41,22.99,7.82,68.76,61.93,32.38,39.21,37.96,33.79,22.05,33.03,54.24,74.15,16.13,17.13,11.74,21.33,100.0,15.23,69.36,25.4,22.47,2026,,34.51,
31=,Śląski Uniwersytet Medyczny w Katowicach,P,63.66,10.94,22.87,84.73,62.03,65.83,54.0,10.76,73.32,11.83,9.48,45.69,34.34,23.32,76.73,70.63,79.17,52.17,38.43,35.04,65.5,21.51,19.76,17.14,55.58,0.0,1.14,9.95,5.06,7.51,2026,,49.56,
31=,Uniwersytet Przyrodniczy w Poznaniu,P,63.32,14.92,26.12,64.82,55.32,80.95,100.0,32.29,34.75,23.02,10.32,74.92,40.04,32.51,63.66,41.6,51.22,27.02,30.79,56.03,100.0,3.23,22.67,19.48,27.2,0.0,4.97,15.45,7.18,12.59,2026,,38.05,
33=,Akademia WSB w Dąbrowie Górniczej,N,62.99,3.1,6.55,73.4,71.82,85.95,55.86,8.97,15.0,0.0,0.0,59.21,78.3,12.64,62.33,35.56,48.14,36.65,40.22,45.31,9.51,33.33,58.63,82.32,28.57,0.0,27.27,52.73,26.45,18.24,2026,,57.52,
33=,Uniwersytet SWPS,N,62.58,19.07,13.44,67.05,57.94,100.0,45.55,18.39,57.98,0.0,0.0,29.29,53.02,75.92,71.71,44.55,46.81,32.92,33.48,60.71,14.85,0.0,27.75,12.64,26.61,100.0,14.95,29.16,12.4,6.95,2026,,69.91,
35,Politechnika Lubelska,P,62.17,7.04,16.12,68.13,61.41,94.33,48.67,21.08,58.39,100.0,19.21,55.81,46.96,17.38,37.43,36.21,54.89,20.5,38.65,38.84,52.45,3.23,41.44,0.53,16.24,0.0,3.19,100.0,20.45,72.8,2026,Politechnika Lubelska,0.0,
36,Zachodniopomorski Uniwersytet Technologiczny w Szczecinie,P,61.46,10.27,16.19,71.96,58.02,74.22,83.8,39.46,43.36,37.47,6.84,66.61,32.02,33.88,46.78,28.93,41.13,26.4,29.89,49.78,90.62,7.53,23.74,0.0,32.09,100.0,4.01,45.21,16.08,60.22,2026,ZUT,10.62,
37,Uczelnia Łazarskiego w Warszawie,N,60.82,2.48,5.68,77.05,75.28,83.44,35.35,11.66,0.0,0.0,0.0,15.62,48.47,34.85,91.89,39.64,47.25,34.16,26.07,35.71,15.21,4.3,93.17,100.0,23.29,0.0,26.19,100.0,17.3,26.56,2026,,37.17,
38,Uniwersytet VIZJA,N,59.55,1.21,8.92,70.95,76.47,69.49,55.95,11.66,0.0,0.0,0.0,66.24,11.13,0.0,73.75,14.71,58.89,63.98,55.51,100.0,5.96,4.3,91.45,64.01,34.83,0.0,100.0,10.31,2.22,6.17,2026,,89.38,
39=,Uniwersytet Ekonomiczny we Wrocławiu,P,58.74,7.51,10.35,77.19,70.06,65.83,67.73,9.42,31.55,0.76,0.0,59.86,66.5,55.06,20.0,17.88,25.91,25.16,36.85,57.14,36.8,37.63,15.76,35.57,20.94,0.0,3.94,100.0,23.89,46.67,2026,,34.51,
39=,Akademia Pożarnicza w Warszawie,P,58.6,2.02,5.02,91.32,100.0,97.88,34.89,7.17,0.0,8.89,0.0,46.95,100.0,63.31,53.9,58.54,27.49,16.15,25.17,34.6,34.34,0.0,0.64,0.0,17.03,0.0,0.0,0.0,0.0,9.46,2026,,0.0,
39=,Uniwersytet Warmińsko-Mazurski w Olsztynie,P,58.31,18.86,29.89,61.99,37.44,71.83,79.28,73.99,44.83,8.2,0.0,82.47,41.89,24.65,40.52,29.95,36.99,34.47,30.79,51.79,68.66,25.81,10.26,6.51,40.12,100.0,7.23,16.0,7.5,12.09,2026,,39.82,
39=,Uniwersytet Marii Curie-Skłodowskiej w Lublinie,P,58.27,24.72,18.48,53.52,40.39,74.95,88.41,66.82,43.51,11.04,9.76,57.86,51.26,17.2,44.74,34.47,28.4,20.19,29.44,49.11,65.07,35.48,43.18,8.57,23.48,0.0,10.93,31.96,14.19,14.52,2026,,46.02,
43=,Politechnika Białostocka,P,58.1,7.74,12.65,66.81,55.71,70.63,61.55,27.8,80.0,11.9,0.0,56.42,28.29,17.09,41.49,40.6,44.75,21.43,28.54,47.54,50.24,25.81,14.17,23.42,22.5,100.0,6.56,100.0,54.69,88.54,2026,Politechnika Bialostocka,20.35,
43=,Uniwersytet Ekonomiczny w Krakowie,P,57.63,8.25,11.77,73.65,72.91,67.51,53.31,12.56,42.86,0.64,0.0,67.26,43.13,17.1,30.68,31.79,17.36,30.43,39.78,55.36,29.7,53.76,25.55,36.87,23.48,0.0,2.66,100.0,34.72,30.13,2026,,49.56,
45,Politechnika Opolska,P,57.58,5.47,18.2,72.58,60.28,72.55,60.87,23.77,99.15,10.17,12.02,47.75,36.66,0.0,38.16,30.32,46.92,31.99,32.58,66.52,56.39,3.23,30.87,4.02,38.36,100.0,15.11,65.49,17.11,33.22,2026,Politechnika Opolska,17.7,
46=,Katolicki Uniwersytet Lubelski Jana Pawła II,P,56.83,15.2,13.74,53.0,32.25,87.31,83.42,45.29,54.5,1.45,0.0,31.93,75.31,0.0,40.49,29.19,28.23,36.65,42.92,37.28,83.27,8.6,31.42,8.28,40.51,0.0,15.09,41.81,27.34,24.93,2026,,26.55,
46=,Wojskowa Akademia Techniczna im. J. Dąbrowskiego w Warszawie,P,56.55,9.41,11.4,80.38,74.25,70.92,38.14,25.11,100.0,11.6,12.1,35.95,35.53,33.4,36.18,37.9,44.19,18.32,28.31,42.63,73.09,26.88,6.31,1.76,22.5,0.0,1.65,11.93,13.39,20.23,2026,WAT,10.62,
46=,Uniwersytet Ekonomiczny w Poznaniu,P,56.46,10.0,10.65,71.36,77.5,65.83,82.61,7.17,40.63,0.43,0.0,66.17,55.56,0.0,17.09,25.13,26.24,25.78,31.69,61.83,46.88,45.16,29.5,13.49,23.48,0.0,5.88,63.03,13.05,31.87,2026,,52.21,
46=,Akademia Finansów i Biznesu Vistula,N,56.34,1.12,5.89,73.01,76.34,73.85,30.12,8.97,10.0,0.0,0.0,56.59,26.02,0.0,71.64,8.57,21.44,33.23,30.11,70.54,5.33,19.35,100.0,100.0,27.2,0.0,43.14,88.24,5.38,5.37,2026,,88.5,
50=,Uniwersytet Szczeciński,P,54.85,9.44,13.42,54.79,57.02,73.66,72.17,56.5,45.22,0.96,3.15,73.72,49.12,37.68,32.0,23.98,27.63,26.4,28.99,42.19,64.87,6.45,22.07,25.36,30.14,0.0,14.71,39.22,19.48,39.42,2026,,32.74,
50=,Uniwersytet Rolniczy im. Hugona Kołłątaja w Krakowie,P,54.72,12.42,17.07,57.99,29.57,77.19,95.71,32.29,40.73,15.12,11.0,69.04,30.46,26.0,53.34,34.62,41.31,26.09,30.79,66.52,89.65,0.0,9.63,1.44,23.87,0.0,7.95,28.98,8.84,26.75,2026,,17.7,
50=,Politechnika Częstochowska,P,54.69,5.01,12.48,70.76,47.63,64.33,67.34,21.52,40.93,16.87,3.29,62.18,39.02,24.77,26.18,25.23,50.31,22.98,30.79,31.92,84.7,17.2,61.3,8.03,23.48,0.0,6.81,12.95,9.28,74.82,2026,Politechnika Czestochowska,23.89,
53-61,Politechnika Koszalińska,P,,3.04,4.98,70.01,58.19,69.77,52.76,12.11,86.84,20.13,0.0,46.9,46.62,0.0,20.37,4.96,36.36,22.05,28.09,46.21,67.64,4.3,20.53,2.5,24.46,100.0,12.2,54.24,2.0,14.03,2026,Politechnika Koszalinska,0.0,
53-61,Politechnika Rzeszowska im. Ignacego Łukasiewicza,P,,7.81,15.89,69.23,48.95,67.98,54.83,31.84,45.21,50.42,10.45,56.44,38.44,22.15,43.03,32.92,33.62,22.36,29.89,39.96,47.38,7.53,4.79,1.13,26.61,0.0,6.36,49.88,8.38,22.05,2026,Politechnika Rzeszowska,0.0,
53-61,Społeczna Akademia Nauk w Łodzi,N,,0.3,7.36,66.8,64.6,73.78,25.41,4.48,0.0,0.0,0.0,42.44,36.99,0.0,53.03,3.67,49.59,51.24,51.69,84.15,4.3,4.3,49.89,100.0,30.33,0.0,35.04,100.0,9.17,5.8,2026,,26.55,
53-61,Uniwersytet Ekonomiczny w Katowicach,P,,5.45,9.68,67.8,69.0,65.83,63.19,7.17,56.2,0.0,0.0,56.5,42.22,0.0,29.02,23.17,19.2,40.37,41.8,49.11,33.42,25.81,11.38,32.02,33.86,100.0,0.9,79.28,26.32,26.23,2026,,37.17,
53-61,Uniwersytet Kardynała Stefana Wyszyńskiego w Warszawie,P,,13.59,9.48,60.07,58.32,76.83,84.51,48.43,62.0,2.69,0.0,31.58,52.09,0.0,51.72,21.22,26.51,21.74,27.64,37.5,58.5,8.6,9.25,3.39,25.24,0.0,10.45,62.17,25.38,11.64,2026,,23.01,
53-61,Uniwersytet Przyrodniczy w Lublinie,P,,10.67,14.68,51.28,15.46,75.0,94.75,25.11,32.3,21.52,0.0,63.52,35.32,11.22,49.7,30.54,45.87,23.6,27.87,50.0,84.59,21.51,19.43,4.92,26.61,0.0,2.54,100.0,4.21,31.53,2026,,24.78,
53-61,Uniwersytet w Białymstoku,P,,8.72,18.49,53.95,44.11,75.6,75.53,39.91,74.16,3.02,11.41,34.59,29.82,16.99,33.18,26.88,24.89,28.57,45.39,48.88,69.45,13.98,26.2,0.0,50.68,0.0,16.02,71.27,16.99,25.06,2026,,0.0,
53-61,Uniwersytet WSB Merito w Gdańsku,N,,0.84,6.59,66.16,60.26,75.93,28.11,8.07,0.0,0.0,0.0,56.54,26.28,0.0,83.85,0.0,32.61,56.52,100.0,77.01,3.77,23.66,21.45,8.47,39.14,0.0,25.49,76.47,6.59,1.9,2026,,46.02,
53-61,Uniwersytet Zielonogórski,P,,9.75,19.7,69.61,56.69,72.67,61.62,63.68,17.63,4.55,16.58,52.82,30.09,27.8,33.43,25.36,35.52,32.92,28.76,54.02,58.04,0.0,10.02,0.42,30.14,0.0,10.82,25.54,15.8,22.73,2026,,14.16,
62-70,Akademia Humanitas w Sosnowcu,N,,1.26,3.65,79.89,81.92,60.83,36.5,3.14,0.0,0.0,0.0,41.6,15.17,0.0,72.5,23.53,14.79,26.4,30.79,52.68,13.22,0.0,68.63,64.5,14.29,0.0,79.21,7.92,3.56,2.34,2026,,0.0,
62-70,Politechnika Bydgoska im. Jana i Jędrzeja Śniadeckich,P,,4.33,9.19,71.28,61.17,71.43,51.39,27.8,6.52,21.9,47.6,58.17,29.22,27.45,37.87,34.34,39.6,22.36,28.09,42.86,47.38,4.3,4.12,0.0,22.7,0.0,6.55,32.73,4.31,34.29,2026,Politechnika Bydgoska,0.0,
62-70,Politechnika Świętokrzyska w Kielcach,P,,2.74,7.32,67.91,37.94,74.97,42.6,14.35,98.8,31.2,0.0,50.38,41.03,0.0,38.64,32.47,50.52,15.53,22.47,28.35,47.0,4.3,32.38,15.05,14.68,0.0,5.01,57.14,6.93,28.37,2026,Politechnika Swietokrzyska,21.24,
62-70,Uniwersytet Civitas w Warszawie,N,,2.05,5.28,66.98,67.56,65.83,33.21,3.14,0.0,0.0,0.0,46.21,14.79,0.0,26.38,0.0,34.91,25.78,28.99,66.29,13.22,0.0,100.0,45.32,17.22,0.0,54.05,100.0,45.61,100.0,2026,,35.4,
62-70,Uniwersytet Morski w Gdyni,P,,2.79,9.37,73.51,52.47,62.77,46.0,11.66,47.95,4.7,2.07,47.14,80.11,21.31,22.17,20.87,29.7,21.43,26.29,51.34,49.03,6.45,16.78,0.43,29.55,0.0,4.92,13.54,41.43,16.25,2026,Uniwersytet Morski w Gdyni,0.0,
62-70,Uniwersytet Papieski Jana Pawła II w Krakowie,P,,5.21,5.54,55.69,52.17,73.51,82.71,17.04,43.81,0.83,0.0,9.36,59.1,0.0,64.8,37.67,9.04,23.6,18.43,40.18,71.83,8.6,14.52,2.4,9.0,0.0,1.54,12.31,12.14,20.62,2026,,19.47,
62-70,Uniwersytet Pomorski w Słupsku,P,,1.3,4.38,67.84,60.21,64.3,43.76,13.0,40.28,0.0,0.0,57.31,25.4,0.0,39.64,23.32,18.58,24.53,31.01,38.84,55.94,0.0,57.7,3.88,18.98,0.0,7.12,32.05,5.07,96.2,2026,,0.0,
62-70,Uniwersytet Rzeszowski,P,,10.72,16.23,57.94,31.09,73.61,63.45,64.13,28.61,16.86,0.0,37.23,54.06,19.05,42.3,38.08,44.31,24.53,31.01,45.98,48.03,0.0,8.43,3.87,27.01,0.0,9.41,63.37,9.1,13.42,2026,,20.35,
62-70,Uniwersytet WSB Merito w Poznaniu,N,,0.93,6.59,72.61,71.3,78.36,14.53,6.73,0.0,0.0,0.0,47.7,42.01,52.72,63.38,0.0,62.89,30.12,39.1,51.56,1.31,15.05,19.48,4.55,23.87,0.0,2.58,41.29,1.7,1.54,2026,,43.36,
71-80,Akademia Pedagogiki Specjalnej im. M. Grzegorzewskiej w Warszawie,P,,1.63,5.62,60.52,76.67,65.7,48.34,10.31,35.53,0.0,0.0,43.7,43.46,3.96,43.77,23.88,14.08,22.36,23.15,46.43,56.32,0.0,6.69,2.04,15.85,0.0,4.97,3.73,8.35,11.2,2026,,0.0,
71-80,AWF im. Jerzego Kukuczki w Katowicach,P,,3.18,8.17,49.03,58.68,,42.22,3.59,63.83,36.63,0.0,5.94,98.2,0.0,61.58,51.02,77.77,21.74,26.97,33.93,25.08,0.0,3.05,0.0,18.98,0.0,5.26,33.33,9.28,15.19,2026,,0.0,
71-80,Lubelska Akademia WSEI,N,,0.37,2.02,85.89,73.37,46.68,27.79,3.14,15.79,5.74,0.0,44.03,8.58,0.0,66.97,12.12,29.81,18.01,32.81,40.63,8.93,2.15,73.82,37.22,18.59,0.0,14.29,60.0,5.93,3.9,2026,,29.2,
71-80,Politechnika Morska w Szczecinie,P,,1.75,4.36,65.23,34.54,70.15,30.6,9.42,41.03,7.92,0.0,41.03,14.75,24.89,23.49,31.58,19.99,25.47,36.63,59.38,41.08,10.75,65.0,17.87,31.12,0.0,4.6,33.72,4.8,1.2,2026,Politechnika Morska w Szczecinie,15.93,
71-80,Uniwersytet DSW Ideis,N,,0.42,5.08,63.61,63.17,82.29,30.5,5.83,0.0,0.0,0.0,27.91,89.66,0.0,83.43,0.0,20.44,16.15,23.37,65.18,4.77,0.0,23.84,3.32,11.35,0.0,8.51,70.92,4.29,2.32,2026,,29.2,
71-80,Uniwersytet Ignatianum w Krakowie,P,,4.3,5.92,53.0,44.25,76.44,53.66,11.21,86.67,0.0,0.0,23.33,54.27,32.57,31.08,19.35,9.94,19.57,17.3,39.51,45.07,8.6,6.03,0.0,18.2,0.0,8.73,54.15,14.94,16.52,2026,,0.0,
71-80,Uniwersytet Jana Długosza w Częstochowie,P,,2.61,8.05,52.35,11.86,74.67,60.92,29.15,47.52,3.72,27.85,31.5,32.28,15.63,52.66,29.35,22.21,20.81,34.16,38.84,50.02,0.0,17.22,1.25,18.98,100.0,11.81,90.3,3.81,22.81,2026,,0.0,
71-80,Uniwersytet Jana Kochanowskiego w Kielcach,P,,4.56,10.23,56.57,29.16,65.88,62.64,48.43,47.97,4.64,0.0,40.31,24.83,22.52,41.51,22.22,27.52,21.43,28.99,33.26,63.68,0.0,12.84,5.62,17.61,0.0,11.74,41.99,6.96,15.26,2026,,25.66,
71-80,Uniwersytet Kazimierza Wielkiego w Bydgoszczy,P,,4.0,10.06,56.1,43.37,66.32,60.2,39.46,54.5,7.64,0.0,47.12,31.48,4.67,45.08,28.03,21.11,19.25,29.44,34.15,58.42,0.0,16.26,0.0,14.48,0.0,16.17,12.44,7.8,25.3,2026,,0.0,
71-80,Uniwersytet Komisji Edukacji Narodowej w Krakowie,P,,4.09,3.42,56.72,47.98,69.2,56.37,47.53,80.24,2.09,0.0,35.51,46.92,0.0,41.56,24.97,10.23,21.12,25.84,42.19,33.71,6.45,13.84,0.04,21.33,0.0,15.09,60.38,10.95,13.5,2026,,15.93,
81-93,Akademia Humanistyczno-Ekonomiczna w Łodzi,N,,0.58,5.55,96.17,83.87,65.83,11.01,1.79,80.0,0.0,0.0,36.58,16.53,0.0,47.77,0.0,6.51,17.08,16.63,5.13,5.52,0.0,18.29,3.16,22.7,0.0,12.9,19.35,4.46,10.49,2026,,20.35,
81-93,Akademia Jagiellońska w Toruniu,N,,1.34,0.75,70.43,70.06,65.83,77.68,4.48,0.0,0.0,0.0,0.0,0.55,0.0,30.36,100.0,0.0,0.0,0.0,0.0,35.22,0.0,0.83,20.0,0.0,0.0,96.55,68.97,0.0,0.0,2026,,0.0,
81-93,Akademia Kujawsko-Pomorska w Bydgoszczy,N,,0.88,3.32,79.25,71.09,65.83,95.79,1.79,0.0,0.0,0.0,0.0,59.37,0.0,9.81,0.0,0.0,0.0,0.0,0.0,37.72,0.0,8.55,0.0,0.0,0.0,77.42,100.0,0.0,17.99,2026,,0.0,
81-93,AWFiS im. Jędrzeja Śniadeckiego w Gdańsku,P,,2.27,6.44,51.02,61.52,,33.73,3.59,71.43,0.0,0.0,10.82,45.18,0.0,47.81,71.88,100.0,27.02,30.79,36.38,18.09,0.0,16.79,9.67,14.09,0.0,11.76,16.47,10.21,10.15,2026,,25.66,
81-93,AWF im. Eugeniusza Piaseckiego w Poznaniu,P,,2.33,4.84,48.79,50.76,,52.72,3.59,61.54,0.0,0.0,11.22,22.25,29.35,50.51,9.14,43.53,23.29,28.31,38.62,31.97,0.0,8.87,0.0,20.16,0.0,1.98,51.49,37.02,17.39,2026,,0.0,
81-93,AWF im. Polskich Olimpijczyków we Wrocławiu,P,,2.78,8.14,47.92,49.8,,43.12,3.59,43.75,0.0,0.0,11.42,26.05,0.0,53.45,43.3,89.51,29.81,26.97,34.6,23.67,0.0,7.14,0.0,18.2,0.0,7.02,66.67,10.15,6.68,2026,,0.0,
81-93,AWF Józefa Piłsudskiego w Warszawie,P,,2.54,7.5,51.14,63.94,,35.43,3.59,62.0,0.0,0.0,11.14,93.27,0.0,25.42,22.43,50.6,31.37,34.83,32.81,22.48,0.0,7.43,0.0,22.9,0.0,0.0,100.0,18.35,41.26,2026,,0.0,
81-93,Międzynarodowa Wyższa Szkoła Logistyki i Transportu we Wrocławiu,N,,0.13,2.9,74.19,87.16,,51.2,0.9,0.0,0.0,40.11,41.1,39.09,0.0,0.0,0.0,16.76,18.94,24.94,0.0,11.03,0.0,100.0,54.45,17.22,0.0,40.0,100.0,34.67,38.0,2026,,20.35,
81-93,Uniwersytet Andrzeja Frycza Modrzewskiego w Krakowie,N,,1.74,3.19,64.57,52.34,61.37,39.87,12.11,0.0,0.0,0.0,8.32,7.84,0.0,67.05,25.5,33.86,19.88,21.8,22.77,19.8,4.3,40.25,6.31,15.85,0.0,9.6,41.6,4.87,10.95,2026,,25.66,
81-93,Uniwersytet Bielsko-Bialski,P,,1.43,5.39,74.43,55.22,67.08,48.42,17.04,40.54,3.08,6.45,44.28,20.46,0.0,29.31,13.79,24.54,19.57,34.61,35.71,39.45,0.0,5.68,1.07,13.7,0.0,15.34,57.51,2.92,14.64,2026,Uniwersytet Bielsko-Bialski,0.0,
81-93,Uniwersytet Kaliski im. Prezydenta Stanisława Wojciechowskiego,P,,1.47,1.43,80.65,42.14,65.83,51.2,6.73,23.19,10.84,0.0,0.0,63.21,0.0,48.57,38.1,0.0,0.0,0.0,0.0,31.67,0.0,10.41,0.0,0.0,0.0,7.25,50.72,0.61,22.34,2026,,0.0,
81-93,Uniwersytet Radomski im. Kazimierza Pułaskiego,P,,0.48,6.64,66.36,53.6,65.83,56.1,17.49,0.0,5.49,6.9,29.78,26.78,0.0,20.56,14.52,22.02,18.63,30.56,31.03,34.64,0.0,37.67,0.0,16.44,0.0,10.56,100.0,5.84,11.2,2026,Uniwersytet Radomski,0.0,
81-93,Uniwersytet w Siedlcach,P,,2.95,5.09,62.92,33.7,61.6,72.28,19.73,28.03,3.23,19.49,40.03,33.76,0.0,29.9,11.73,23.4,18.63,24.72,27.23,61.89,0.0,13.79,0.0,17.22,0.0,9.63,91.98,7.17,23.57,2026,,0.0,
90+,Akademia Górnośląska im. Wojciecha Korfantego w Katowicach,N,,1.09,3.81,65.85,53.29,,24.98,2.24,0.0,0.0,0.0,22.78,3.21,0.0,67.41,6.9,0.34,7.14,29.89,0.0,19.08,0.0,13.67,0.0,2.54,0.0,9.76,68.29,0.0,0.0,2026,,22.12,
90+,Akademia im. Jakuba z Paradyża w Gorzowie Wielkopolskim,P,,0.8,3.31,73.19,60.9,56.41,48.03,4.04,50.94,11.71,0.0,0.0,17.02,0.0,17.11,2.68,0.0,0.0,0.0,0.0,78.51,0.0,23.49,0.0,0.0,0.0,5.31,65.49,5.46,1.92,2026,,0.0,
90+,Akademia Katolicka w Warszawie,P,,3.33,1.01,62.01,88.75,,49.44,3.59,50.0,0.0,0.0,0.0,2.77,0.0,41.7,15.09,6.27,19.88,17.08,12.5,30.27,8.6,26.28,0.0,5.48,0.0,6.9,0.0,0.0,0.0,2026,,17.7,
90+,Akademia Kultury Fizycznej im. Bronisława Czecha w Krakowie,P,,2.46,7.09,44.34,48.2,,30.12,3.59,67.5,3.24,0.0,6.3,22.92,0.0,43.26,48.21,66.26,18.94,26.74,30.13,18.19,0.0,7.08,0.0,18.4,0.0,2.94,77.94,17.94,8.79,2026,,0.0,
90+,Akademia Śląska w Katowicach,N,,1.17,1.84,65.32,22.38,66.74,18.27,8.07,0.0,0.0,0.0,0.0,13.12,0.0,43.15,20.3,0.0,0.0,0.0,0.0,15.4,0.0,30.7,20.7,0.0,0.0,14.77,9.85,2.48,0.87,2026,,9.73,
90+,Akademia Wymiaru Sprawiedliwości w Warszawie,P,,0.33,2.13,64.44,11.9,82.29,12.41,3.14,100.0,0.0,0.0,0.0,55.73,0.0,27.42,12.9,0.0,0.0,0.0,0.0,51.71,0.0,2.9,0.0,0.0,0.0,0.0,8.08,0.0,0.0,2026,,0.0,
90+,Uniwersytet WSB Merito w Toruniu,N,,0.39,6.59,72.0,67.4,65.83,20.28,5.83,0.0,0.0,0.0,0.0,34.74,0.0,53.56,0.0,0.0,0.0,0.0,0.0,1.64,0.0,11.63,7.41,0.0,0.0,0.0,31.68,0.0,0.0,2026,,34.51,
90+,Uniwersytet WSB Merito we Wrocławiu,N,,1.35,6.59,71.04,63.93,77.61,13.65,7.62,0.0,0.0,0.0,0.0,3.12,0.0,50.2,0.0,0.0,0.0,0.0,0.0,2.56,0.0,42.35,19.73,0.0,0.0,7.62,26.67,4.66,5.21,2026,,35.4,
