name,rank,wsk,year,Prestiz,Prestiz_rel,Absolwenci,Absolwenci_rel,PotencjalNaukowy,PotencjalNaukowy_rel,Innowacyjnosc,Innowacyjnosc_rel,EfektywnoscNaukowa,EfektywnoscNaukowa_rel,WarunkiKsztalcenia,WarunkiKsztalcenia_rel,Umiedzynarodowienie,Umiedzynarodowienie_rel,canonical
Uniwersytet Warszawski,1,100.0,2022,88.57000000000001,88.57,75.04,75.04,87.69666666666666,93.32609682728871,39.4075,63.38795616768875,56.13357142857142,83.29438199865393,79.62,100.0,52.234,85.59863655730722,
Uniwersytet Jagielloński w Krakowie,2,99.4,2022,100.0,100.0,69.89,69.89,93.968,100.00000000000001,38.43375,61.8216547702825,51.813571428571436,76.88410520570017,70.315,88.31323787992966,52.916000000000004,86.71626626462589,
Politechnika Warszawska,3,84.0,2022,56.61833333333334,56.61833333333334,86.54,86.54,67.82266666666666,72.17634371984789,27.768750000000004,44.666733688549314,52.011785714285715,77.17822752878955,51.835,65.10298919869379,48.943333333333335,80.20604590694067,Politechnika Warszawska
Uniwersytet im. Adama Mickiewicza w Poznaniu,4=,80.9,2022,50.65,50.65,65.53,65.53,86.19066666666667,91.72342357682048,25.213749999999997,40.55695184477731,47.04821428571429,69.81298059852568,59.145,74.28409947249435,43.92133333333333,71.97622715304863,
Akademia Górniczo-Hutnicza im. Stanisława Staszica w Krakowie,4=,80.5,2022,47.70166666666666,47.70166666666666,78.72,78.72,79.40066666666667,84.49755945286338,34.010000000000005,54.70594148989645,51.582499999999996,76.54122747049504,54.864999999999995,68.9085656870133,30.266000000000002,49.59850545704828,AGH
Politechnika Gdańska,6,78.4,2022,27.683333333333334,27.683333333333334,78.42,78.42,76.826,81.75761961518813,62.16875,100.0,50.291785714285716,74.62598769455796,40.545,50.92313489073097,36.87866666666667,60.43503435919286,Politechnika Gdanska
Gdański Uniwersytet Medyczny,7=,72.8,2022,14.533333333333333,14.533333333333333,73.45,73.45,79.82000000000001,84.94381065894774,12.77125,20.542877249421934,57.77357142857143,85.7279130033864,44.464999999999996,55.846520974629485,32.83866666666667,53.81447128358079,
Politechnika Wrocławska,7=,72.6,2022,39.68666666666667,39.68666666666667,78.99,78.99,71.13133333333333,75.69740053351495,28.596249999999998,45.99778827787272,43.28214285714286,64.22465645982714,38.17,47.940216026124084,38.97666666666667,63.87313864944883,Politechnika Wroclawska
Uniwersytet Medyczny w Łodzi,9,71.8,2022,7.59,7.59,75.87,75.87,73.252,77.95419717350588,16.2875,26.198853925806777,67.3917857142857,100.0,36.989999999999995,46.45817633760361,23.876666666666665,39.12796477773043,
Uniwersytet Wrocławski,10=,70.9,2022,37.12,37.12,63.19,63.19,75.562,80.41248084454281,15.4725,24.887905901276767,42.146428571428565,62.53941504104464,39.795,49.98116051243406,49.413999999999994,80.97735243027104,
Politechnika Łódzka,10=,70.4,2022,14.93,14.93,77.24,77.24,71.31066666666668,75.88824564390715,29.2725,47.08555343319593,43.513214285714284,64.56753419503225,40.56,50.941974378296905,47.76066666666667,78.2679470791955,Politechnika Lodzka
Warszawski Uniwersytet Medyczny,12,70.3,2022,17.43166666666667,17.43166666666667,88.56,88.56,61.68333333333333,65.6429138997673,19.771250000000002,31.802553533728766,56.93035714285714,84.47670074246014,43.6,54.76011052499372,23.865333333333336,39.10939224104968,
Uniwersytet Mikołaja Kopernika w Toruniu,13=,68.9,2022,22.268333333333334,22.268333333333334,65.41,65.41,83.046,88.37689426187639,19.898750000000003,32.0076404946215,41.05464285714286,60.919357488460356,57.075,71.68425018839487,31.30333333333333,51.298438814416656,
Politechnika Śląska,13=,68.6,2022,25.456666666666667,25.456666666666663,71.42,71.42,73.57933333333334,78.3025427095749,38.879999999999995,62.53945913340705,39.48392857142857,58.58863680927625,42.885000000000005,53.86209495101734,34.32266666666666,56.246381086602646,Politechnika Slaska
Szkoła Główna Handlowa w Warszawie,13=,68.5,2022,19.043333333333333,19.043333333333333,100.0,100.0,76.43533333333333,81.34187524831147,15.8075,25.42676183774002,31.487857142857145,46.72358331081047,48.345000000000006,60.719668425018845,36.902,60.47327193471207,
Uniwersytet Gdański,16=,67.6,2022,23.19,23.19,65.71,65.71,72.37733333333333,77.02338384698336,49.9925,80.41419523474414,42.278214285714284,62.73496663963922,37.32,46.872645064054254,30.009999999999998,49.17898462849464,
Pomorski Uniwersytet Medyczny w Szczecinie,16=,67.4,2022,3.1799999999999997,3.18,74.18,74.18,74.97733333333333,79.79028321698166,5.42375,8.72423846385845,62.765357142857134,93.13502599405396,32.165,40.39814117056016,24.814000000000004,40.664022811445065,
Uniwersytet Medyczny im. Karola Marcinkowskiego w Poznaniu,16=,67.3,2022,11.36,11.36,76.22,76.22,71.55933333333334,76.1528747374993,6.20125,9.974866794008243,53.10107142857144,78.79457543045203,49.185,61.77467972871138,25.923333333333332,42.48194640184414,
Akademia Leona Koźmińskiego w Warszawie,16=,67.1,2022,26.983333333333334,26.983333333333334,72.41,72.41,70.002,74.495572961008,10.4575,16.82115210616266,35.431785714285716,52.57582261509193,38.65,48.54307962823411,54.681999999999995,89.61030448035135,
Uniwersytet Medyczny im. Piastów Śląskich we Wrocławiu,20,65.6,2022,10.765,10.765,72.46,72.46,59.90333333333333,63.74865202338384,6.22,10.00502664119835,54.43857142857143,80.77923867364083,52.44,65.86284853051997,28.409333333333333,46.55588694787672,
Uniwersytet Medyczny w Białymstoku,21=,64.8,2022,8.356666666666667,8.356666666666667,69.95,69.95,68.45933333333332,72.853879334809,8.7675,14.1027445460943,57.48607142857143,85.30130314737384,43.459999999999994,54.584275307711614,19.283333333333335,31.600624911234203,
Uniwersytet Medyczny w Lublinie,21=,64.6,2022,5.961666666666667,5.961666666666668,72.75,72.75,65.868,70.0962029627107,7.421250000000001,11.937267517844576,47.951428571428565,71.15322448157629,52.459999999999994,65.88796784727454,33.38666666666666,54.712508057203415,
Politechnika Poznańska,23=,64.0,2022,17.075,17.075,79.31,79.31,64.10933333333334,68.22464385038879,28.575000000000003,45.96360711772394,40.75892857142857,60.480558779418864,33.39,41.93669932177845,33.09133333333333,54.22852960134596,Politechnika Poznanska
Uniwersytet Łódzki,23=,63.7,2022,16.406666666666666,16.406666666666666,63.78,63.78,73.79733333333334,78.5345365798286,27.49875,44.232431889011764,39.53857142857142,58.669719179425215,36.09,45.32780708364733,35.75466666666667,58.59307572132456,
Uniwersytet Przyrodniczy we Wrocławiu,25,61.3,2022,12.916666666666666,12.916666666666664,43.04999999999999,43.04999999999999,77.60933333333332,82.59123673307224,32.978750000000005,53.04714989444054,51.28785714285714,76.10401861184863,34.29,43.06706857573474,17.2,28.186555668447447,
Uniwersytet Ekonomiczny w Poznaniu,26,60.7,2022,9.133333333333335,9.133333333333335,76.4,76.4,72.954,77.63706793802145,14.90625,23.977078516135517,38.52285714285714,57.16254100489145,43.145,54.18864606882693,22.797333333333334,37.35920378442748,
Uniwersytet Śląski w Katowicach,27,59.8,2022,15.358333333333334,15.358333333333334,56.01,56.01,74.99066666666666,79.8044724445201,19.47375,31.32401729164572,41.10642857142857,60.99620025755577,33.775,42.42024616930419,27.163333333333338,44.51400041515083,
Uniwersytet Przyrodniczy w Poznaniu,28=,59.1,2022,11.023333333333333,11.023333333333333,49.38,49.38,67.462,71.79252511493274,29.09375,46.79802955665024,45.40678571428572,67.37732979326647,41.904999999999994,52.63124843004269,21.596666666666668,35.39160739842462,
Szkoła Główna Gospodarstwa Wiejskiego w Warszawie,28=,58.9,2022,17.403333333333332,17.403333333333332,51.31,51.31,66.40799999999999,70.67086667801803,26.083750000000002,41.95636875439831,46.1975,68.5506393848339,31.569999999999993,39.650841497111266,22.424666666666667,36.748495078277784,
Uniwersytet Opolski,30=,58.5,2022,2.9249999999999994,2.9249999999999994,52.06,52.06,55.974666666666664,59.567796129178724,16.17875,26.02392681210415,55.57892857142856,82.4713694441353,24.800000000000004,31.147952775684505,34.21066666666666,56.06284072411042,
SWPS Uniwersytet Humanistycznospołeczny w Warszawie,30=,58.2,2022,14.288333333333334,14.288333333333334,67.3,67.3,74.00066666666666,78.75092229978999,7.32,11.774404343017995,43.17071428571429,64.05931201873906,16.125,20.25244913338357,27.275333333333332,44.697540777643034,
Politechnika Lubelska,32=,57.8,2022,6.551666666666667,6.551666666666666,63.29,63.29,66.55133333333333,70.82340087405642,48.515,78.03759927616366,39.722857142857144,58.94317344737861,21.975,27.59984928409947,22.790000000000003,37.34718626069287,Politechnika Lubelska
Uniwersytet Warmińsko-Mazurski w Olsztynie,32=,57.7,2022,14.075000000000001,14.075,53.85999999999999,53.85999999999999,69.24933333333334,73.69459106646235,22.23375,35.76354679802955,38.22785714285715,56.72480219611336,53.64000000000001,67.37000753579504,16.80666666666667,27.541979395409307,
Politechnika Częstochowska,32=,57.6,2022,3.6300000000000003,3.630000000000001,60.59,60.59,63.32933333333334,67.3945740393893,26.25875,42.23786066150598,42.86964285714286,63.612564057722174,44.800000000000004,56.26726953026877,20.45266666666667,33.51687369582555,Politechnika Czestochowska
Akademia WSB w Dąbrowie Górniczej,32=,57.5,2022,2.75,2.75,73.17,73.17,52.525999999999996,55.897752426357904,15.1625,24.38926309440032,35.786071428571425,53.10153314573099,15.414999999999997,19.360713388595826,60.166000000000004,98.59722722952378,
Politechnika Krakowska im. Tadeusza Kościuszki,32=,57.3,2022,13.553333333333335,13.553333333333335,68.36,68.36,53.79,57.24289119700323,38.416250000000005,61.793505579571736,42.52178571428572,63.09639262945358,30.714999999999996,38.57699070585279,18.040000000000003,29.56310838713907,Politechnika Krakowska
Śląski Uniwersytet Medyczny w Katowicach,37=,56.6,2022,4.3566666666666665,4.3566666666666665,73.13,73.13,61.00333333333333,64.9192632953062,9.385,15.096008846888509,45.61464285714286,67.68576076991157,38.160000000000004,47.9276563677468,15.996,26.21349677165613,
Akademia Ekonomiczno-Humanistyczna w Warszawie,37=,56.6,2022,1.6749999999999998,1.6749999999999998,66.26,66.26,54.236,57.71752085816448,9.4925,15.268925304111791,39.95714285714286,59.29082073376897,7.965000000000001,10.003767897513189,61.022,100.0,
Zachodniopomorski Uniwersytet Technologiczny w Szczecinie,39,55.9,2022,5.66,5.66,65.19,65.19,59.21066666666666,63.01152165276121,41.97,67.50980195033678,36.62607142857143,54.34797585547201,43.765,54.96734488821904,15.352666666666666,25.159232189483575,ZUT
Uniwersytet Marii Curie-Skłodowskiej w Lublinie,40=,55.1,2022,12.246666666666668,12.246666666666668,49.31,49.31,67.396,71.7222884386174,20.35625,32.743540766060114,39.65,58.83506362051332,35.644999999999996,44.76890228585782,22.591333333333335,37.02162061770073,
Uczelnia Łazarskiego w Warszawie,40=,54.8,2022,4.566666666666667,4.566666666666667,72.61,72.61,53.358,56.78316022475735,2.835,4.5601688951442645,40.292500000000004,59.78844390742833,14.434999999999999,18.129866867621196,45.04066666666667,73.8105382758131,
Uniwersytet w Białymstoku,42=,54.1,2022,4.016666666666667,4.016666666666667,53.14000000000001,53.14000000000001,64.83666666666666,68.99866621261138,16.8025,27.02724439529506,47.1725,69.99740324435471,29.970000000000006,37.64129615674454,15.730666666666668,25.778680912894806,
Uniwersytet Kardynała Stefana Wyszyńskiego w Warszawie,42=,54.0,2022,5.616666666666667,5.616666666666667,65.76,65.76,67.172,71.4839094159714,21.3125,34.2816929727556,40.22678571428571,59.690933083196875,26.54,33.33333333333333,14.195333333333332,23.262648443730676,
Społeczna Akademia Nauk z siedzibą w Łodzi,42=,53.6,2022,0.9916666666666666,0.9916666666666666,69.69,69.69,36.54066666666667,38.886287530506834,7.665,12.329345531315974,54.3775,80.68861720112139,4.8950000000000005,6.147952775684502,39.17066666666666,64.19105677733712,
Uniwersytet Ekonomiczny we Wrocławiu,45=,52.9,2022,7.841666666666666,7.841666666666666,76.26,76.26,58.01199999999999,61.7359100970543,15.555,25.02060922891324,33.972500000000004,50.41044637699594,33.135000000000005,41.616428033157504,18.86,30.90688604109993,
Polsko-Japońska Akademia Technik Komputerowych w Warszawie,45=,52.8,2022,4.95,4.95,73.46,73.46,44.556000000000004,47.41614166524774,3.02125,4.859756710566,49.050714285714285,72.78441098692615,4.615,5.796282341120321,33.866,55.49801710858379,PJATK
Uniwersytet Ekonomiczny w Krakowie,47=,52.3,2022,7.908333333333334,7.908333333333334,73.53,73.53,57.318,60.99736080367785,14.52,23.3557856640193,29.772142857142857,44.177702878159174,40.055,50.30771163024365,22.868,37.475009013142795,
Uniwersytet Zielonogórski,47=,52.0,2022,4.966666666666667,4.966666666666667,65.27,65.27,57.966666666666676,61.68766672342359,13.95125,22.44093696591937,41.07892857142857,60.95539409741544,31.619999999999997,39.71363978899773,14.637333333333332,23.986977374280315,
Uniwersytet Rolniczy im. Hugona Kołłątaja w Krakowie,47=,51.9,2022,7.590000000000001,7.590000000000001,43.66,43.66,64.68400000000001,68.83619955729611,30.240000000000002,48.641801548205486,41.41642857142857,61.456196971864955,32.125,40.34790253705099,12.77,20.92687883058569,
Wojskowa Akademia Techniczna im. J. Dąbrowskiego w Warszawie,47=,51.8,2022,6.916666666666667,6.916666666666668,79.65,79.65,55.89666666666667,59.48478914807878,7.8575,12.638986629134411,36.13142857142857,53.61399492307775,43.864999999999995,55.09294147199195,7.119333333333333,11.66683054199032,WAT
Katolicki Uniwersytet Lubelski Jana Pawła II,47=,51.8,2022,8.75,8.75,57.6,57.6,62.57066666666666,66.58720699245131,10.3225,16.604001206393885,35.78821428571428,53.104712846521146,33.55500000000001,42.14393368500378,22.707333333333334,37.211715993139094,
Akademia Finansów i Biznesu Vistula,52-60,,2022,2.0500000000000003,2.0500000000000003,79.93,79.93,49.01933333333333,52.16598558374481,4.525,7.278576455212628,26.525357142857143,39.359926230941674,8.985,11.284853051996985,59.47466666666667,97.46430249199743,
AWF im. Jerzego Kukuczki w Katowicach,52-60,,2022,1.3083333333333333,1.3083333333333333,55.69,55.69,63.464000000000006,67.53788523752768,6.4175,10.322710364934151,46.565,69.09595807034559,19.04,23.91358955036423,14.814666666666666,24.27758294822632,
Collegium Civitas w Warszawie,52-60,,2022,4.3,4.3,75.45,75.45,45.67933333333334,48.6115840853624,0.9525,1.5321202372574645,27.624642857142856,40.99111273629152,7.369999999999999,9.256468224064303,52.096000000000004,85.37248861066502,
Politechnika Białostocka,52-60,,2022,3.361666666666667,3.361666666666667,61.37,61.37,55.952,59.543674442363354,30.34,48.802654066552726,33.60107142857142,49.85929824003561,31.85,40.00251193167546,20.336666666666662,33.32677832038718,Politechnika Bialostocka
Politechnika Rzeszowska im. Ignacego Łukasiewicza,52-60,,2022,7.573333333333333,7.573333333333334,60.21,60.21,54.09733333333334,57.56995289176457,26.2775,42.26802050869609,36.57321428571429,54.269543235981516,27.170000000000005,34.12459181110274,7.328666666666666,12.009876219505532,Politechnika Rzeszowska
Politechnika Świętokrzyska w Kielcach,52-60,,2022,1.6749999999999998,1.6749999999999998,56.9,56.9,53.38666666666666,56.81366706396503,34.82125,56.01085754498843,37.20107142857143,55.20119556749711,26.339999999999996,33.082140165787486,10.810666666666666,17.716014989129604,Politechnika Swietokrzyska
Uniwersytet Ekonomiczny w Katowicach,52-60,,2022,2.8833333333333333,2.8833333333333333,68.16,68.16,65.21533333333333,69.40164027470345,11.2525,18.099929627023222,31.64535714285714,46.9572913188869,26.47,33.245415724692286,16.789333333333335,27.513574339309326,
Uniwersytet Przyrodniczy w Lublinie,52-60,,2022,5.4316666666666675,5.4316666666666675,38.61,38.61,64.85133333333333,69.01427436290368,23.5825,37.93304513923796,41.282500000000006,61.257465672480244,32.23,40.47977895001255,8.752,14.342368326177445,
Uniwersytet Szczeciński,52-60,,2022,2.7083333333333335,2.708333333333334,59.0,59.0,63.29,67.35271581815086,16.51,26.556750779129388,31.033928571428568,46.05001669342915,30.544999999999998,38.36347651343883,18.124000000000002,29.70076365900823,
Akademia Pedagogiki Specjalnej im. M. Grzegorzewskiej w Warszawie,61-70,,2022,3.5,3.5,75.2,75.2,49.068,52.21777626426017,6.04,9.715492108173319,31.916428571428575,47.359523468841594,21.24,26.6767143933685,9.172666666666666,15.031737187680946,
Akademia Wychowania Fizycznego i Sportu w Gdańsku,61-70,,2022,0.4749999999999999,0.4749999999999999,59.79,59.79,51.26266666666667,54.5533231170895,1.8875,3.036091283804162,36.52892857142857,54.203829419651626,20.255,25.439588043205223,20.616666666666667,33.78562922661772,
Politechnika Bydgoska im. J. i J. Śniadeckich,61-70,,2022,0.8416666666666667,0.8416666666666667,68.12,68.12,50.36533333333333,53.598388103751624,28.5475,45.919372675178444,34.73964285714286,51.548779259871665,25.744999999999997,32.3348404923386,10.054,16.476025040149455,Politechnika Bydgoska
Politechnika Koszalińska,61-70,,2022,1.0083333333333333,1.0083333333333333,60.22,60.22,48.97066666666667,52.114194903229475,25.3675,40.8042625917362,34.76571428571428,51.58746561948521,28.829999999999995,36.209495101733225,12.628666666666668,20.695268373155038,Politechnika Koszalinska
Politechnika Opolska,61-70,,2022,1.5083333333333335,1.5083333333333335,62.07,62.07,48.912000000000006,52.05176230206028,21.905,35.234744143963,36.383571428571436,53.988139716052736,28.035000000000004,35.21100226073851,17.224666666666668,28.22697824828204,Politechnika Opolska
Uniwersytet Humanistyczno-Przyrod. im. J. Długosza w Częstochowie,61-70,,2022,0.38333333333333336,0.38333333333333336,48.31,48.31,54.410666666666664,57.90339973891821,48.145,77.44244495827887,33.475,49.672225843548134,22.19,27.86988193921125,18.974,31.093703910065226,
Uniwersytet Kazimierza Wielkiego w Bydgoszczy,61-70,,2022,1.6916666666666664,1.6916666666666662,60.169999999999995,60.16999999999999,59.42200000000001,63.23642090924571,25.2125,40.554941188297974,25.67607142857143,38.099704817776654,25.78,32.37879929665913,11.516666666666667,18.87297477412518,
Uniwersytet Morski w Gdyni,61-70,,2022,0.9499999999999998,0.9499999999999998,63.49,63.49,43.92066666666667,46.74002497304046,30.00875,48.269830099527496,34.80321428571428,51.64311038331294,20.24,25.420748555639282,9.758000000000001,15.990954082134314,Uniwersytet Morski w Gdyni
Uniwersytet Pedagogiczny im. KEN w Krakowie,61-70,,2022,2.5116666666666663,2.5116666666666663,55.70000000000001,55.70000000000001,66.98466666666667,71.28455076905614,12.96875,20.860560973157735,27.620357142857138,40.9847533347112,23.979999999999997,30.11806078874654,13.754666666666667,22.540504517496423,
Uniwersytet Rzeszowski,61-70,,2022,3.2166666666666663,3.2166666666666663,47.35999999999999,47.35999999999999,58.01533333333334,61.73945740393893,15.765,25.358399517442443,38.98535714285714,57.848826425433366,22.28,27.98291886460688,11.356666666666667,18.610774256279157,
Akademia Morska w Szczecinie,71-80,,2022,1.45,1.45,57.1,57.1,46.594,49.58496509450026,11.6125,18.678998693073286,25.96357142857143,38.52631467378921,24.345,30.576488319517708,18.072000000000003,29.615548490708274,Politechnika Morska w Szczecinie
Akademia Pomorska w Słupsku,71-80,,2022,0.49166666666666664,0.49166666666666664,60.32,60.32,45.144,48.041886599693505,8.395,13.50356891525083,26.131071428571428,38.77486128555303,24.775,31.11655362974127,27.356666666666666,44.830826040881426,
Akademia Wychowania Fizycznego im. E. Piaseckiego w Poznaniu,71-80,,2022,0.5916666666666667,0.5916666666666667,58.51,58.51,42.42866666666667,45.1522504114876,4.7125,7.5801749271137036,31.308571428571433,46.457548344700776,21.02,26.400401909068073,13.782000000000002,22.58529710596179,
Akademia Wychowania Fizycznego Józefa Piłsudskiego w Warszawie,71-80,,2022,1.0333333333333334,1.0333333333333334,57.5,57.5,50.77866666666667,54.038254157443674,3.8525,6.196843269327435,35.86214285714286,53.21441252378152,16.79,21.0876664154735,14.446,23.67342925502278,
Akademia Wychowania Fizycznego we Wrocławiu,71-80,,2022,1.3416666666666668,1.3416666666666668,54.68,54.68,57.025333333333336,60.68590725920881,2.9025,4.668744345028651,28.023928571428574,41.58359698352386,25.42,31.926651595076613,8.042666666666667,13.179946030393412,
Dolnośląska Szkoła Wyższa we Wrocławiu,71-80,,2022,2.2333333333333334,2.2333333333333334,65.12,65.12,49.513333333333335,52.691696464044504,3.6675,5.899266110385041,28.577857142857145,42.405549637779096,5.395,6.775935694549108,24.36133333333333,39.922213846372344,
Uniwersytet Jana Kochanowskiego w Kielcach,71-80,,2022,2.4916666666666667,2.4916666666666667,52.25,52.25,58.98866666666666,62.77527101424597,12.626249999999999,20.309641097818435,28.08857142857143,41.679517957360225,30.49,38.294398392363725,15.315333333333335,25.09805206865284,
Uniwersytet Papieski Jana Pawła II w Krakowie,71-80,,2022,2.308333333333333,2.308333333333333,57.78,57.78,65.146,69.3278562915035,0.895,1.4396300392078012,22.65107142857143,33.61102720234027,30.625,38.46395378045717,9.603333333333333,15.737493581549824,
Uniwersytet Przyrodniczo-Humanistyczny w Siedlcach,71-80,,2022,1.075,1.075,52.95000000000001,52.95000000000001,56.358666666666664,59.976445882286164,17.189999999999998,27.650547903890615,26.471785714285716,39.28043371118778,26.945,33.84199949761366,9.447333333333335,15.481848076649953,
Wyższa Szkoła Bankowa w Poznaniu,71-80,,2022,2.7916666666666665,2.791666666666666,70.23,70.23,26.045333333333335,27.717237073613717,6.45,10.374987433397004,37.36464285714286,55.44391272781233,8.485,10.656870133132378,15.380666666666666,25.205117280106627,
Akademia Ignatianum w Krakowie,80+,,2022,2.3333333333333335,2.3333333333333335,52.89000000000001,52.89000000000001,49.942,53.14788012940575,3.735,6.007841560269427,27.95,41.47389730626349,26.04,32.705350414468725,11.67,19.124250270394285,
Akademia Katolicka w Warszawie,80+,,2022,0.8666666666666667,0.8666666666666667,84.24,84.24,48.76199999999999,51.89213349225267,0.0,0.0,9.914285714285715,14.711415655786793,27.320000000000004,34.31298668676212,11.827333333333332,19.382080779609538,
Akademia Marynarki Wojennej im. Bohaterów Westerplatte w Gdyni,80+,,2022,1.8916666666666666,1.8916666666666666,56.15,56.15,36.3,38.63017197343776,6.135,9.868302000603196,23.614642857142858,35.040832657646924,32.27,40.53001758352173,16.138666666666666,26.44729223340216,
Akademia Techniczno-Humanistyczna w Bielsku-Białej,80+,,2022,0.7333333333333334,0.7333333333333334,62.71,62.71,48.11,51.19828026562234,11.452499999999999,18.4216346637177,22.88642857142857,33.96026433912569,22.44,28.183873398643556,12.853333333333333,21.06344160029716,Uniwersytet Bielsko-Bialski
Akademia Wychowania Fizycznego im. Bronisława Czecha w Krakowie,80+,,2022,0.7916666666666666,0.7916666666666665,52.52,52.52,50.22266666666667,53.446563369090185,11.785,18.956469287222276,29.239642857142858,43.38754723180549,20.925,26.281085154483797,8.590666666666667,14.07798280401604,
Chrześcijańska Akademia Teologiczna w Warszawie,80+,,2022,0.45,0.45,51.87,51.87,57.84133333333333,61.554287984562116,0.0,0.0,9.470714285714285,14.053217592224573,47.445,59.58929917106254,5.962000000000001,9.770246796237423,
Krakowska Akademia im. A. F. Modrzewskiego,80+,,2022,3.3083333333333336,3.3083333333333336,56.27,56.27,35.70066666666666,37.9923661955843,5.5875,8.987634462652055,21.380714285714284,31.725994583909657,16.925,21.257221803566942,28.221999999999998,46.248893841565334,
Papieski Wydział Teologiczny we Wrocławiu,80+,,2022,0.9,0.9,65.48,65.48,60.18,64.04307849480674,0.0,0.0,3.5796428571428573,5.311690169955008,50.0,62.79829188646068,2.5406666666666666,4.1635257229633025,
Uniwersytet Technologiczno-Human. im. K. Pułaskiego w Radomiu,80+,,2022,0.18333333333333335,0.18333333333333335,61.22,61.22,44.995333333333335,47.88367671263977,13.89375,22.34844676786971,25.493571428571425,37.82890030048173,26.809999999999995,33.672444109520214,9.732,15.948346497984334,Uniwersytet Radomski
Wyższa Szkoła Humanitas w Sosnowcu,80+,,2022,0.375,0.375,68.23,68.23,40.51933333333333,43.12035302798115,0.0,0.0,14.126428571428573,20.961647508969413,9.695,12.176588796784726,27.53533333333333,45.123616619142815,
Akademia Humanistyczno-Ekonomiczna w Łodzi,91+,,2022,1.0916666666666668,1.0916666666666668,75.67,75.67,3.5346666666666673,3.76156422044384,0.92,1.4798431687946114,14.810357142857143,21.976502011160754,6.514999999999999,8.182617432805825,12.262666666666666,20.09548468858226,
Akademia im. Jakuba z Paradyża w Gorzowie Wielkopolskim,91+,,2022,0.19999999999999998,0.2,55.79999999999999,55.79999999999999,37.63466666666667,40.05051365003689,3.22125,5.181461747260481,5.093214285714287,7.557618828068281,29.53,37.08867118814368,3.300666666666666,5.40897818273191,
PWSZ im. Pr. S. Wojciechowskiego w Kaliszu,91+,,2022,0.17500000000000002,0.175,59.91,59.91,8.376,8.913672739656052,0.5249999999999999,0.8444757213230119,7.156428571428571,10.619140738856474,20.03,25.15699572971615,3.9013333333333335,6.393322626812188,
Szkoła Główna Służby Pożarniczej,91+,,2022,0.5166666666666667,0.5166666666666667,86.0,86.0,27.866666666666667,29.65548555536636,7.60625,12.23484467678697,21.556785714285713,31.98725999883411,16.24,20.396885204722427,2.716,4.450853790436237,
Wyższa Szkoła Bankowa w Gdańsku,91+,,2022,0.7416666666666667,0.7416666666666667,62.919999999999995,62.91999999999999,37.489333333333335,39.89585106986775,0.0,0.0,6.663214285714287,9.887279606988985,6.65,8.352172820899272,9.996,16.38097735243027,
Wyższa Szkoła Bankowa we Wrocławiu,91+,,2022,1.3916666666666666,1.3916666666666666,71.71,71.71,28.383333333333333,30.205318122481412,0.0,0.0,3.763214285714286,5.584084537645009,3.3,4.1446872645064055,13.166,21.5758251122546,
Uniwersytet Jagielloński w Krakowie,1=,100.0,2023,100.0,100.0,48.98,48.98,75.62400000000001,90.63496248711617,37.7175,58.38170420246111,57.91035714285714,82.2569435637286,66.295,80.08093253608746,36.01133333333334,68.39759417537196,
Uniwersytet Warszawski,1=,99.6,2023,97.82666666666667,97.82666666666665,57.32,57.32,79.6,95.40017737721419,30.13,46.63725717823698,48.90607142857142,69.46708941027266,82.785,100.0,35.32933333333334,67.102247546692,
Politechnika Warszawska,3,88.0,2023,55.574999999999996,55.575,75.64,75.64,67.344,80.71142644838082,35.947500000000005,55.641978175063855,51.57,73.25098287888396,53.625,64.7762275774597,31.162,59.187084520417855,Politechnika Warszawska
Uniwersytet im. Adama Mickiewicza w Poznaniu,4=,83.6,2023,53.36833333333333,53.36833333333333,43.68,43.68,76.31400000000001,91.46192382367745,26.065,40.34517452209581,51.085,72.56207989854154,65.095,78.63139457631213,30.485333333333333,57.901867679645456,
Akademia Górniczo-Hutnicza im. Stanisława Staszica w Krakowie,4=,83.1,2023,48.745000000000005,48.745,61.330000000000005,61.33000000000001,65.59333333333333,78.61326174325046,37.3625,57.83221112916956,52.78285714285715,74.97374762206722,59.36500000000001,71.709850818385,23.296666666666667,44.248179803735354,AGH
Politechnika Gdańska,6,80.9,2023,27.873333333333335,27.873333333333335,60.59,60.59,78.42333333333333,93.98994862452757,64.605,100.0,46.18785714285713,65.60608750792645,42.815,51.71830645648367,28.008000000000003,53.1965811965812,Politechnika Gdanska
Warszawski Uniwersytet Medyczny,7,75.2,2023,18.916666666666668,18.916666666666668,77.37,77.37,62.666666666666664,75.10566728189391,18.902500000000003,29.258571318009448,55.550000000000004,78.90424857324034,43.035000000000004,51.984055082442474,21.023333333333333,39.93035770813549,
Politechnika Wrocławska,8,74.2,2023,38.23166666666666,38.23166666666666,60.65,60.65,72.06066666666666,86.36432640603401,29.93,46.327683615819204,40.503928571428574,57.53253012048194,44.035,53.192003382255244,26.932,51.15289648622982,Politechnika Wroclawska
Gdański Uniwersytet Medyczny,9=,73.5,2023,22.314999999999998,22.315,56.20000000000001,56.20000000000001,53.269999999999996,63.84381217191206,14.8625,23.005185357170497,58.96928571428571,83.76106531388713,48.290000000000006,58.33182339795858,30.152666666666665,57.27002215891105,
Politechnika Łódzka,9=,73.0,2023,15.718333333333334,15.718333333333335,59.09,59.09,72.35466666666667,86.71668384509056,36.14625,55.94961690271651,45.49607142857143,64.62346227013317,46.93,56.6890137102132,26.65533333333333,50.62741373852485,Politechnika Lodzka
Uniwersytet Medyczny w Łodzi,11,72.5,2023,15.446666666666665,15.446666666666665,59.59,59.59,61.186,73.33109614324408,17.8325,27.602352759074375,60.78249999999999,86.33658845909954,38.43,46.42145316180468,22.676,43.0693257359924,
Politechnika Poznańska,12=,71.3,2023,16.986666666666668,16.986666666666668,62.63,62.63,69.17666666666668,82.90786771814601,27.4825,42.53927714573175,48.34571428571428,68.67114774889029,34.655,41.86144833001148,26.601999999999997,50.52611585944919,Politechnika Poznanska
Pomorski Uniwersytet Medyczny w Szczecinie,12=,71.2,2023,2.985,2.985,54.29,54.29,65.59133333333334,78.61086475386914,5.7675,8.927327606222429,70.40178571428571,100.0,29.5,35.63447484447666,21.358666666666668,40.567268122823684,
Politechnika Śląska,12=,70.9,2023,27.28,27.28,63.419999999999995,63.41999999999999,65.47,78.46544739806801,38.730000000000004,59.94892036220107,39.70642857142857,56.3997463538364,47.14,56.942682853173885,21.569333333333336,40.967394745172534,Politechnika Slaska
Szkoła Główna Handlowa w Warszawie,12=,70.8,2023,17.831666666666667,17.831666666666667,100.0,100.0,51.97466666666667,62.29136204926611,19.58,30.307251760699632,33.92071428571428,48.181610653138875,47.86,57.81240562903908,33.684666666666665,63.978474200696425,
Uniwersytet Medyczny im. Karola Marcinkowskiego w Poznaniu,16=,70.4,2023,12.621666666666668,12.621666666666668,59.06,59.06,55.38333333333333,66.37663095152487,7.64875,11.839253927714573,60.05964285714286,85.30982878883958,49.785000000000004,60.137706106178655,21.83,41.4624881291548,
Uniwersytet Medyczny im. Piastów Śląskich we Wrocławiu,16=,70.2,2023,16.35666666666667,16.35666666666667,53.25,53.25,62.038000000000004,74.35221361969366,9.01,13.946288986920516,53.29571428571429,75.70221940393154,53.635000000000005,64.78830706045783,25.384666666666668,48.21399176954733,
Uniwersytet Gdański,16=,70.1,2023,32.76166666666666,32.76166666666666,54.77,54.77,63.78866666666667,76.450378324824,39.78,61.57418156489435,40.52214285714285,57.55840202916931,41.489999999999995,50.11777495923174,24.157333333333334,45.88287432731878,
Akademia Leona Koźmińskiego w Warszawie,16=,69.9,2023,28.728333333333328,28.72833333333333,59.98,59.98,56.75733333333333,68.02336265650341,14.725,22.79235353300828,47.15357142857143,66.97780596068485,34.885000000000005,42.139276438968416,34.99666666666667,66.47040202595758,
Uniwersytet Wrocławski,19,69.4,2023,36.85166666666667,36.85166666666667,40.65,40.65,69.78466666666667,83.63655249007245,16.529999999999998,25.586254933828645,42.83571428571429,60.84464172479393,39.735,47.99782569306034,32.739333333333335,62.18296929408041,
Uniwersytet Mikołaja Kopernika w Toruniu,20=,68.8,2023,23.593333333333334,23.593333333333334,43.41,43.41,71.84066666666666,86.10065757408692,24.1725,37.41583468771767,38.972857142857144,55.357767913760306,59.50500000000001,71.87896358035877,26.623333333333335,50.56663501107946,
Uniwersytet Medyczny w Białymstoku,20=,68.4,2023,9.438333333333333,9.438333333333333,51.24,51.24,66.72600000000001,79.97075672954769,5.33375,8.25593994272889,58.04607142857143,82.44971464806596,46.51,56.18167542429184,18.392666666666667,34.933839822728714,
Uniwersytet Medyczny w Lublinie,23,67.5,2023,16.826666666666664,16.826666666666664,54.169999999999995,54.16999999999999,54.723333333333336,65.58562445568366,16.583750000000002,25.669452828728428,46.10928571428571,65.49448319594167,60.925,73.59425016609289,25.204,47.87084520417854,
Uniwersytet Opolski,24,64.0,2023,4.548333333333333,4.548333333333333,31.74,31.74,61.79133333333333,74.05658492932874,18.148750000000003,28.091865954647474,60.65464285714286,86.1549778059607,24.919999999999998,30.10207163133418,27.54866666666667,52.3241532130421,
Politechnika Lubelska,25=,62.4,2023,6.211666666666667,6.211666666666668,41.27,41.27,72.11866666666667,86.43383909809278,52.1725,80.7561334262054,38.855000000000004,55.19036144578315,24.015,29.008878420003626,25.072000000000003,47.620132953466296,Politechnika Lubelska
SWPS Uniwersytet Humanistycznospołeczny w Warszawie,25=,62.3,2023,15.075000000000001,15.075,46.79,46.79,75.04866666666666,89.94542854175154,9.895,15.316152000619146,48.01,68.19429296131896,13.329999999999998,16.101950836504194,23.0,43.68471035137702,
Uniwersytet Łódzki,25=,62.0,2023,21.096666666666664,21.096666666666664,42.85999999999999,42.85999999999999,64.55666666666666,77.37082224725742,23.85625,36.92632149214457,34.581785714285715,49.12060875079265,39.364999999999995,47.55088482212961,30.722,58.35137701804369,
Politechnika Krakowska im. Tadeusza Kościuszki,25=,61.9,2023,13.918333333333335,13.918333333333335,46.5,46.5,68.17133333333332,81.7029810557939,26.6725,41.28550421793979,44.28285714285715,62.90019023462271,31.110000000000003,37.57927160717522,15.479999999999999,29.401709401709397,Politechnika Krakowska
Akademia WSB w Dąbrowie Górniczej,29,61.8,2023,2.5,2.5,46.54999999999999,46.54999999999999,65.98933333333333,79.0878656407552,18.725,28.983824781363673,38.52964285714285,54.72821813570069,15.615,18.862112701576372,51.55599999999999,97.92212725546058,
Uniwersytet Śląski w Katowicach,30=,61.0,2023,16.776666666666667,16.776666666666667,34.41,34.41,71.63333333333334,85.85216967488833,20.49625,31.725485643526042,37.19535714285714,52.832974001268234,34.675,41.88560729600773,29.826,56.64957264957265,
Szkoła Główna Gospodarstwa Wiejskiego w Warszawie,30=,60.9,2023,21.888333333333332,21.888333333333332,36.33,36.33,59.117333333333335,70.85181012648113,23.99,37.133348812011455,41.7275,59.2705136334813,34.3,41.432626683577936,26.29533333333333,49.943653054764155,
Uniwersytet Przyrodniczy w Poznaniu,30=,60.8,2023,13.526666666666669,13.526666666666669,26.75,26.75,66.82,80.08341523047051,27.30375,42.26259577432087,46.07035714285714,65.43918833227647,45.120000000000005,54.502627287552095,15.444666666666668,29.334599556821786,
Uniwersytet Przyrodniczy we Wrocławiu,30=,60.8,2023,13.828333333333333,13.828333333333333,23.399999999999995,23.399999999999995,63.664,76.30096598672067,31.936249999999998,49.43309341382245,44.75285714285714,63.56778693722257,39.269999999999996,47.4361297336474,24.87,47.236467236467234,
Uniwersytet Ekonomiczny w Poznaniu,34,60.1,2023,10.800000000000002,10.800000000000002,67.14,67.14,52.314,62.698051247632954,18.322499999999998,28.360807986997905,38.53285714285715,54.73278376664554,38.355000000000004,46.33085703931872,20.346666666666668,38.64514086736309,
Wojskowa Akademia Techniczna im. J. Dąbrowskiego w Warszawie,35=,58.7,2023,3.2916666666666665,3.291666666666666,54.580000000000005,54.58000000000001,55.50599999999999,66.52364630024687,21.3625,33.06632613574801,43.84035714285715,62.271655041217514,52.17999999999999,63.03074228423023,6.8293333333333335,12.971193415637861,WAT
Uczelnia Łazarskiego w Warszawie,35=,58.5,2023,12.083333333333334,12.083333333333336,53.01,53.01,60.586,72.61199932884296,4.53,7.011841188762479,40.439285714285724,57.44071020925811,15.330000000000002,18.51784743612974,35.27466666666667,66.99841722063944,
Śląski Uniwersytet Medyczny w Katowicach,36=,57.8,2023,6.1066666666666665,6.1066666666666665,56.81,56.81,50.92466666666667,61.03294262406417,13.958749999999998,21.606299821995197,44.13964285714285,62.69676601141408,41.260000000000005,49.83994685027482,14.333333333333334,27.223805001582782,
Zachodniopomorski Uniwersytet Technologiczny w Szczecinie,36=,57.5,2023,5.135000000000001,5.135000000000002,44.21,44.21,60.064,71.98638510031398,31.78625,49.20091324200913,38.462857142857146,54.633354470513645,43.82,52.932294497795496,14.159333333333333,26.893320671098447,ZUT
Akademia Ekonomiczno-Humanistyczna w Warszawie,41=,56.9,2023,1.7666666666666668,1.7666666666666668,44.20000000000001,44.20000000000001,54.51133333333333,65.33154358126193,12.915,19.990712793127464,40.64214285714286,57.72885225110971,3.9299999999999997,4.747236818264178,52.65,100.0,
Uniwersytet Warmińsko-Mazurski w Olsztynie,41=,56.7,2023,14.635,14.635,32.03,32.03,63.98133333333333,76.6812883018928,23.2075,35.92214224905193,35.6175,50.591756499682944,53.025,64.05145859757202,13.1,24.881291547958217,
Uniwersytet Kardynała Stefana Wyszyńskiego w Warszawie,41=,56.7,2023,4.883333333333334,4.883333333333334,43.04,43.04,65.51,78.51338718569477,16.68,25.818435105641978,45.964285714285715,65.28852251109703,25.115,30.33762154979767,13.224666666666668,25.118075340297565,
Społeczna Akademia Nauk w Łodzi,42=,56.3,2023,0.9583333333333334,0.9583333333333335,51.79,51.79,53.558666666666674,64.18977763928505,10.155,15.718597631762245,44.19964285714286,62.781991122384284,3.575,4.318415171830646,41.16733333333333,78.19056663501108,
Akademia Finansów i Biznesu Vistula,42=,56.0,2023,2.0833333333333335,2.0833333333333335,57.29,57.29,55.68,66.7321843764232,10.025,15.517374816190696,35.31321428571429,50.15954343690552,8.64,10.436673310382316,45.46866666666667,86.36024058246281,
Politechnika Częstochowska,42=,55.9,2023,9.735000000000001,9.735000000000001,38.61,38.61,52.176,62.53265898032071,27.723750000000003,42.91270025539819,37.050357142857145,52.6270133164236,43.720000000000006,52.81149966781423,21.604666666666667,41.034504590060145,Politechnika Czestochowska
Uniwersytet Marii Curie-Skłodowskiej w Lublinie,45=,55.0,2023,12.604999999999999,12.604999999999997,28.94,28.94,66.87533333333333,80.1497319366875,20.6325,31.936382632923145,35.43535714285714,50.333037412809134,37.61,45.43093555595821,19.35,36.75213675213676,
Polsko-Japońska Akademia Technik Komputerowych w Warszawie,45=,54.6,2023,7.708333333333333,7.708333333333332,55.0,55.0,54.67333333333333,65.52569972115022,3.14,4.860304929958981,40.88035714285714,58.06721623335447,5.075,6.130337621549798,34.016666666666666,64.60905349794238,PJATK
Uniwersytet Rolniczy im. Hugona Kołłątaja w Krakowie,47,54.0,2023,7.693333333333334,7.693333333333333,23.25,23.25,61.67733333333333,73.91995653459253,27.097499999999997,41.94334803807754,43.182500000000005,61.337222574508566,34.47,41.63797789454612,13.086666666666668,24.855967078189302,
Katolicki Uniwersytet Lubelski Jana Pawła II w Lublinie,48=,53.4,2023,7.399999999999999,7.399999999999999,29.13,29.13,72.61733333333333,87.03148845050615,14.47375,22.403451745220956,34.61357142857143,49.16575776791377,36.705,44.33774234462765,16.86733333333333,32.03672048116492,
Politechnika Opolska,48=,53.3,2023,2.741666666666667,2.7416666666666676,41.93,41.93,56.81466666666666,68.09207635210174,26.223750000000003,40.59089853726492,39.020714285714284,55.425745085605584,28.059999999999995,33.895029292746266,17.028,32.34188034188034,Politechnika Opolska
Akademia Wychowania Fizycznego im. J. Kukuczki w Katowicach,48=,53.3,2023,1.4416666666666667,1.4416666666666667,33.31,33.31,83.43800000000002,100.0,17.89125,27.693289993034593,36.340357142857144,51.618516169942936,21.74,26.260796037929577,11.904666666666666,22.610952833175052,
Uniwersytet Zielonogórski,48=,53.0,2023,4.7683333333333335,4.7683333333333335,42.61,42.61,61.449333333333335,73.64669974512012,17.645,27.312127544307714,36.84178571428572,52.33075459733673,32.49,39.246240260916835,14.632666666666667,27.792339347894902,
Uniwersytet Ekonomiczny w Krakowie,48=,53.0,2023,7.724999999999999,7.724999999999999,53.73,53.73,52.27666666666667,62.65330744584801,17.92375,27.74359569692748,32.55464285714286,46.2412175015853,38.595,46.62076463127379,16.086,30.552706552706553,
Politechnika Białostocka,48=,52.9,2023,4.176666666666667,4.176666666666667,40.52,40.52,55.49266666666667,66.50766637103797,31.317500000000003,48.47535020509249,35.245000000000005,50.06265060240965,31.494999999999997,38.044331702603124,18.663333333333338,35.447926559037676,Politechnika Bialostocka
Akademia Marynarki Wojennej im. Bohaterów Westerplatte w Gdyni,54-61,,2023,1.9416666666666667,1.9416666666666667,33.3,33.3,69.22266666666668,82.96299847391677,7.21,11.16012692516059,32.596428571428575,46.30057070386811,33.21,40.11596303678203,15.981333333333335,30.35390946502058,
Collegium Civitas w Warszawie,54-61,,2023,3.6750000000000003,3.675,54.69,54.69,49.22200000000001,58.992305664085904,2.9025,4.49268632458788,30.353928571428575,43.11528218135701,6.925,8.365041976203418,42.827333333333335,81.3434631212409,
Politechnika Bydgoska im. Jana i Jędrzeja Śniadeckich,54-61,,2023,1.1333333333333335,1.1333333333333335,47.52,47.52,55.94800000000001,67.05338095352238,33.7275,52.2057116322266,34.926071428571426,49.60963855421687,28.045000000000005,33.87691006824909,11.223999999999998,21.318138651471983,Politechnika Bydgoska
Politechnika Koszalińska,54-61,,2023,0.6916666666666665,0.6916666666666665,38.96,38.96,53.54666666666667,64.17539570299702,20.4375,31.63454840956582,33.48892857142857,47.568294229549785,29.745000000000005,35.930422177930794,22.871333333333336,43.440329218107,Politechnika Koszalinska
Politechnika Rzeszowska im. Ignacego Łukasiewicza,54-61,,2023,12.075000000000001,12.075,46.23,46.23,53.90333333333333,64.60285880933546,26.848750000000003,41.55831591982045,32.95035714285714,46.80329740012682,22.550000000000004,27.239234160777926,8.526666666666666,16.19499841722064,Politechnika Rzeszowska
Uniwersytet Ekonomiczny we Wrocławiu,54-61,,2023,9.791666666666666,9.791666666666666,57.0,57.0,51.86266666666667,62.157130643911245,19.72625,30.533627428217628,29.26178571428571,41.563982244768546,34.730000000000004,41.95204445249744,15.875333333333334,30.152579930357707,
Uniwersytet Morski w Gdyni,54-61,,2023,0.46666666666666673,0.46666666666666673,41.78,41.78,47.918000000000006,57.42946858745416,30.46875,47.16159739958207,47.75142857142857,67.82701331642359,21.67,26.176239656942684,8.132666666666667,15.446660335549227,Uniwersytet Morski w Gdyni
Uniwersytet w Białymstoku,54-61,,2023,8.418333333333333,8.418333333333333,31.78,31.78,61.44266666666667,73.63870978051565,16.35375,25.313443231947993,40.25785714285714,57.18300570703869,30.57,36.92697952527632,14.366000000000001,27.28584995251662,
Akademia Wychowania Fizycznego im. B. Czecha w Krakowie,62-70,,2023,1.1833333333333333,1.1833333333333333,31.179999999999996,31.179999999999996,60.61733333333334,72.64955216248391,16.92,26.189923380543302,41.160357142857144,58.464933417882065,21.134999999999998,25.529987316542854,7.310666666666666,13.885406774295662,
Akademia Wychowania Fizycznego im. E. Piaseckiego w Poznaniu,62-70,,2023,1.0166666666666666,1.0166666666666666,35.64,35.64,61.08133333333333,73.2056536989541,6.1675,9.546474731057968,38.144642857142856,54.18135700697527,21.075,25.457510418554087,14.406666666666666,27.363089585311805,
Akademia Wychowania Fizycznego we Wrocławiu,62-70,,2023,1.4666666666666668,1.4666666666666668,32.3,32.3,61.27733333333334,73.44055865832513,6.27,9.705131181797073,35.79,50.83677869372226,26.494999999999997,32.00459020353929,11.732666666666669,22.284267173156067,
Politechnika Świętokrzyska w Kielcach,62-70,,2023,2.6833333333333336,2.6833333333333336,43.12,43.12,55.949333333333335,67.05497894644326,19.146250000000002,29.6358640972061,33.07821428571428,46.98490805326569,26.044999999999998,31.461013468623545,11.026666666666667,20.943336498892055,Politechnika Swietokrzyska
Akademia Pożarnicza w Warszawie,62-70,,2023,0.30833333333333335,0.30833333333333335,77.03,77.03,69.62733333333334,83.44798932540728,8.63875,13.371643061682532,24.612857142857145,34.96055802155993,16.42,19.834511082925655,2.88,5.47008547008547,
Uniwersytet Ekonomiczny w Katowicach,62-70,,2023,2.9333333333333336,2.9333333333333336,47.52,47.52,50.942666666666675,61.054515528496204,16.15,24.998065165234884,32.53785714285714,46.217374762206724,28.689999999999998,34.65603672162832,12.564,23.863247863247867,
Uniwersytet Przyrodniczy w Lublinie,62-70,,2023,5.916666666666667,5.916666666666668,20.95,20.95,60.85466666666666,72.93399490240256,22.868750000000002,35.39780202770683,37.52642857142858,53.303233988585944,36.78,44.42833846711361,9.315333333333333,17.692940804051915,
Uniwersytet Rzeszowski,62-70,,2023,4.443333333333333,4.443333333333333,27.070000000000004,27.070000000000004,61.378,73.56120712385243,17.44625,27.004488816655055,35.416785714285716,50.306658211794556,24.125,29.14175273298303,11.695333333333334,22.213358657803102,
Uniwersytet Szczeciński,62-70,,2023,2.9749999999999996,2.9749999999999996,36.91,36.91,63.04866666666666,75.5634922537293,20.6,31.88607692903026,26.013571428571428,36.95015852885225,32.04,38.70266352600109,16.912,32.121557454890784,
Akademia Katolicka w Warszawie,71-82,,2023,0.8916666666666667,0.8916666666666667,75.65,75.65,51.519333333333336,61.74564746678171,0.015,0.023218017181332713,21.475357142857142,30.50399492707673,23.005,27.78885063719273,13.626666666666669,25.88160810383033,
Akademia Wychowania Fizycznego i Sportu im. J. Śniadeckiego w Gdańsku,71-82,,2023,1.0,1.0,37.88,37.88,60.226000000000006,72.1805412402023,4.75,7.352372107422026,33.50607142857143,47.59264426125556,17.865,21.579996376155098,19.164,36.3988603988604,
Akademia Wychowania Fizycznego Józefa Piłsudskiego w Warszawie,71-82,,2023,5.183333333333333,5.183333333333333,35.48,35.48,59.50133333333334,71.31203208769784,7.655,11.848928101540128,29.35178571428571,41.69181991122384,16.265,19.64727909645467,13.515999999999998,25.671415004748336,
Politechnika Morska w Szczecinie,71-82,,2023,1.0250000000000001,1.0250000000000001,35.45,35.45,51.684000000000005,61.942999592511796,15.61625,24.171890720532463,28.57821428571429,40.59302473050096,22.52,27.202995711783537,21.242666666666665,40.34694523583412,Politechnika Morska w Szczecinie
Uniwersytet Dolnośląski DSW we Wrocławiu,71-82,,2023,1.5833333333333333,1.583333333333333,44.84,44.84,61.680666666666674,73.92395151689477,5.72,8.853803885148208,30.78464285714286,43.727076727964494,5.255,6.347768315516096,18.212,34.59069325735992,
Uniwersytet Jana Długosza w Częstochowie,71-82,,2023,0.7083333333333334,0.7083333333333335,27.95,27.95,58.75599999999999,70.41875404491957,29.75,46.049067409643214,30.02035714285714,42.641471147748895,22.34,26.985565017817237,17.87066666666667,33.942386831275726,
Uniwersytet Jana Kochanowskiego w Kielcach,71-82,,2023,2.1633333333333336,2.1633333333333336,30.87,30.87,55.30533333333334,66.28314836565274,14.456249999999999,22.376364058509402,31.368928571428572,44.55700697526951,31.05,37.50679470918645,13.639333333333331,25.905666350110792,
Uniwersytet Kazimierza Wielkiego w Bydgoszczy,71-82,,2023,1.7,1.7,36.55,36.55,53.17133333333333,63.725560695766106,22.465000000000003,34.77285039857597,26.554642857142856,37.71870640456564,25.6,30.92347647520686,12.269333333333332,23.303577081354856,
Uniwersytet Papieski Jana Pawła II w Krakowie,71-82,,2023,2.7000000000000006,2.7000000000000006,34.08,34.08,60.70066666666666,72.74942672003961,1.5425,2.3875861001470473,29.191785714285718,41.464552948636666,31.9,38.533550764027304,9.259333333333332,17.586578031022476,
Uniwersytet Pedagogiczny im. KEN w Krakowie,71-82,,2023,2.1366666666666667,2.1366666666666667,33.86,33.86,57.257333333333335,68.62261000183769,17.195,26.615587028867733,29.342499999999998,41.67863031071655,20.245,24.45491332970949,12.838,24.38366571699905,
Uniwersytet Pomorski w Słupsku,71-82,,2023,0.30833333333333335,0.30833333333333335,39.33,39.33,48.268,57.848941729188134,11.615,17.978484637411963,27.433214285714286,38.96664552948637,21.055,25.433351452557833,35.419333333333334,67.27318771763217,
Uniwersytet WSB Merito w Poznaniu,71-82,,2023,1.9583333333333333,1.958333333333333,50.34,50.34,57.876,69.36407871713126,10.015,15.501896138069808,31.516785714285714,44.767025998731775,9.01,10.88361418131304,11.208666666666666,21.289015511237732,
Akademia Bialska Nauk Stosowanych w Białej Podlaskiej,83+,,2023,0.7999999999999999,0.8,32.74,32.74,47.96000000000001,57.47980536446224,11.533750000000001,17.85272037767975,23.869285714285716,33.90437539632214,18.09,21.851784743612974,20.188,38.34377967711301,
Akademia Humanitas w Sosnowcu,83+,,2023,0.5,0.5,44.85999999999999,44.85999999999999,47.175333333333334,56.53938653051766,0.03,0.046436034362665427,28.45678571428571,40.420545339251746,8.19,9.89309657546657,23.748666666666665,45.10667932890155,
Akademia Ignatianum w Krakowie,83+,,2023,2.7916666666666665,2.791666666666666,31.42,31.42,58.03333333333333,69.55264188179645,5.8025,8.981502979645537,25.892142857142858,36.777679137603045,26.870000000000005,32.457570815969085,8.566,16.269705603038936,
Akademia Pedagogiki Specjalnej im. M. Grzegorzewskiej w Warszawie,83+,,2023,3.3250000000000006,3.3250000000000006,49.22,49.22,49.57399999999999,59.4141757952012,5.945,9.202074142868199,28.748571428571427,40.835003170577046,23.205,28.030440297155284,9.011333333333335,17.115542893320672,
Akademia Techniczno-Humanistyczna w Bielsku-Białej,83+,,2023,0.9250000000000002,0.9250000000000002,42.23,42.23,52.053999999999995,62.38644262805914,14.821250000000001,22.94133580992183,24.737500000000004,35.13760304375397,21.555,26.037325602464215,12.12133333333333,23.022475466919904,Uniwersytet Bielsko-Bialski
Krakowska Akademia im. A. Frycza Modrzewskiego w Krakowie,83+,,2023,3.8166666666666664,3.8166666666666664,34.66,34.66,43.358666666666664,51.96513179446614,7.46,11.547093878182803,27.002857142857142,38.35535827520609,17.305,20.903545328259952,20.843999999999998,39.589743589743584,
Uniwersytet Przyrodniczo-Humanistyczny w Siedlcach,83+,,2023,0.7666666666666667,0.7666666666666667,32.35,32.35,50.870000000000005,60.96742491430762,17.49,27.072208033433938,24.795714285714286,35.22029169308814,26.24,31.696563387087036,9.554,18.14624881291548,
Uniwersytet Technologiczno-Humanistyczny im. K. Pułaskiego w Radomiu,83+,,2023,0.3333333333333333,0.33333333333333326,37.59,37.59,52.190000000000005,62.549437905990075,13.74625,21.27737791192632,27.764285714285712,39.43690551680406,24.66,29.78800507338286,10.256666666666666,19.480848369737256,Uniwersytet Radomski
Uniwersytet Warszawski,1,100.0,2024,96.87833333333333,96.87833333333332,64.19,64.19,80.14384615384614,93.55452790373994,44.09125,73.93518906682317,55.419999999999995,85.87854276106796,82.035,100.0,44.44433333333333,66.78571249680681,
Uniwersytet Jagielloński w Krakowie,2,98.0,2024,100.0,100.0,57.504999999999995,57.505,74.71692307692307,87.2195034346518,59.635000000000005,100.0,54.956999999999994,85.16108037748127,68.58500000000001,83.60455902968246,44.881,67.44188376251611,
Politechnika Warszawska,3,85.0,2024,54.38333333333333,54.38333333333333,80.095,80.095,70.04615384615384,81.76716203475058,43.81625,73.4740504737151,49.518,76.73283436381386,52.985,64.5882854879015,41.209333333333326,61.924535295502466,Politechnika Warszawska
Akademia Górniczo-Hutnicza im. Stanisława Staszica w Krakowie,4,81.3,2024,46.23,46.23,72.26,72.26,69.08153846153846,80.64113500651011,49.088750000000005,82.31533495430536,51.729,80.15898842452698,59.69,72.7616261351862,26.994999999999997,40.56490836142514,AGH
Politechnika Gdańska,5,80.1,2024,23.064999999999998,23.065,70.685,70.685,80.91923076923078,94.45965967763661,45.00875,75.47371510019283,51.41100000000001,79.6662172841802,40.43,49.28384226244896,47.13666666666666,70.83143410988615,Politechnika Gdanska
Uniwersytet im. Adama Mickiewicza w Poznaniu,6,75.3,2024,54.60666666666666,54.60666666666666,52.589999999999996,52.59,74.76230769230769,87.27248237776679,23.23875,38.968307202146384,46.513,72.0763020470147,52.17999999999999,63.60699701346985,34.44866666666667,51.76540124121558,
Politechnika Wrocławska,7,74.6,2024,46.958333333333336,46.95833333333334,71.115,71.115,75.4546153846154,88.08063574731737,38.63875,64.79206841619853,40.867000000000004,63.32728991368757,42.99,52.40446151033096,31.39233333333333,47.1727032753465,Politechnika Wroclawska
Politechnika Łódzka,8=,74.0,2024,14.923333333333334,14.923333333333336,70.485,70.485,73.63615384615386,85.95788622996453,46.21,77.48805231826947,44.454,68.88568639300823,51.385000000000005,62.63789845797527,39.769333333333336,59.760672800949706,Politechnika Lodzka
Politechnika Poznańska,8=,74.0,2024,18.98,18.98,71.875,71.875,71.89076923076924,83.92044179050869,59.545,99.8490819149828,46.081,71.40687710163793,35.25,42.96946425306272,37.025333333333336,55.63731260299636,Politechnika Poznanska
Warszawski Uniwersytet Medyczny,10,73.0,2024,22.593333333333334,22.593333333333334,79.565,79.565,64.22923076923077,74.97687783414897,27.997500000000002,46.9481009474302,53.288000000000004,82.57480668805107,41.515,50.606448467117694,28.61866666666667,43.0047635028526,
Politechnika Śląska,11,70.7,2024,29.383333333333336,29.383333333333336,69.605,69.605,69.75384615384615,81.42594172316257,41.20625,69.09742600821664,40.755,63.15373529821952,49.335,60.13896507588225,29.271,43.98501324864884,Politechnika Slaska
Uniwersytet Medyczny w Białymstoku,12=,69.8,2024,10.46,10.46,63.695,63.695,69.40923076923076,81.02366093476405,23.89,40.06036723400687,58.42100000000001,90.52887669874329,45.625,55.616505150240755,21.91,32.923768927535654,
Gdański Uniwersytet Medyczny,12=,69.7,2024,18.98333333333333,18.98333333333333,66.57,66.57,54.730000000000004,63.88811565572666,25.482499999999998,42.730778905005444,53.225,82.4771822168503,45.025,54.88511001401841,35.251666666666665,52.97205511838632,
Uniwersytet Medyczny w Łodzi,12=,69.5,2024,9.363333333333335,9.363333333333335,69.42,69.42,62.56384615384616,73.03282000628563,18.1675,30.464492328330675,59.38499999999999,92.02268606759331,40.07,48.84500518071555,27.711000000000002,41.64082887955001,
Szkoła Główna Handlowa w Warszawie,12=,69.3,2024,27.191666666666666,27.191666666666666,100.0,100.0,53.7423076923077,62.735150181834506,10.5575,17.70352980632179,34.383,53.279717353911956,48.69499999999999,59.358810263911735,44.17933333333333,66.38750169051758,
Uniwersytet Gdański,16=,68.1,2024,23.545,23.545,58.629999999999995,58.63,64.88153846153847,75.73833789790329,48.96,82.0994382493502,41.684,64.59330884973579,40.89,49.844578533552756,35.468666666666664,53.298137174857125,
Uniwersytet Medyczny im. Piastów Śląskich we Wrocławiu,16=,68.1,2024,14.888333333333334,14.888333333333332,65.515,65.515,62.88384615384616,73.40636645265569,9.1975,15.42298985495095,50.801,78.72096446779167,49.38000000000001,60.19381971109893,35.927,53.986866556803896,
Akademia Leona Koźmińskiego w Warszawie,16=,67.7,2024,31.82166666666667,31.82166666666667,58.345000000000006,58.345000000000006,57.95615384615385,67.65411035783235,7.6825,12.882535423828287,44.023,68.21781104241241,32.655,39.80618028890108,55.906666666666666,84.00995777462772,
Pomorski Uniwersytet Medyczny w Szczecinie,19=,67.6,2024,5.101666666666667,5.101666666666667,67.845,67.845,66.69461538461539,77.85480177793741,6.557499999999999,10.996059361113437,64.533,100.0,30.6,37.301151947339555,22.643666666666665,34.02623683274645,
Uniwersytet Wrocławski,19=,67.1,2024,37.328333333333326,37.328333333333326,49.004999999999995,49.005,70.38692307692307,82.16495308220713,13.72125,23.00871971157877,39.432,61.10362140300312,46.285000000000004,56.42103980008533,42.799333333333344,64.31380013323785,
Uniwersytet Medyczny im. Karola Marcinkowskiego w Poznaniu,21,66.8,2024,15.268333333333333,15.268333333333333,69.395,69.395,56.97076923076923,66.50383872850536,7.970000000000001,13.36463486207764,53.965,83.62388235476423,50.01,60.96178460413238,25.868999999999996,38.872888105267904,
Uniwersytet Medyczny w Lublinie,22,65.6,2024,9.945,9.945,67.75500000000001,67.75500000000001,58.96230769230769,68.82862658824584,38.08500000000001,63.86350297644002,44.825,69.46058605674617,47.185,57.51813250441885,28.644666666666662,43.04383324233757,
Uniwersytet Mikołaja Kopernika w Toruniu,23,65.0,2024,26.275000000000002,26.275,53.18,53.18,69.67923076923078,81.3388407488888,17.506249999999998,29.355663620357166,37.559999999999995,58.202779973037046,60.875,74.20613152922533,31.881333333333334,47.90751491412171,
Uniwersytet SWPS,24=,62.1,2024,18.715,18.715,54.065,54.065,75.9423076923077,88.64993489875634,5.7775,9.68810262429781,50.459999999999994,78.19255264748267,10.815,13.183397330407754,32.70666666666666,49.14772869572187,
Akademia WSB w Dąbrowie Górniczej,24=,62.0,2024,2.845,2.845,51.94,51.94,65.70923076923077,76.70453014861042,10.3525,17.359771946004862,41.596,64.45694450901088,17.78,21.673675870055465,66.54766666666666,100.0,
Uniwersytet Śląski w Katowicach,26=,60.5,2024,17.761666666666667,17.761666666666667,43.574999999999996,43.575,69.61538461538461,81.26431104925244,38.81375,65.0855202481764,36.355000000000004,56.3355182619745,42.464999999999996,51.764490766136404,30.064999999999998,45.17814298522864,
Uniwersytet Opolski,26=,60.1,2024,5.881666666666667,5.881666666666666,42.089999999999996,42.09,59.818461538461534,69.8280429219234,10.98375,18.418294625639305,53.678999999999995,83.1806982474083,28.560000000000002,34.81440848418358,37.162666666666674,55.84368097053242,
Uniwersytet Przyrodniczy we Wrocławiu,26=,60.0,2024,13.206666666666665,13.206666666666665,36.4,36.4,65.01384615384616,75.8927849863063,22.89,38.38349962270478,46.827000000000005,72.56287480823765,42.315,51.58164198208082,29.159333333333333,43.81721372650181,
Uniwersytet Łódzki,29=,59.9,2024,18.64666666666667,18.64666666666667,54.0,54.0,62.92307692307692,73.45216181026355,19.9125,33.390626310052824,35.6,55.165574202346086,39.425000000000004,48.058755409276536,38.01700000000001,57.127472538481214,
Politechnika Krakowska im. Tadeusza Kościuszki,29=,59.8,2024,13.9,13.9,57.405,57.405,72.41999999999999,84.53823014412066,18.955,31.785025572231067,41.361000000000004,64.09278973548417,32.525,39.647711342719575,24.07433333333334,36.17607429261233,Politechnika Krakowska
Szkoła Główna Gospodarstwa Wiejskiego w Warszawie,29=,59.8,2024,24.834999999999997,24.834999999999994,51.0,51.0,59.652307692307694,69.63408611323126,19.7075,33.04686844973589,40.15599999999999,62.2255280244216,36.205,44.13360151154995,30.761333333333333,46.224510751691774,
Wojskowa Akademia Techniczna im. Jarosława Dąbrowskiego,29=,59.7,2024,6.065,6.065,67.06,67.06,60.02538461538461,70.06959098460017,27.435,46.004862916072774,42.342999999999996,65.61449181039157,57.875,70.54915584811361,9.23,13.869757517168146,WAT
Politechnika Lubelska,33,59.3,2024,6.676666666666667,6.676666666666666,53.56999999999999,53.56999999999999,72.93769230769232,85.14254927490684,53.04,88.94105810346272,36.175,56.05659120140083,25.195,30.712500761869936,27.160666666666668,40.81385272711791,Politechnika Lubelska
Uniwersytet Przyrodniczy w Poznaniu,34,58.2,2024,14.12,14.12,44.355,44.355,65.90846153846154,76.9370987294033,23.0475,38.64760627148486,43.29099999999999,67.08350766274617,47.81,58.28000243798379,16.71366666666667,25.11533086559509,
Śląski Uniwersytet Medyczny w Katowicach,35=,57.3,2024,7.8183333333333325,7.8183333333333325,67.13000000000001,67.13000000000001,55.473076923076924,64.75553360571095,15.17,25.438081663452667,43.268,67.047866982784,40.595,49.4849759249101,17.584,26.42316535015002,
Uniwersytet Ekonomiczny w Poznaniu,35=,56.8,2024,10.271666666666667,10.271666666666668,72.22500000000001,72.22500000000001,53.54538461538462,62.505275445606785,10.3275,17.31785025572231,37.728,58.463111896239134,37.785000000000004,46.05960870360213,26.64966666666667,40.04598207800925,
Polsko-Japońska Akademia Technik Komputerowych,37,56.5,2024,7.015,7.015,65.365,65.365,52.30076923076923,61.05239527679252,0.98,1.643330259076046,42.842999999999996,66.38928920087396,7.630000000000001,9.300908148960811,49.35833333333333,74.16989325946815,PJATK
Akademia Ekonomiczno-Humanistyczna w Warszawie,38,55.9,2024,3.14,3.14,48.75,48.75,53.24846153846154,62.15866744488843,8.0625,13.519745116123081,42.043,65.14961337610215,3.5050000000000003,4.272566587432195,62.922,94.55177491822904,
Katolicki Uniwersytet Lubelski Jana Pawła II,39=,55.6,2024,9.905,9.905,34.715,34.715,70.56769230769231,82.3759709064787,11.52,19.317514882200047,45.308,70.20904033595215,38.13,46.480160906929974,21.001333333333335,31.558331621945182,
Zachodniopomorski Uniwersytet Technologiczny w Szczecinie,39=,55.4,2024,5.998333333333334,5.998333333333334,56.26000000000001,56.26000000000001,61.62153846153846,71.93283347550845,22.25375,37.31659260501383,38.291000000000004,59.335533757922306,44.23,53.916011458523805,18.090333333333334,27.184023481915222,ZUT
Uczelnia Łazarskiego w Warszawie,41=,55.0,2024,5.693333333333334,5.693333333333333,59.13500000000001,59.13500000000001,59.085384615384626,68.9722982983882,2.4875,4.171208183113943,36.434,56.4579362496707,13.689999999999998,16.687999024806484,51.157999999999994,76.87422048356316,
Politechnika Opolska,41=,54.5,2024,4.396666666666667,4.396666666666667,53.69499999999999,53.69499999999999,60.38846153846154,70.49342252952005,30.9675,51.9283977529974,36.955,57.26527513055336,29.255000000000003,35.6616078503078,26.45733333333333,39.75696618463959,Politechnika Opolska
Uniwersytet Kardynała Stefana Wyszyńskiego w Warszawie,43=,53.9,2024,7.663333333333333,7.663333333333332,48.94,48.94,65.51615384615386,76.47914515332465,22.83,38.28288756602666,43.09100000000001,66.77358870655324,24.675,30.078624977143903,15.966333333333333,23.992326302449875,
Społeczna Akademia Nauk w Łodzi,43=,53.9,2024,2.1366666666666667,2.1366666666666667,55.044999999999995,55.04499999999999,50.856153846153845,59.36604857899699,5.1875,8.698750733629579,41.892,64.91562456417648,5.33,6.497226793441824,52.606666666666676,79.05110622461096,
Akademia Wychowania Fizycznego im. J. Kukuczki w Katowicach,43=,53.5,2024,3.3499999999999996,3.3499999999999996,44.525,44.525,85.66538461538462,100.0,15.0475,25.232665381068163,37.589999999999996,58.24926781646599,22.905,27.921009325287987,19.886,29.882339976858695,
Uniwersytet Ekonomiczny w Krakowie,46=,53.3,2024,10.1,10.1,63.745000000000005,63.745,53.382307692307684,62.314910429668195,10.985,18.42039071015343,33.278,51.56741512094587,36.55,44.55415371487779,27.866666666666667,41.87474642236392,
Politechnika Białostocka,46=,53.0,2024,5.058333333333334,5.058333333333334,52.9,52.9,59.05,68.93099268172226,40.865,68.5251949358598,31.833000000000002,49.32825066245177,31.420000000000005,38.30072530017676,24.836666666666666,37.321619090075785,Politechnika Bialostocka
Uniwersytet Ekonomiczny we Wrocławiu,48=,52.3,2024,8.753333333333334,8.753333333333334,65.845,65.845,52.55692307692308,61.35141202352624,11.1225,18.650960006707468,31.280000000000005,48.471324748578255,37.38,45.56591698665205,27.279,40.99167013118417,
Uniwersytet Marii Curie-Skłodowskiej w Lublinie,48=,52.2,2024,14.013333333333334,14.013333333333332,38.6,38.6,64.52923076923076,75.32707762762087,22.808749999999996,38.24725412928648,32.638,50.57567446112841,41.49,50.575973669775095,22.33833333333333,33.56741784084591,
Akademia Finansów i Biznesu Vistula,50=,51.6,2024,2.748333333333333,2.748333333333333,51.24,51.24,55.0,64.20329546985138,7.105,11.914144378301332,30.205000000000002,46.80551035904111,8.175,9.96525873102944,62.42,93.79742840971134,
Uniwersytet w Białymstoku,50=,51.5,2024,5.515000000000001,5.515,39.665,39.665,62.78769230769231,73.29412292910699,24.78875,41.56745199966462,37.688,58.401128105000545,32.755,39.92807947827148,21.392333333333333,32.14588039650777,
Uniwersytet Zielonogórski,50=,51.3,2024,8.216666666666667,8.216666666666667,53.725,53.725,58.07230769230769,67.78970053427916,11.85125,19.872977278443866,37.775,58.53594285094448,34.27,41.774852197232896,16.91866666666667,25.42338073461129,
Uniwersytet Warmińsko-Mazurski w Olsztynie,50=,51.2,2024,14.586666666666666,14.586666666666666,41.43,41.43,61.174615384615386,71.41112557805414,16.5575,27.764735474134316,34.794999999999995,53.91815040366943,46.11,56.207716218687146,14.165333333333335,21.285995501971023,
Politechnika Częstochowska,50=,51.2,2024,4.976666666666667,4.976666666666667,48.475,48.475,53.02153846153847,61.89377272931352,20.11875,33.73648025488387,32.123999999999995,49.77918274371251,44.964999999999996,54.81197050039617,27.207333333333334,40.883977900552495,Politechnika Czestochowska
Collegium Civitas w Warszawie,55-60,,2024,4.201666666666667,4.201666666666667,53.544999999999995,53.54499999999999,46.65461538461538,54.46145557401337,2.2025,3.693300913892848,30.837999999999997,47.78640385539181,9.575,11.671847382214908,60.465333333333334,90.86018543099435,
Politechnika Bydgoska im. Jana i Jędrzeja Śniadeckich,55-60,,2024,3.438333333333334,3.438333333333334,58.13,58.13,55.97769230769231,65.34458761729447,39.370000000000005,66.0182778569632,32.231,49.944989385275754,26.98,32.888401292131405,13.951,20.96392059826791,Politechnika Bydgoska
Politechnika Koszalińska,55-60,,2024,2.266666666666667,2.266666666666667,50.73500000000001,50.73500000000001,56.31461538461538,65.73788892380908,20.93375,35.10312735809507,30.076,46.605612632296655,31.4,38.27634546230268,26.569666666666667,39.925767494978544,Politechnika Koszalinska
Uniwersytet Morski w Gdyni,55-60,,2024,2.445,2.445,49.07,49.07,48.060769230769246,56.10290486238945,23.97375,40.20080489645342,42.54900000000001,65.93370833527034,22.03,26.85439141829707,12.058,18.11934302730374,Uniwersytet Morski w Gdyni
Uniwersytet Przyrodniczy w Lublinie,55-60,,2024,8.233333333333333,8.233333333333333,25.55,25.55,60.896153846153844,71.08606833385713,16.4575,27.597048713004106,39.053999999999995,60.51787457579842,40.760000000000005,49.68610958737125,17.342666666666666,26.060518024674046,
Uniwersytet Rolniczy im. Hugona Kołłątaja w Krakowie,55-60,,2024,8.846666666666668,8.846666666666668,31.929999999999996,31.929999999999996,64.06,74.77932923270326,20.583750000000002,34.51622369413934,38.769999999999996,60.07778965800443,37.97,46.28512220393735,12.647,19.004422894867343,
Akademia Marynarki Wojennej im. Bohaterów Westerplatte,61-72,,2024,2.841666666666667,2.841666666666667,43.365,43.365,65.27384615384615,76.19629147398194,4.5875,7.6926301668483275,31.330000000000002,48.548804487626484,34.615,42.19540440056074,19.031333333333333,28.598047514813945,
Akademia Pożarnicza,61-72,,2024,1.63,1.63,83.89,83.89,67.94846153846153,79.31845732501233,4.53,7.5962102791984565,30.552000000000003,47.34321974803589,18.455,22.496495398305598,3.6776666666666666,5.526364560740923,
Akademia Wychowania Fizycznego i Sportu w Gdańsku,61-72,,2024,2.4916666666666667,2.4916666666666667,44.875,44.875,62.53692307692309,73.001391819692,2.01,3.3705038987171956,35.577,55.129933522383894,15.815000000000001,19.27835679892729,22.518666666666668,33.83840154676098,
Akademia Wychowania Fizycznego im. B. Czecha w Krakowie,61-72,,2024,2.5116666666666667,2.5116666666666667,38.379999999999995,38.379999999999995,63.050769230769234,73.6012212095362,5.90125,9.895614991196444,39.711000000000006,61.53595834689229,20.475,24.958859023587497,12.814666666666666,19.256372625135867,
Akademia Wychowania Fizycznego im. E. Piaseckiego w Poznaniu,61-72,,2024,2.535,2.535,43.160000000000004,43.16,85.06076923076922,99.29421272392581,3.405,5.709734216483608,30.798,47.72442006415322,21.93,26.732492228926677,18.397666666666666,27.645847838391532,
Akademia Wychowania Fizycznego J. Piłsudskiego w Warszawie,61-72,,2024,2.9199999999999995,2.9199999999999995,44.475,44.475,61.377692307692314,71.64818389978898,4.16,6.9757692630166845,34.02,52.71721444842174,17.65,21.515206923873954,19.188,28.833467739915754,
Akademia Wychowania Fizycznego we Wrocławiu,61-72,,2024,3.295,3.295,39.585,39.585,61.94538461538462,72.31086966282045,3.495,5.860652301500796,34.616,53.64077293787674,25.025,30.50527213994027,16.766666666666666,25.194973026852935,
Politechnika Rzeszowska im. Ignacego Łukasiewicza,61-72,,2024,7.0566666666666675,7.0566666666666675,50.76499999999999,50.76499999999999,54.59307692307693,63.72828087819333,24.021250000000002,40.28045610799027,30.225,46.8365022546604,22.455000000000002,27.37246297312123,14.246,21.407211873193656,Politechnika Rzeszowska
Politechnika Świętokrzyska,61-72,,2024,2.7283333333333335,2.7283333333333335,51.870000000000005,51.87,60.80538461538462,70.98011044762717,10.7525,18.030518990525696,30.670000000000005,47.52607193218974,27.705000000000005,33.772170415066746,22.080333333333336,33.17972581057188,Politechnika Swietokrzyska
Uniwersytet Ekonomiczny w Katowicach,61-72,,2024,5.0216666666666665,5.0216666666666665,59.35,59.35,52.78923076923077,61.622592376419874,8.425,14.12760962522009,29.819999999999997,46.208916368369664,26.195000000000004,31.931492655573848,21.328,32.04920783598724,
Uniwersytet Rzeszowski,61-72,,2024,6.56,6.56,34.285000000000004,34.285000000000004,59.98076923076922,70.01750998967357,15.137500000000001,25.38358346608535,34.681000000000004,53.74149659863946,25.68,31.30371183031633,14.217,21.36363408684502,
Uniwersytet Szczeciński,61-72,,2024,5.391666666666666,5.391666666666665,46.17499999999999,46.17499999999999,62.225384615384606,72.63772280339423,12.46,20.89377043682401,29.93,46.3793717942758,32.4,39.49533735600659,23.06566666666667,34.66036875823346,
Akademia Pedagogiki Specjalnej w Warszawie,73-80,,2024,2.9416666666666664,2.9416666666666664,56.720000000000006,56.720000000000006,50.27692307692307,58.68989359313966,3.865,6.481093317682569,28.661,44.4129360172315,24.65,30.048150179801304,9.215333333333332,13.847718176945849,
Politechnika Morska w Szczecinie,73-80,,2024,2.335,2.335,40.214999999999996,40.214999999999996,51.97384615384616,60.67076729672698,10.0525,16.856711662614234,28.691999999999997,44.4609734554414,22.025,26.84829645882855,27.22666666666667,40.91302975811825,Politechnika Morska w Szczecinie
Uniwersytet Jana Długosza w Częstochowie,73-80,,2024,2.215,2.215,27.5,27.5,58.72307692307691,68.54936470165669,27.708750000000002,46.46390542466672,25.054,38.82354764229154,23.83,29.0485768269641,29.918666666666663,44.95825047710163,
Uniwersytet Jana Kochanowskiego w Kielcach,73-80,,2024,4.088333333333334,4.088333333333334,37.14,37.14,54.902307692307694,64.08925604992592,11.66625,19.56275677035298,28.673000000000002,44.43153115460307,29.790000000000003,36.31376851343939,15.619000000000002,23.47039465445821,
Uniwersytet Kazimierza Wielkiego w Bydgoszczy,73-80,,2024,3.5100000000000002,3.51,44.73,44.73,54.48615384615384,63.603466080007166,40.93125,68.63628741510857,24.470000000000002,37.918584290208116,26.920000000000005,32.81526177850918,15.122999999999998,22.725064239667805,
Uniwersytet Papieski Jana Pawła II w Krakowie,73-80,,2024,4.156666666666666,4.156666666666666,44.580000000000005,44.58000000000001,61.86692307692307,72.21927894760472,0.8225,1.379223610295967,25.531999999999996,39.564253947592704,31.495000000000005,38.392149692204555,11.408333333333333,17.143100434275183,
Uniwersytet Pomorski w Słupsku,73-80,,2024,1.0933333333333333,1.0933333333333333,50.865,50.865,48.81230769230769,56.98020024244601,7.3875,12.387859478494171,24.713000000000005,38.29513582198256,24.7,30.109099774486502,38.233666666666664,57.45305370085603,
Uniwersytet WSB Merito w Poznaniu,73-80,,2024,1.7083333333333333,1.708333333333333,53.72,53.72,54.51153846153847,63.63309837022405,5.055,8.476565775132052,32.77,50.78022097221577,8.739999999999998,10.653989150972144,15.410333333333336,23.156834950386447,
Akademia Bialska im. Jana Pawła II,81-90,,2024,0.725,0.725,48.255,48.255,45.18615384615384,52.74727248237776,4.4125,7.39917833487046,23.575,36.531696961244634,18.345,22.362406289998173,28.88566666666667,43.405979673717596,
Akademia Humanitas w Sosnowcu,81-90,,2024,1.2633333333333334,1.2633333333333334,48.05500000000001,48.05500000000001,44.169999999999995,51.56108292551518,0.045,0.07545904250859393,20.573999999999998,31.88136302356933,9.405,11.464618760285243,37.688333333333325,56.633590959863355,
Akademia Katolicka w Warszawie,81-90,,2024,1.1233333333333333,1.1233333333333333,78.07,78.07,52.14153846153847,60.8665200017959,0.0175,0.029345183197786538,14.592000000000002,22.61168704383804,23.830000000000002,29.0485768269641,10.974666666666668,16.491437215429546,
Krakowska Akademia im. Andrzeja Frycza Modrzewskiego,81-90,,2024,3.9883333333333333,3.9883333333333333,47.185,47.185,44.74461538461538,52.231850222242166,3.365,5.642659512031525,21.319999999999997,33.037360730169056,15.675,19.10769793380874,24.43366666666667,36.7160381280586,
Uniwersytet Bielsko-Bialski,81-90,,2024,0.8966666666666666,0.8966666666666666,54.525,54.525,51.51615384615385,60.13648812463521,7.94875,13.329001425337468,23.277,36.06991771651713,21.285,25.94624245748766,18.200666666666667,27.34981942767841,Uniwersytet Bielsko-Bialski
Uniwersytet Dolnośląski DSW we Wrocławiu,81-90,,2024,2.4683333333333333,2.4683333333333333,49.20000000000001,49.20000000000001,58.51153846153846,68.30242894984958,2.895,4.854531734719544,27.298999999999996,42.30238792555746,4.76,5.802401414030597,21.815,32.78101411018669,
Uniwersytet Ignatianum w Krakowie,81-90,,2024,3.6400000000000006,3.6400000000000006,40.125,40.125,60.93384615384615,71.13006779508821,3.0025,5.034795002934518,24.814,38.451644894859996,23.045,28.091668190406534,10.996,16.52349443757107,
Uniwersytet Komisji Edukacji Narodowej w Krakowie,81-90,,2024,3.526666666666667,3.526666666666667,40.085,40.085,57.86538461538461,67.54815247160238,9.6575,16.194348956149913,26.019,40.31890660592254,19.12,23.3071250076187,17.01066666666667,25.561627505096602,
Uniwersytet Radomski im. Kazimierza Pułaskiego,81-90,,2024,1.6066666666666667,1.6066666666666665,47.77,47.77,49.635384615384616,57.9410048040228,8.63125,14.473463570051143,23.180999999999997,35.92115661754451,22.37,27.268848662156397,21.301000000000002,32.00863541421438,Uniwersytet Radomski
Uniwersytet w Siedlcach,81-90,,2024,1.6600000000000001,1.66,37.385,37.385,50.81538461538461,59.31845732501233,30.754999999999995,51.5720633855957,21.415,33.184572234360715,28.329999999999995,34.53404034863168,17.142,25.75897977890535,
Akademia Górnośląska im. Wojciecha Korfantego w Katowicach,90+,,2024,1.9716666666666665,1.9716666666666667,48.875,48.875,46.92076923076923,54.77214564719615,0.005,0.008384338056510439,16.276,25.22120465498272,10.975,13.378436033400378,20.606333333333332,30.964772118231046,
Akademia im. Jakuba z Paradyża,90+,,2024,1.383333333333333,1.383333333333333,51.42499999999999,51.42499999999999,44.42,51.85291608674179,12.94125,21.70076297476314,13.906,21.548665024096202,33.575,40.92765283110868,12.652999999999999,19.013438988594643,
Akademia Jagiellońska w Toruniu,90+,,2024,0.8916666666666667,0.8916666666666667,53.18000000000001,53.18000000000001,48.60384615384615,56.73685628339244,0.0,0.0,2.799,4.337315791920412,22.105,26.945815810324863,48.51866666666667,72.90814103174166,
Akademia Kujawsko-Pomorska w Bydgoszczy,90+,,2024,0.975,0.975,50.845,50.845,51.78923076923077,60.455259731513486,0.0,0.0,9.526,14.761439883470473,18.18,22.161272627537027,15.446,23.2104306186543,
Akademia Śląska w Katowicach,90+,,2024,1.175,1.175,47.919999999999995,47.91999999999999,46.03230769230769,53.73501548960623,0.0,0.0,9.391,14.552244588040228,26.464999999999996,32.26062046687389,4.631,6.958921675190216,
Akademia Tarnowska,90+,,2024,1.0,1.0,53.56,53.56,51.2223076923077,59.79347191667041,0.0,0.0,10.237,15.86320177273643,11.065,13.488145303833731,5.063,7.608080423556048,
Akademia Wymiaru Sprawiedliwości w Warszawie,90+,,2024,0.024999999999999998,0.025,15.9,15.9,56.22000000000001,65.62744129663719,0.0,0.0,2.802,4.341964576263307,22.74,27.719875662826844,14.368666666666666,21.591540900507407,
Lubelska Akademia WSEI,90+,,2024,0.9833333333333333,0.9833333333333333,41.465,41.465,42.71692307692308,49.86485879764738,12.38625,20.770101450490483,4.369,6.770179598035114,5.455,6.649600780154812,45.019666666666666,67.65025570643598,
Międzyn. Wyższa Szkoła Logistyki i Transportu we Wrocławiu,90+,,2024,0.18333333333333335,0.18333333333333335,40.464999999999996,40.464999999999996,47.28384615384615,55.195977192116004,0.0275,0.04611385931080741,9.656,14.962887204995894,5.45,6.6435058206862925,45.015,67.64324318909254,
Uniwersytet Kaliski im. Prezyd. Stanisława Wojciechowskiego,90+,,2024,1.0366666666666668,1.0366666666666668,55.48500000000001,55.48500000000001,49.01230769230769,57.21366677142728,6.09375,10.218412006372096,12.112,18.768691987045386,22.435,27.34808313524715,10.430333333333332,15.673477156724752,
Uniwersytet WSB Merito w Gdańsku,90+,,2024,0.9,0.9,49.98,49.98,54.25615384615385,63.33497957167871,0.0,0.0,10.667,16.529527528551284,9.329999999999998,11.37319436825745,10.515666666666666,15.801706045290846,
Uniwersytet WSB Merito w Toruniu,90+,,2024,0.6166666666666667,0.6166666666666667,54.525,54.525,44.973846153846154,52.49943878238225,0.0,0.0,10.167,15.754730138068894,3.3950000000000005,4.138477479124765,8.187666666666667,12.30346167909719,
Uniwersytet Warszawski,1,100.0,2025,86.26499999999999,86.26499999999999,70.66,72.52386328646207,83.0476923076923,100.0,25.32125,39.6069997067162,60.383,88.79939999411758,81.84,100.0,47.14266666666666,71.4856880019814,
Uniwersytet Jagielloński w Krakowie,2,98.82,2025,100.0,100.0,64.235,65.9293851996305,77.6676923076923,93.52179470554455,47.96125,75.02004105973214,56.32666666666667,82.83414543279835,69.80999999999999,85.30058651026391,44.885000000000005,68.06223179219678,
Politechnika Warszawska,3,89.88,2025,56.935,56.935,85.23,87.47818946936263,71.50076923076922,86.09603378966673,49.918749999999996,78.08192394173429,53.255,78.31694428376748,59.105,72.22018572825024,41.38433333333333,62.75392865988346,Politechnika Warszawska
Akademia Górniczo-Hutnicza im. Stanisława Staszica w Krakowie,4,87.45,2025,49.305,49.305,83.45,85.65123678538438,71.86384615384615,86.5332246531187,63.2875,98.99305895004399,54.775,80.5522603162776,54.975,67.17375366568915,30.663333333333338,46.49693440692275,AGH
Politechnika Gdańska,5,85.32,2025,38.49666666666667,38.49666666666667,79.58,81.67915426460023,81.67076923076924,98.34200922546823,31.02625,48.53064815720012,57.301,84.26700261767272,42.964999999999996,52.498778103616814,44.816,67.95760231701216,Politechnika Gdanska
Uniwersytet im. Adama Mickiewicza w Poznaniu,6,81.42,2025,70.89,70.89,61.225,62.839987683465054,76.61,92.24819844019193,23.137500000000003,36.19122103822466,47.22866666666667,69.4546024961029,59.57000000000001,72.78836754643207,34.359,52.10092953432303,
Politechnika Wrocławska,7,80.06,2025,43.94,43.94,83.36,85.55886277327312,75.41846153846154,90.81343435653287,36.6375,57.30765470720501,48.18066666666667,70.85461622172765,41.39,50.57429130009775,36.35466666666666,55.127097012247205,Politechnika Wroclawska
Politechnika Poznańska,8,78.21,2025,25.090000000000003,25.090000000000003,79.67500000000001,81.77666016627323,71.74846153846154,86.3942868787166,62.09875,97.13363965196989,48.454,71.25658094687202,37.6,45.94330400782013,37.942666666666675,57.535091310699016,Politechnika Poznanska
Politechnika Łódzka,9,77.1,2025,17.75,17.75,81.67,83.82428410140615,73.89538461538463,88.9794557344251,37.27875,58.310685306481574,47.215,69.43450425984568,47.455,57.98509286412512,44.717,67.80748176566031,Politechnika Lodzka
Politechnika Śląska,10,76.56,2025,27.026666666666667,27.026666666666664,74.78,76.75254028533307,72.5,87.29923491598896,44.00125,68.8258871834979,49.059666666666665,72.1472759536858,48.260000000000005,58.96871945259043,33.842999999999996,51.318483024246746,Politechnika Slaska
Uniwersytet Gdański,11,75.46,2025,38.656666666666666,38.656666666666666,62.98,64.64128091963461,67.31384615384614,81.05444508252903,36.1475,56.54120637403461,50.69500000000001,74.55220149217149,43.545,53.2074780058651,37.765,57.26568304850866,
Gdański Uniwersytet Medyczny,12=,74.94,2025,22.545,22.545,74.76,76.73201272708613,55.66769230769231,67.03099238620997,24.15875,37.788640140776224,54.522666666666666,80.18117824684555,53.10999999999999,64.89491691104593,41.43633333333333,62.83277985857331,
Uniwersytet Medyczny w Łodzi,12=,74.77,2025,14.748333333333335,14.748333333333335,76.755,78.77963666221903,62.124615384615375,74.80595024175172,12.831249999999999,20.070388112229935,67.99933333333334,100.0,42.69500000000001,52.16886608015641,25.764666666666663,39.06874712521672,
Uniwersytet Medyczny w Białymstoku,12=,74.77,2025,21.391666666666666,21.391666666666666,72.98,74.90506004310788,71.19846153846154,85.73201682073324,19.12,29.907126796363283,61.65566666666667,90.67098697046049,47.86999999999999,58.49217986314759,21.480333333333338,32.57211599213511,
Szkoła Główna Handlowa w Warszawie,12=,74.65,2025,24.873333333333335,24.873333333333335,97.42999999999999,100.00000000000001,53.893076923076926,64.8941294159056,18.765,29.351842799882686,40.43366666666667,59.46185746919087,58.105,70.99828934506354,49.436,74.96322804676484,
Warszawski Uniwersytet Medyczny,16,74.42,2025,23.578333333333333,23.578333333333333,74.415,76.3779123473263,65.24307692307693,78.56097515792594,28.439999999999998,44.485286929318605,58.294000000000004,85.72731105206914,44.85000000000001,54.80205278592376,26.01766666666667,39.45238853422699,
Uniwersytet Wrocławski,17=,73.59,2025,41.49,41.49,58.585,60.13034999486811,72.88153846153847,87.75865582334526,10.69,16.721087105288884,46.04533333333334,67.7143893567584,44.57,54.45992179863148,48.284,73.21637072194339,
Akademia Leona Koźmińskiego w Warszawie,17=,73.3,2025,27.285,27.285,80.19,82.3052447911321,57.08615384615385,68.7390007595265,13.94,21.804672988561933,42.56966666666667,62.60306473592878,38.785000000000004,47.39125122189639,63.87699999999999,96.86111574446146,
Uniwersytet Medyczny im. Piastów Śląskich we Wrocławiu,17=,73.23,2025,23.031666666666666,23.031666666666666,68.915,70.73283382941601,58.23692307692308,70.12467349623016,16.4725,25.76595952683547,57.038666666666664,83.88121452171099,52.415,64.04569892473118,35.617666666666665,54.00953290773905,
Uniwersytet Mikołaja Kopernika w Toruniu,20,71.25,2025,33.82833333333334,33.82833333333334,61.275,62.891306579082425,70.96615384615384,85.45228876827032,19.2375,30.090917978297,44.839000000000006,65.94035235639565,58.94499999999999,72.02468230694036,32.02766666666667,48.56576745972777,
Uniwersytet Medyczny w Lublinie,21=,70.65,2025,12.01,12.01,78.75,80.82726059735195,60.91846153846154,73.35358737333507,29.6025,46.30364649525858,53.94166666666667,79.32675810547163,48.125,58.803763440860216,25.075666666666667,38.023968742576116,
Politechnika Krakowska im. Tadeusza Kościuszki,21=,70.48,2025,18.815,18.815,67.825,69.61408190495742,71.96000000000001,86.64900613178713,51.255,80.1720598298954,46.73466666666666,68.7281247855371,35.795,43.73778103616813,29.18566666666667,44.25624617748598,Politechnika Krakowska
Uniwersytet Medyczny im. Karola Marcinkowskiego w Poznaniu,23=,69.52,2025,18.998333333333335,18.998333333333335,76.365,78.37934927640357,57.86,69.67081009984996,12.401250000000001,19.397790595366118,53.53,78.72136001333345,54.935,67.12487781036168,24.595333333333333,37.29560606749865,
Uniwersytet Łódzki,23=,69.18,2025,25.459999999999997,25.459999999999994,64.42,66.11926511341477,63.82230769230769,76.85018802912136,24.4775,38.28722260240493,46.01766666666666,67.67370268335964,41.095,50.21383186705767,40.19633333333333,60.95248204366133,
Akademia WSB w Dąbrowie Górniczej,23=,69.1,2025,2.81,2.81,73.22,75.15139074207124,59.89769230769231,72.12445119579112,16.2125,25.35927265617362,49.919,73.41101383346894,18.580000000000002,22.702834799608993,65.94699999999999,100.0,
Pomorski Uniwersytet Medyczny w Szczecinie,23=,69.04,2025,8.096666666666666,8.096666666666666,71.21499999999999,73.09350302781483,65.94769230769231,79.40942183360812,8.4225,13.174308339036074,63.98033333333333,94.08964793772486,30.47,37.23118279569892,25.913666666666668,39.294686136847275,
Uniwersytet Przyrodniczy we Wrocławiu,27=,67.15,2025,15.133333333333335,15.133333333333335,47.555,48.809401621677104,65.58076923076923,78.96759971100944,26.31875,41.16726952781308,55.75966666666667,82.00031372856597,43.235,52.82869012707722,29.708333333333332,45.0488018155994,
Uniwersytet Śląski w Katowicach,27=,67.12,2025,21.695000000000004,21.695000000000004,51.199999999999996,52.55054911218311,71.4553846153846,86.04138493173522,38.06625,59.54247727050542,45.315666666666665,66.64133962097667,41.19500000000001,50.33602150537635,32.33166666666667,49.026743698222326,
Polsko-Japońska Akademia Technik Komputerowych w Warszawie,29=,66.52,2025,4.651666666666666,4.651666666666666,84.11,86.32864620753362,48.32076923076923,58.1843611641133,5.1475,8.05161794896862,54.034,79.4625437504289,6.57,8.027859237536656,60.26033333333333,91.37691378430155,PJATK
Uniwersytet SWPS,29=,66.37,2025,21.266666666666666,21.266666666666666,63.79500000000001,65.4777789181977,70.95615384615385,85.44024749448882,7.92,12.388307752468473,58.248666666666665,85.66064373180129,8.845,10.807673509286413,31.52466666666667,47.80303374932396,
Szkoła Główna Gospodarstwa Wiejskiego w Warszawie,29=,66.33,2025,21.473333333333333,21.473333333333336,66.645,68.40295596838756,60.972307692307695,73.41842500138938,26.17,40.934597712386356,45.305,66.62565319267836,36.94500000000001,45.14296187683286,35.003,53.077471302712794,
Uniwersytet Opolski,29=,66.12,2025,12.168333333333335,12.168333333333335,53.254999999999995,54.659755722056865,59.78153846153846,71.98458716955966,10.4125,16.287027079870956,58.98266666666667,86.7400660790792,30.145,36.83406647116325,38.85133333333333,58.91296546216406,
Politechnika Lubelska,33,65.14,2025,7.636666666666667,7.636666666666667,64.11,65.8010879605871,68.3576923076923,82.31136881495341,63.93125,100.0,41.063,60.38735673879155,26.869999999999997,32.83235581622678,31.604,47.92333237296618,Politechnika Lubelska
Śląski Uniwersytet Medyczny w Katowicach,34,64.09,2025,9.151666666666666,9.151666666666666,74.92,76.89623319306169,57.22923076923077,68.91128359978512,16.325,25.53524293674846,52.028999999999996,76.5139854312297,46.739999999999995,57.11143695014661,17.028333333333332,25.821240288918883,
Zachodniopomorski Uniwersytet Technologiczny w Szczecinie,35=,62.95,2025,9.496666666666666,9.496666666666666,66.77499999999999,68.5363850969927,61.355384615384615,73.87969841240438,32.2475,50.440903314106954,40.874,60.10941283738075,44.730000000000004,54.65542521994135,29.901333333333334,45.341461072275216,ZUT
Uniwersytet VIZJA,35=,62.85,2025,4.291666666666667,4.291666666666667,72.245,74.15067227753259,49.440769230769234,59.53298382764307,16.9275,26.477661550493693,47.545,69.91980313532486,4.215000000000001,5.150293255131965,61.45900000000001,93.19453500538314,
Wojskowa Akademia Techniczna im. Jarosława Dąbrowskiego w Warszawie,35=,62.54,2025,9.875,9.875,77.355,79.39546340962742,61.03615384615385,73.49530390322522,17.091250000000002,26.733796069997073,43.41466666666667,63.845723977686056,60.33,73.71700879765396,12.25233333333333,18.579060963096627,WAT
Uniwersytet Przyrodniczy w Poznaniu,35=,62.48,2025,15.748333333333333,15.748333333333333,59.49000000000001,61.05922200554245,65.48615384615385,78.85367073599973,24.8375,38.850327500244404,46.224333333333334,67.97762723163952,44.3,54.13000977517106,18.659,28.2939330068085,
Uczelnia Łazarskiego w Warszawie,39=,60.97,2025,5.3133333333333335,5.3133333333333335,75.81,77.80970953505081,52.121538461538464,62.76097145291863,4.37,6.8354677876625285,45.937999999999995,67.55654467200657,12.145,14.839931573802541,51.936666666666675,78.755161973504,
Politechnika Opolska,39=,60.93,2025,5.895,5.895,65.89,67.62804064456533,65.25,78.56931142439007,26.810000000000002,41.9356730863232,40.123999999999995,59.00646084765536,28.064999999999998,34.292521994134894,36.904,55.960089162509306,Politechnika Opolska
Uniwersytet Ekonomiczny w Poznaniu,39=,60.48,2025,14.981666666666667,14.981666666666667,74.74,76.71148516883916,53.72846153846154,64.69591152442526,16.705,26.12963144002346,40.733,59.90205786331238,41.515,50.72702834799609,25.774666666666665,39.08391081727246,
Społeczna Akademia Nauk w Łodzi,42,60.35,2025,1.925,1.925,65.10000000000001,66.81720209381096,42.58615384615385,51.27915377632871,11.715,18.324371883859616,51.24733333333334,75.3644643574937,6.69,8.174486803519061,57.89566666666667,87.7912060695205,
Uniwersytet Ekonomiczny we Wrocławiu,43=,59.45,2025,9.351666666666667,9.351666666666667,74.405,76.36764856820282,51.34153846153846,61.821752097960406,15.41,24.104017988073124,40.41466666666667,59.433916018784494,38.230000000000004,46.71309872922777,31.665000000000003,48.01583089450621,
Uniwersytet Ekonomiczny w Krakowie,43=,58.96,2025,11.205,11.205,73.02,74.94611515960177,51.855384615384615,62.44048831996444,17.678749999999997,27.652751979665652,39.57066666666666,58.19272737968018,36.86,45.039100684261975,30.13533333333333,45.69629146637958,
Uniwersytet Warmińsko-Mazurski w Olsztynie,45=,58.94,2025,19.988333333333333,19.988333333333333,50.395,51.724314892743514,60.70769230769231,73.0997943720939,23.65375,36.998729103529186,41.45933333333334,60.97020559025089,46.6,56.940371456500486,19.99866666666667,30.32536228587604,
Uniwersytet Marii Curie-Skłodowskiej w Lublinie,45=,58.69,2025,20.738333333333333,20.738333333333333,47.73499999999999,48.99414964589961,64.66307692307693,77.86258127859804,18.23875,28.528692931860398,41.359333333333325,60.82314532495415,40.964999999999996,50.0549853372434,23.851000000000003,36.16692192214962,
Akademia Finansów i Biznesu Vistula,45=,58.47,2025,2.7216666666666662,2.7216666666666662,77.745,79.79575079544288,47.38153846153846,57.05340768048017,14.896249999999998,23.300420373448038,34.13766666666667,50.20294316610947,9.73,11.889051808406647,65.295,99.01132727796566,
Akademia Wychowania Fizycznego im. Jerzego Kukuczki w Katowicach,48,57.68,2025,3.8733333333333335,3.8733333333333335,54.620000000000005,56.06076157241097,78.88538461538461,94.98805135140142,13.732499999999998,21.480105582168342,46.66133333333334,68.6202805909862,22.14,27.052785923753664,19.480999999999998,29.540388493790473,
Politechnika Białostocka,49,56.79,2025,7.715,7.715,61.475,63.096582161551886,61.52307692307692,74.0816213112021,18.4575,28.87085736631147,34.467,50.687261639819994,33.07,40.40811339198436,36.69133333333333,55.63760797812385,Politechnika Bialostocka
Politechnika Częstochowska,50=,55.61,2025,5.628333333333333,5.628333333333333,57.95000000000001,59.47860002052757,53.51769230769231,64.44211852318408,23.46,36.69566917587252,35.126666666666665,51.65736918989401,45.58,55.69403714565005,30.66033333333333,46.49238529930601,Politechnika Czestochowska
Katolicki Uniwersytet Lubelski Jana Pawła II,50=,55.52,2025,17.49,17.49,39.875,40.92681925484964,70.11999999999999,84.43341175598822,9.647499999999999,15.090429171962068,38.699,56.91085206717712,39.790000000000006,48.61925708699903,24.938,37.81521524860873,
Uniwersytet Rolniczy im. Hugona Kołłątaja w Krakowie,50=,55.43,2025,11.973333333333334,11.973333333333334,42.595,43.71856717643437,64.49153846153845,77.65602712065356,26.095,40.81728419200313,40.82266666666666,60.0339219011951,39.455,48.20992179863148,18.881666666666668,28.631577883249687,
Uniwersytet Zielonogórski,50=,55.17,2025,14.291666666666666,14.291666666666664,63.26,64.92866673509187,55.30769230769231,66.59750653007539,15.421249999999999,24.121615016130605,40.507333333333335,59.570191864626125,32.625,39.86436950146627,18.209999999999997,27.613083233505694,
Uniwersytet Kardynała Stefana Wyszyńskiego w Warszawie,50=,55.12,2025,14.180000000000001,14.180000000000001,59.61000000000001,61.18238735502413,66.93153846153847,80.59409792334341,9.29125,14.533189950141754,42.35566666666667,62.28835576819381,24.045,29.38049853372434,16.203333333333333,24.57023569432019,
Akademia Pożarnicza w Warszawie,55-60,,2025,2.2866666666666666,2.2866666666666666,92.65500000000002,95.09904546854155,56.900000000000006,68.51484781682446,13.985,21.875061100791868,41.26633333333333,60.68637927822821,18.995,23.209921798631473,4.047000000000001,6.136746174958681,
Politechnika Bydgoska im. Jana i Jędrzeja Śniadeckich,55-60,,2025,4.816666666666666,4.816666666666666,66.39,68.141229600739,50.914615384615374,61.3076823326726,41.76499999999999,65.32798905073808,38.745666666666665,56.97948019098226,28.640000000000004,34.99511241446726,16.480666666666668,24.990775420666097,Politechnika Bydgoska
Uniwersytet Civitas w Warszawie,55-60,,2025,3.598333333333333,3.598333333333333,73.86999999999999,75.81853638509699,40.924615384615386,49.278449824938406,12.6775,19.829895395444325,36.092333333333336,53.077481151776,8.7,10.630498533724339,54.40533333333333,82.49857208566476,
Uniwersytet Ekonomiczny w Katowicach,55-60,,2025,6.828333333333333,6.828333333333332,69.46499999999999,71.29734168120702,52.994615384615386,63.81226727922789,14.165,22.156613549711604,35.586333333333336,52.3333562093746,28.389999999999997,34.68963831867057,31.072,47.116623955600716,
Uniwersytet Szczeciński,55-60,,2025,8.446666666666667,8.446666666666667,56.26,57.74402134866058,61.52615384615384,74.08532631851948,17.91875,28.028155244891973,38.462333333333326,56.56280943930821,30.82,37.65884652981427,26.014333333333333,39.447333970208405,
Uniwersytet w Białymstoku,55-60,,2025,9.103333333333333,9.103333333333333,47.080000000000005,48.32187211331213,65.76615384615386,79.19082640188216,18.32375,28.661648254961385,40.571999999999996,59.66529083618465,34.300000000000004,41.91104594330401,22.400666666666666,33.9676811176652,
Akademia Humanitas w Sosnowcu,61-72,,2025,1.785,1.785,78.72500000000001,80.80160114954327,38.15076923076923,45.938385728311815,12.6525,19.790790888649916,28.431,41.81070402651006,8.21,10.031769305962856,44.288666666666664,67.15797028927271,
AWFiS im. Jędrzeja Śniadeckiego w Gdańsku,61-72,,2025,3.0683333333333334,3.0683333333333334,56.04999999999999,57.528481987067636,64.18384615384616,77.28552638891463,2.9475,4.61042135106071,41.73166666666666,61.370699712742265,14.460000000000003,17.66862170087977,22.953666666666663,34.80623328834771,
AWF im. Eugeniusza Piaseckiego w Poznaniu,61-72,,2025,3.1616666666666666,3.161666666666667,51.550000000000004,52.90978138150467,79.34076923076924,95.53639243437507,3.055,4.778570730276664,35.51733333333333,52.23188462631986,20.78,25.391006842619745,19.790666666666667,30.00995749111661,
AWF Józefa Piłsudskiego w Warszawie,61-72,,2025,3.25,3.25,57.48499999999999,59.00133429128605,59.64538461538462,71.82064059576518,3.025,4.7316453221233745,40.93766666666667,60.20304120628634,17.395,21.254887585532746,24.765666666666668,37.55389428884812,
Politechnika Koszalińska,61-72,,2025,3.783333333333333,3.783333333333333,61.875,63.507133326490816,58.034615384615385,69.8810692651118,25.73375,40.252224068823935,31.466333333333335,46.274473279149795,34.25,41.849951124144674,24.609333333333332,37.3168352363767,Politechnika Koszalinska
Politechnika Rzeszowska im. Ignacego Łukasiewicza,61-72,,2025,9.47,9.47,57.55500000000001,59.07318074515038,53.939230769230775,64.94970452566645,36.722500000000004,57.440610030306004,37.10633333333333,54.56867224188472,23.96,29.276637341153467,17.000666666666667,25.779287407564667,Politechnika Rzeszowska
Politechnika Świętokrzyska w Kielcach,61-72,,2025,3.233333333333333,3.233333333333333,54.39000000000001,55.82469465257109,62.71153846153846,75.51268038754377,20.853749999999998,32.61902434255548,33.275333333333336,48.93479347836744,29.105,35.56329423264907,23.49,35.61951263893734,Politechnika Swietokrzyska
Uniwersytet Jana Długosza w Częstochowie,61-72,,2025,3.143333333333333,3.143333333333333,32.824999999999996,33.690854972800985,57.902307692307694,69.72175395046406,23.0,35.976146250855415,35.268,51.865214364846715,23.325,28.50073313782991,30.870333333333335,46.81082283247659,
Uniwersytet Morski w Gdyni,61-72,,2025,4.495,4.495,59.92000000000001,61.500564507851806,47.12,56.73848205850207,14.1525,22.1370612963144,40.35133333333333,59.34077785076323,24.455000000000002,29.881476050830887,11.809,17.906803948625413,Uniwersytet Morski w Gdyni
Uniwersytet Przyrodniczy w Lublinie,61-72,,2025,11.731666666666667,11.731666666666667,31.8,32.63881761264498,60.715384615384615,73.10905689038736,23.21,36.30462410792844,39.53333333333333,58.137824880636074,41.645,50.88587487781036,19.687333333333335,29.853266006540615,
Uniwersytet Rzeszowski,61-72,,2025,9.466666666666667,9.466666666666667,43.35,44.4934825002566,58.37,70.28491506270726,10.21625,15.980056701534853,41.268,60.688830282649825,25.71,31.414956011730204,15.592999999999998,23.644745022518084,
Uniwersytet WSB Merito w Poznaniu,61-72,,2025,2.058333333333333,2.058333333333333,72.53,74.44318998255159,45.14,54.354309849761954,12.785,19.99804477466028,40.19533333333333,59.11136383690035,8.875,10.844330400782013,17.62933333333333,26.73257818146896,
Akademia Kultury Fizycznej im. Bronisława Czecha w Krakowie,73-82,,2025,3.405,3.405,45.64000000000001,46.84388791953199,60.15923076923078,72.43937681776923,6.2387500000000005,9.758529670544531,38.17633333333333,56.142217080559604,20.755,25.360459433040077,13.787,20.90618223725113,
Akademia Pedagogiki Specjalnej im. Marii Grzegorzewskiej w Warszawie,73-82,,2025,2.495,2.495,66.04,67.78199733141744,47.597692307692306,57.31368444452678,13.22,20.67846319288298,34.78066666666667,51.148540671967375,26.05,31.830400782013683,10.292,15.606471863769395,
AWF im. Polskich Olimpijczyków we Wrocławiu,73-82,,2025,3.6933333333333334,3.6933333333333334,48.535,49.815251975777485,57.06076923076924,68.70843444915805,1.9275,3.0149574738488614,37.42466666666667,55.036814086412605,23.285,28.45185728250244,16.396666666666665,24.86340040739786,
Politechnika Morska w Szczecinie,73-82,,2025,2.6966666666666668,2.6966666666666668,46.574999999999996,47.80355126757672,48.37923076923077,58.25475630314371,13.08125,20.461433180174016,34.65933333333333,50.97010755007401,21.634999999999998,26.435728250244377,27.24,41.305897159840484,Politechnika Morska w Szczecinie
Uniwersytet Dolnośląski DSW we Wrocławiu,73-82,,2025,2.7216666666666662,2.7216666666666662,63.09,64.75418248999281,49.102307692307704,59.12543302273024,6.38,9.979470133932937,37.72333333333333,55.476034078765466,4.245,5.186950146627566,20.438666666666666,30.99256473632867,
Uniwersytet Ignatianum w Krakowie,73-82,,2025,4.32,4.32,48.589999999999996,49.87170276095659,62.77461538461538,75.58863303755025,7.665,11.98944178316551,33.79533333333333,49.699506857910364,24.07,29.411045943304007,12.309333333333333,18.66549400781436,
Uniwersytet Jana Kochanowskiego w Kielcach,73-82,,2025,4.841666666666666,4.841666666666666,44.64000000000001,45.81751000718466,55.150769230769235,66.40855115688855,10.66625,16.683937823834196,33.30533333333333,48.97891155795644,29.645,36.22311827956989,15.855333333333332,24.04253921078038,
Uniwersytet Kazimierza Wielkiego w Bydgoszczy,73-82,,2025,4.91,4.91,52.46,53.84378528174074,55.051538461538456,66.28906467090272,15.2375,23.83419689119171,30.156000000000002,44.34749360287846,26.25,32.07478005865102,16.438333333333333,24.926582457630122,
Uniwersytet Papieski Jana Pawła II w Krakowie,73-82,,2025,4.721666666666667,4.721666666666667,57.86000000000001,59.386226008416315,61.68307692307691,74.27428169170634,2.85,4.457913774562519,30.30566666666667,44.56759379993922,34.620000000000005,42.302052785923756,10.324333333333334,15.655501134749626,
Uniwersytet Pomorski w Słupsku,73-82,,2025,1.9633333333333336,1.9633333333333338,64.21499999999999,65.90885764138355,48.30461538461539,58.16490987569701,14.375,22.485091406784633,26.85533333333333,39.49352444631809,23.46,28.665689149560116,35.35933333333334,53.61780419629906,
Akademia Humanistyczno-Ekonomiczna w Łodzi,83-92,,2025,1.3416666666666668,1.3416666666666668,89.41000000000001,91.76844914297448,48.293076923076924,58.1510160982568,2.5625,4.008211946426826,14.177666666666669,20.84971421288444,6.470000000000001,7.905669599217988,15.628333333333334,23.698323401115044,
Akademia Katolicka w Warszawie,83-92,,2025,2.4233333333333333,2.4233333333333333,73.7,75.64405213999795,49.902307692307694,60.08873492525149,1.2525,1.9591357903998436,13.296666666666669,19.554113275620352,27.865,34.048142717497555,12.171999999999999,18.457245970248838,
Chrześcijańska Akademia Teologiczna w Warszawie,83-92,,2025,1.1433333333333333,1.1433333333333333,68.155,69.95278661603203,64.3423076923077,77.47633426576019,0.0,0.0,2.6606666666666663,3.9127834586613583,42.585,52.03445747800586,19.322666666666667,29.300296702907897,
Lubelska Akademia WSEI,83-92,,2025,1.36,1.36,80.97,83.10581956276302,32.76538461538462,39.453696671050935,15.48875,24.22719718447551,20.75366666666667,30.52039725879666,4.37,5.339687194525904,38.50699999999999,58.39082899904468,
Międzynarodowa Wyższa Szkoła Logistyki i Transportu we Wrocławiu,83-92,,2025,0.7999999999999999,0.8,82.965,85.15344349789594,42.31230769230769,50.94940812508106,10.05,15.72001173135204,15.155333333333335,22.287473406602025,5.075,6.201124144672532,45.20466666666667,68.54696448157866,
Uniwersytet Andrzeja Frycza Modrzewskiego w Krakowie,83-92,,2025,2.7549999999999994,2.7549999999999994,61.29500000000001,62.91183413732938,39.97615384615385,48.13638131935311,3.48,5.443347345781602,26.453,38.90185197894096,17.435000000000002,21.303763440860216,24.75466666666667,37.53721422758681,
Uniwersytet Bielsko-Bialski,83-92,,2025,1.9100000000000001,1.91,68.365,70.16832597762496,50.105384615384615,60.33326540819919,13.505,21.124254570339232,25.368333333333332,37.306738301355885,19.445,23.759775171065492,12.977,19.677923180736048,Uniwersytet Bielsko-Bialski
Uniwersytet Komisji Edukacji Narodowej w Krakowie,83-92,,2025,3.0233333333333334,3.023333333333334,52.375,53.75654315919122,59.00769230769231,71.05277782923622,10.071250000000001,15.753250562127286,31.963000000000005,47.00487259679017,17.910000000000004,21.884164222873906,16.55933333333333,25.110063131504592,
Uniwersytet Radomski im. Kazimierza Pułaskiego,83-92,,2025,1.585,1.585,55.395,56.85620445448014,45.59,54.896167169930166,10.208749999999998,15.968325349496528,24.964666666666666,36.71310503044147,19.485,23.808651026392962,24.452666666666666,37.0792707275034,Uniwersytet Radomski
Uniwersytet w Siedlcach,83-92,,2025,3.573333333333333,3.5733333333333324,47.35999999999999,48.60925792876937,50.43538461538462,60.73062744298921,22.55875,35.28595170593411,25.045,36.83124344356317,28.52,34.848484848484844,19.455666666666666,29.50197380724926,
Akademia Górnośląska im. Wojciecha Korfantego w Katowicach,92+,,2025,1.9833333333333334,1.9833333333333334,58.34,59.87888740634302,40.04461538461539,48.21881773216503,6.265,9.79958940267866,11.734333333333332,17.256541730801278,9.095,11.113147605083089,28.59166666666666,43.3555228693749,
Akademia im. Jakuba z Paradyża w Gorzowie Wielkopolskim,92+,,2025,1.4333333333333333,1.4333333333333333,61.31,62.92722980601458,45.17,54.39043367110651,9.431249999999999,14.752175188190437,7.229333333333333,10.631476779184108,32.045,39.15566959921799,12.958666666666666,19.650123078633854,
Akademia Jagiellońska w Toruniu,92+,,2025,1.6833333333333333,1.6833333333333333,63.96,65.647131273735,46.83538461538462,56.39576888164355,0.0,0.0,7.405,10.88981264522201,20.455,24.99389051808406,34.08233333333333,51.681400720780836,
Akademia Kujawsko-Pomorska w Bydgoszczy,92+,,2025,2.5016666666666665,2.5016666666666665,70.455,72.31345581443088,50.13461538461539,60.368462977714394,0.0,0.0,9.653,14.195727409092246,17.52,21.407624633431084,19.337666666666667,29.32304224099151,
Akademia Śląska w Katowicach,92+,,2025,1.7033333333333334,1.7033333333333334,48.300000000000004,49.57405316637586,39.026923076923076,46.993386561938465,0.0,0.0,10.025333333333332,14.743281796880359,21.815,26.655669599217987,9.536,14.460096744355317,
Uniwersytet Kaliski im. Prezydenta Stanisława Wojciechowskiego,92+,,2025,1.065,1.065,51.879999999999995,53.24848609257929,46.25461538461539,55.69644875048629,8.2425,12.892755890116335,18.432333333333336,27.106638300375494,20.115,24.578445747800583,10.695666666666666,16.2185795664195,
Uniwersytet WSB Merito w Gdańsku,92+,,2025,1.675,1.675,63.92499999999999,65.61120804680283,46.13461538461539,55.551953465108106,0.0,0.0,13.002666666666668,19.121756095648,9.51,11.62023460410557,13.556333333333333,20.55640640716535,
Uniwersytet WSB Merito w Toruniu,92+,,2025,1.7833333333333332,1.7833333333333332,68.885,70.70204249204559,38.128461538461536,45.911524425260744,0.0,0.0,10.832666666666666,15.930548338709201,3.125,3.8184261974584555,6.959333333333333,10.552918757992533,
Uniwersytet WSB Merito we Wrocławiu,92+,,2025,2.408333333333333,2.408333333333333,67.105,68.87508980806733,45.93538461538461,55.31205424130712,0.0,0.0,6.780333333333334,9.971176188001843,3.3,4.032258064516129,16.752666666666666,25.40322784458227,
Uniwersytet Warszawski,1=,100.0,2026,85.17333333333333,85.17333333333335,69.665,72.82563244825424,90.3876923076923,100.0,40.5375,60.48793225650017,57.37133333333333,91.55730510413065,84.005,100.0,43.196333333333335,64.0692362456987,
Uniwersytet Jagielloński w Krakowie,1=,99.67,2026,100.0,100.0,61.88499999999999,64.69266150951285,85.03692307692307,94.08020152505446,57.606249999999996,85.95702614988623,55.00266666666666,87.77721626725537,71.425,85.02470091066009,44.75566666666667,66.38205513586205,
Politechnika Warszawska,3,92.32,2026,66.15333333333332,66.15333333333332,85.65499999999999,89.54108300229979,78.17923076923077,86.49322576252723,50.065,74.70436826202112,48.86633333333334,77.98441365002529,77.74,92.54211058865543,38.695,57.39281335284579,Politechnika Warszawska
Akademia Górniczo-Hutnicza im. Stanisława Staszica w Krakowie,4,86.13,2026,47.20666666666667,47.20666666666667,81.405,85.09826468743465,78.10461538461539,86.41067538126363,67.0175,100.0,48.81266666666667,77.89876851876481,65.725,78.23939051246948,29.284,43.43432345845035,AGH
Politechnika Gdańska,5,84.95,2026,36.95166666666667,36.95166666666667,79.53,83.13819778381767,89.54076923076923,99.06301062091502,44.14875,65.8764501809229,54.825,87.49368300662287,40.095,47.72930182727219,41.19166666666667,61.09589447454813,Politechnika Gdanska
Politechnika Wrocławska,6,79.4,2026,44.678333333333335,44.67833333333333,79.91,83.53543800961738,83.08923076923078,91.92538126361657,37.46625,55.90517402171075,44.410666666666664,70.87373992605794,47.875,56.99065531813583,35.168000000000006,52.16153146382947,Politechnika Wroclawska
Uniwersytet im. Adama Mickiewicza w Poznaniu,7,77.9,2026,64.98833333333333,64.98833333333333,60.419999999999995,63.161195902153445,84.1853846153846,93.13810593681917,21.450000000000003,32.00656544932295,40.273333333333326,64.27108545894619,66.6,79.28099517885839,31.341666666666665,46.486275362892066,
Politechnika Łódzka,8=,76.12,2026,18.995,18.995,80.21,83.84904871419609,81.37846153846155,90.03267973856211,34.46625,51.42873130152572,40.80333333333333,65.11689762481048,53.235,63.37122790310101,47.859,70.98495036190327,Politechnika Lodzka
Politechnika Śląska,8=,75.95,2026,29.564999999999998,29.565,74.45,77.82772318628474,79.34769230769231,87.7859477124183,44.68,66.66915357928899,41.52166666666667,66.26326568609198,58.575,69.72799238140587,34.58133333333333,51.29138156073252,Politechnika Slaska
Politechnika Poznańska,10=,74.96,2026,23.59166666666667,23.59166666666667,78.02499999999999,81.56491741584777,78.47307692307692,86.81832107843137,54.65625,81.55519080837095,42.525999999999996,67.86605314253796,43.89,52.2468900660675,35.40433333333333,52.512063441838386,Politechnika Poznanska
Uniwersytet Medyczny w Białymstoku,10=,74.89,2026,21.620000000000005,21.620000000000005,72.785,76.08718377587287,78.97846153846154,87.37745098039217,30.71875,45.83690827022793,60.112,95.93105832912201,37.769999999999996,44.961609428010235,22.08966666666667,32.76361586837006,
Uniwersytet Gdański,10=,74.62,2026,41.18666666666667,41.18666666666667,61.81,64.61425883336817,73.89846153846153,81.75721677559912,30.840000000000003,46.01783116350208,47.159666666666666,75.26079208447483,50.230000000000004,59.79405987738826,35.98233333333333,53.3693588577305,
Gdański Uniwersytet Medyczny,13=,74.18,2026,18.253333333333334,18.253333333333334,75.485,78.90968011708132,61.53692307692308,68.0810866013072,34.053749999999994,50.813220427500276,49.46933333333333,78.9467244726973,63.05499999999999,75.06100827331706,37.275,55.28665506466797,
Szkoła Główna Handlowa w Warszawie,13=,74.17,2026,22.584999999999997,22.584999999999994,95.56,99.89546309847375,58.953076923076914,65.22246051198256,17.3525,25.89249076733689,40.089666666666666,63.97797696624731,59.73499999999999,71.10886256770429,49.83433333333333,73.91478463789899,
Uniwersytet Medyczny w Łodzi,15=,73.23,2026,16.668333333333333,16.668333333333333,77.32000000000001,80.8279322600878,70.8323076923077,78.36499183006536,16.185,24.150408475398216,62.66166666666666,100.0,33.695,40.11070769597048,27.586666666666666,40.9168215797176,
Uniwersytet Wrocławski,15=,73.18,2026,47.93,47.93,57.70000000000001,60.31779218063977,78.99846153846154,87.39957788671025,10.209999999999999,15.234826724363039,43.60733333333334,69.59172274383596,47.260000000000005,56.258556038331065,43.224000000000004,64.11027172408339,
Akademia Leona Koźmińskiego w Warszawie,15=,73.0,2026,20.288333333333334,20.288333333333334,80.52499999999999,84.17833995400375,63.69538461538461,70.46909041394335,15.75625,23.510650203305108,41.54600000000001,66.30209857169456,37.17,44.247366228200704,67.42133333333332,100.0,
Warszawski Uniwersytet Medyczny,18,72.69,2026,24.435,24.435,70.91,74.1271168722559,73.40461538461538,81.21085239651416,30.544999999999998,45.577647629350544,52.940333333333335,84.48599622310292,42.24,50.282721266591274,28.01266666666667,41.54866906617096,
Uniwersytet Mikołaja Kopernika w Toruniu,19,71.74,2026,39.36166666666667,39.36166666666667,60.13500000000001,62.86326573280368,77.54923076923077,85.79622821350763,26.59375,39.68179952997352,40.906333333333336,65.28127244195016,66.68499999999999,79.38217963216475,26.78933333333333,39.73420875687221,
Uniwersytet Łódzki,20,70.52,2026,29.793333333333333,29.793333333333337,64.47,67.39494041396613,70.30076923076923,77.7769267429194,27.085,40.41481702540381,42.51533333333334,67.84903050775328,48.56,57.80608297125171,40.54333333333333,60.13427995095519,
Uniwersytet Medyczny im. Piastów Śląskich we Wrocławiu,21,68.73,2026,23.97,23.97,62.28,65.10558227054149,65.04923076923077,71.96691176470588,18.81375,28.07289140896035,50.142,80.02021437880684,45.19500000000001,53.80036902565325,35.044,51.977613416129415,
Uniwersytet Medyczny w Lublinie,22=,67.85,2026,14.253333333333332,14.253333333333332,77.115,80.61363161195901,67.01538461538462,74.14215686274511,35.988749999999996,53.70052598201961,50.522333333333336,80.62717770034844,31.744999999999997,37.789417296589484,24.455666666666666,36.2728908752917,
Uniwersytet Przyrodniczy we Wrocławiu,22=,67.77,2026,15.149999999999999,15.149999999999999,46.830000000000005,48.95463098473762,70.76692307692308,78.2926538671024,33.886250000000004,50.56328570895663,50.571,80.70484347155357,53.0,63.09148264984228,31.227666666666664,46.317189415813,
Pomorski Uniwersytet Medyczny w Szczecinie,22=,67.77,2026,8.598333333333334,8.598333333333334,69.94500000000001,73.1183357725277,72.68923076923076,80.4193899782135,11.48625,17.13918006490842,55.00433333333333,87.77987605394047,34.87,41.50943396226415,31.450666666666667,46.647945259660645,
Szkoła Główna Gospodarstwa Wiejskiego w Warszawie,25=,66.88,2026,20.651666666666667,20.651666666666664,66.41,69.42295630357515,67.54538461538462,74.7285198801743,26.075000000000003,38.90774797627486,42.49166666666667,67.81126153682476,48.290000000000006,57.484673531337435,33.52966666666667,49.73153897876045,
Politechnika Krakowska im. Tadeusza Kościuszki,25=,66.88,2026,18.486666666666665,18.486666666666665,67.37,70.42651055822705,79.32461538461538,87.76041666666667,32.9875,49.22221807736785,41.942,66.93406388807618,34.25,40.7713826557943,31.017999999999997,46.00620970612665,Politechnika Krakowska
Uniwersytet Medyczny im. Karola Marcinkowskiego w Poznaniu,27,65.58,2026,18.836666666666662,18.836666666666662,72.83,76.13422538155969,63.03846153846154,69.74230664488019,11.41625,17.03472973477077,46.29633333333333,73.88302258158896,50.730000000000004,60.3892625438962,26.629000000000005,39.49640074358266,
Uniwersytet Opolski,28=,64.96,2026,10.616666666666665,10.616666666666665,53.74000000000001,56.17813088020071,68.0823076923077,75.32254221132898,7.4875,11.172454955795128,52.099333333333334,83.14386786179749,29.0,34.52175465746087,46.373,68.78090020962703,
Polsko-Japońska Akademia Technik Komputerowych w Warszawie,28=,64.87,2026,2.6116666666666664,2.6116666666666664,83.74,87.53920133807233,59.600769230769224,65.93903186274508,5.83,8.699220352892901,48.99400000000001,78.18815331010454,5.3100000000000005,6.321052318314386,58.626999999999995,86.95615631056442,PJATK
Uniwersytet Śląski w Katowicach,30,64.3,2026,26.19666666666667,26.19666666666667,49.435,51.677817269496124,78.08076923076922,86.38429330065358,28.743750000000002,42.88991681277278,39.945,63.74710748197995,45.14,53.73489673233736,28.011666666666663,41.547185856108854,
Śląski Uniwersytet Medyczny w Katowicach,31=,63.66,2026,12.928333333333333,12.928333333333333,73.38,76.709178339954,60.926153846153845,67.40536492374729,19.41375,28.968179952997353,48.69566666666666,77.71205149347021,43.505,51.78858401285638,20.091,29.799173357592064,
Uniwersytet Przyrodniczy w Poznaniu,31=,63.32,2026,16.786666666666665,16.786666666666665,60.06999999999999,62.79531674681161,73.03,80.7963984204793,31.2325,46.603499086059614,41.708999999999996,66.5622257094981,51.614999999999995,61.442771263615256,17.93166666666667,26.596428430170477,
Akademia WSB w Dąbrowie Górniczej,33=,62.99,2026,3.6750000000000003,3.675,72.61,75.90424419820195,64.48384615384616,71.34140114379086,14.8025,22.08751445517962,45.510000000000005,72.62813522355509,21.419999999999998,25.498482233200406,45.63633333333333,67.68826879721553,
Uniwersytet SWPS,33=,62.58,2026,18.131666666666664,18.131666666666664,62.495,65.3303366088229,78.88076923076923,87.2693695533769,7.3225,10.926250606184952,52.19566666666666,83.2976035321967,7.425,8.838759597642998,27.828999999999997,41.27625281809912,
Politechnika Lubelska,35,62.17,2026,8.553333333333335,8.553333333333335,64.77,67.70855111854483,76.14153846153846,84.23883442265794,58.65625,87.52378110195099,35.45733333333333,56.58536585365854,27.839999999999996,33.14088447116243,26.763666666666666,39.696139698611724,Politechnika Lubelska
Zachodniopomorski Uniwersytet Technologiczny w Szczecinie,36,61.46,2026,11.256666666666666,11.256666666666666,64.99,67.93853230190255,68.27230769230769,75.53274782135077,33.26875,49.641884582385195,35.56433333333334,56.756124158842475,49.075,58.4191417177549,27.312666666666665,40.510422022703004,ZUT
Uczelnia Łazarskiego w Warszawie,37,60.82,2026,3.013333333333333,3.013333333333333,76.165,79.62053104745975,57.683076923076925,63.817401960784316,3.905,5.826836274107509,43.66466666666667,69.68321940580367,9.755,11.612404023570027,57.01599999999999,84.56670490052605,
Uniwersytet VIZJA,38,59.55,2026,2.4949999999999997,2.4949999999999997,73.71,77.05415011499058,52.2676923076923,57.8261165577342,16.56,24.709963815421343,46.13766666666666,73.62981088916669,5.13,6.106779358371526,49.88766666666666,73.99388917454417,
Uniwersytet Ekonomiczny we Wrocławiu,39=,58.74,2026,7.983333333333333,7.983333333333333,73.625,76.96529374869328,56.50923076923076,62.51872276688452,15.25,22.755250494273884,40.300666666666665,64.31470596058196,37.214999999999996,44.30093446818641,29.343999999999998,43.523316062176164,
Akademia Pożarnicza w Warszawie,39=,58.6,2026,2.52,2.52,95.66000000000001,100.00000000000001,66.15307692307691,73.18814678649235,15.071250000000001,22.488529115529527,48.923,78.07484639731895,17.17,20.439259567882868,3.344666666666667,4.960843254360639,
Uniwersytet Warmińsko-Mazurski w Olsztynie,39=,58.31,2026,20.698333333333334,20.698333333333334,49.714999999999996,51.97052059376959,68.98846153846154,76.3250612745098,23.6925,35.352706382661246,36.74366666666666,58.63818921722478,47.23499999999999,56.22879590500565,21.532333333333334,31.936973460427964,
Uniwersytet Marii Curie-Skłodowskiej w Lublinie,39=,58.27,2026,23.679999999999996,23.679999999999996,46.955000000000005,49.08530211164541,71.55846153846154,79.16836873638344,22.265,33.22266572163987,34.45466666666666,54.98523818389765,50.27499999999999,59.84762811737396,22.279,33.044436973460435,
Politechnika Białostocka,43=,58.1,2026,8.558333333333334,8.558333333333334,61.26,64.03930587497386,67.38,74.54554738562092,18.567500000000003,27.705450069011828,32.442,51.77327978296141,38.025,45.26516278792929,39.968333333333334,59.28143416524939,Politechnika Bialostocka
Uniwersytet Ekonomiczny w Krakowie,43=,57.63,2026,8.836666666666666,8.836666666666666,73.28,76.60464143842776,57.30615384615385,63.4003948801743,17.055,25.448576864251876,33.882333333333335,54.07186743623162,41.730000000000004,49.675614546753174,32.24766666666667,47.83006367915201,
Politechnika Opolska,45,57.58,2026,7.591666666666666,7.591666666666666,66.43,69.44386368388041,71.09307692307692,78.65349264705883,20.25875,30.229044652516134,35.109,56.029470436471,29.809999999999995,35.48598297720373,30.345666666666666,45.00899814104339,Politechnika Opolska
Katolicki Uniwersytet Lubelski Jana Pawła II,46=,56.83,2026,14.956666666666665,14.956666666666665,42.625,44.55885427555927,78.43153846153847,86.77236519607844,8.52625,12.722423247659192,37.71366666666666,60.18618506795755,45.934999999999995,54.681268972084986,24.131666666666668,35.792330815172264,
Wojskowa Akademia Techniczna im. J. Dąbrowskiego w Warszawie,46=,56.55,2026,9.741666666666665,9.741666666666665,77.315,80.82270541501148,66.82692307692308,73.9336533224401,17.875,26.672137874435784,33.77033333333333,53.89312977099237,49.985,59.50241057079936,9.589333333333332,14.222995688802754,WAT
Uniwersytet Ekonomiczny w Poznaniu,46=,56.46,2026,10.108333333333333,10.108333333333333,74.42999999999999,77.8068158059795,60.02230769230769,66.40539896514161,16.70375,24.924460029096878,31.81566666666667,50.773731946697886,46.019999999999996,54.782453425391346,24.295333333333335,36.03508286200215,
Akademia Finansów i Biznesu Vistula,46=,56.34,2026,1.915,1.915,74.67500000000001,78.0629312147188,52.308461538461536,57.87122140522875,14.1475,21.110157794605886,32.45633333333333,51.79615394845334,12.34,14.689601809416107,59.36033333333333,88.04384368943559,
Uniwersytet Szczeciński,50=,54.85,2026,10.103333333333333,10.103333333333333,55.905,58.44135479824377,67.73538461538462,74.93872549019609,19.971249999999998,29.800052225165068,34.496,55.05120089368834,35.660000000000004,42.449854175346715,25.172666666666668,37.3363524898153,
Uniwersytet Rolniczy im. Hugona Kołłątaja w Krakowie,50=,54.72,2026,13.195,13.195,43.78,45.766255488187326,70.97615384615384,78.52413534858387,27.055,40.370052598201966,37.767,60.27129824188101,44.825,53.359919052437355,12.597666666666665,18.684985958944743,
Politechnika Częstochowska,50=,54.69,2026,6.255,6.255,59.195000000000014,61.88061885845705,57.900000000000006,64.05739379084969,23.105,34.476069683291676,31.143000000000004,49.70024204058836,50.95,60.6511517171597,28.316666666666666,41.99956492504845,Politechnika Czestochowska
Politechnika Koszalińska,53-61,,2026,3.3633333333333333,3.3633333333333333,64.10000000000001,67.00815387831905,65.34384615384616,72.29285811546842,19.27375,28.759279292722052,26.584333333333333,42.425193499481345,35.97,42.818879828581636,20.566333333333333,30.504192540442197,Politechnika Koszalinska
Politechnika Rzeszowska im. Ignacego Łukasiewicza,53-61,,2026,9.156666666666666,9.156666666666666,59.09,61.77085511185448,59.673846153846156,66.01988017429194,36.93625,55.11433580781139,32.36066666666667,51.64348219272814,27.455000000000002,32.68257841795131,11.524333333333335,17.09300715896057,Politechnika Rzeszowska
Społeczna Akademia Nauk w Łodzi,53-61,,2026,1.4766666666666666,1.4766666666666666,65.69999999999999,68.68074430273884,49.656923076923086,54.937704248366025,10.61,15.831685753721043,41.723,66.58456791765302,4.3,5.1187429319683355,46.291666666666664,68.66026579124313,
Uniwersytet Ekonomiczny w Katowicach,53-61,,2026,6.155,6.155,68.39999999999999,71.5032406439473,59.42999999999999,65.750102124183,14.125,21.0765844742045,31.631999999999998,50.48062345399899,29.615,35.25385393726564,32.93966666666667,48.85644504212318,
Uniwersytet Kardynała Stefana Wyszyńskiego w Warszawie,53-61,,2026,12.905000000000001,12.905,59.195,61.88061885845703,73.5453846153846,81.36659177559912,8.903749999999999,13.285708956615808,30.014,47.89850254009629,33.55,39.93809892268317,15.970666666666663,23.687853498398134,
Uniwersytet Przyrodniczy w Lublinie,53-61,,2026,11.338333333333333,11.338333333333333,33.37,34.883964039305866,67.63153846153847,74.82383578431373,23.950000000000003,35.73693438281047,33.38066666666667,53.27127164401416,53.05,63.15100291649307,20.480000000000004,30.376142071747825,
Uniwersytet w Białymstoku,53-61,,2026,10.348333333333334,10.348333333333334,49.03,51.25444281831486,72.62230769230769,80.34534994553377,14.058750000000002,20.977729697467083,31.548333333333336,50.34710216240658,41.714999999999996,49.65775846675793,22.021666666666665,32.66275758414746,
Uniwersytet WSB Merito w Gdańsku,53-61,,2026,1.7983333333333331,1.7983333333333331,63.21,66.07777545473552,51.671538461538475,57.16656454248368,14.135,21.09150594993845,45.714000000000006,72.95369311381229,13.715,16.326409142312958,21.916999999999998,32.507514930981294,
Uniwersytet Zielonogórski,53-61,,2026,11.408333333333333,11.408333333333333,63.15,66.01505331381978,61.810769230769225,68.38405501089325,21.12875,31.52721304136979,33.718,53.80961246907999,29.02,34.545562764121186,13.327666666666666,19.767729304275605,
Akademia Humanitas w Sosnowcu,62-70,,2026,1.6583333333333332,1.6583333333333332,80.905,84.57558017980347,43.29076923076923,47.894539760348586,10.4,15.518334763308092,28.113333333333337,44.865281804399295,6.610000000000001,7.868579251235047,34.92999999999999,51.80852746905035,
Politechnika Bydgoska im. Jana i Jędrzeja Śniadeckich,62-70,,2026,5.14,5.14,66.22500000000001,69.22956303575162,55.00461538461538,60.85409858387799,40.605000000000004,60.588652217704336,31.961333333333336,51.00619730297631,25.839999999999996,30.76007380513064,10.329333333333333,15.320571134754578,Politechnika Bydgoska
Politechnika Świętokrzyska w Kielcach,62-70,,2026,3.503333333333334,3.503333333333334,52.92499999999999,55.32615513276185,68.99307692307693,76.33016748366013,24.295,36.251725295631736,27.616666666666667,44.07266537223715,25.65,30.53389679185763,20.53266666666667,30.454257801684943,Politechnika Swietokrzyska
Uniwersytet Civitas w Warszawie,62-70,,2026,2.5883333333333334,2.588333333333333,67.27,70.3219736567008,45.86153846153846,50.73869825708061,11.5525,17.238034841645838,24.62833333333333,39.30366784583876,6.610000000000001,7.868579251235047,58.551,86.84343234584506,
Uniwersytet Morski w Gdyni,62-70,,2026,3.8866666666666667,3.8866666666666667,62.99000000000001,65.8477942713778,53.97846153846154,59.718818082788665,14.32375,21.373148804416758,36.513,58.27007474000585,27.74,33.021843937860844,14.380666666666665,21.329549499663806,Uniwersytet Morski w Gdyni
Uniwersytet Papieski Jana Pawła II w Krakowie,62-70,,2026,5.265,5.265,53.93,56.37675099310056,66.01230769230769,73.0324074074074,2.6512499999999997,3.9560562539635162,32.13466666666667,51.282815118227525,40.214999999999996,47.87215046723409,10.081333333333333,14.95273503935451,
Uniwersytet Pomorski w Słupsku,62-70,,2026,1.8133333333333332,1.8133333333333332,64.02499999999999,66.92975120217434,53.49846153846154,59.18777233115469,14.3275,21.378744357816988,24.755333333333333,39.50634359124398,27.97,33.2956371644545,27.585,40.91434956294744,
Uniwersytet Rzeszowski,62-70,,2026,11.638333333333334,11.638333333333332,44.51499999999999,46.53460171440517,64.39461538461538,71.24268110021787,15.629999999999999,23.322266572163986,37.339000000000006,59.58826502114532,24.015,28.587584072376647,14.522,21.539176521773527,
Uniwersytet WSB Merito w Poznaniu,62-70,,2026,1.8733333333333333,1.8733333333333335,71.955,75.21952749320509,50.97461538461538,56.39552696078431,11.925,17.79385981273548,42.46266666666667,67.76498124850389,8.18,9.737515624069996,14.128000000000002,20.954791757307287,
Akademia Pedagogiki Specjalnej im. M. Grzegorzewskiej w Warszawie,71-80,,2026,2.295,2.295,68.595,71.70708760192348,54.12692307692308,59.88306781045752,10.925,16.30171223934047,28.176666666666666,44.96635369843339,28.160000000000004,33.52181417772752,6.394333333333333,9.484139540402643,
AWF im. Jerzego Kukuczki w Katowicach,71-80,,2026,4.011666666666667,4.011666666666667,53.855,56.29834831695588,16.591538461538462,18.35597086056645,15.221250000000001,22.71235125153878,46.248000000000005,73.80588876772083,12.54,14.927682876019285,8.160333333333332,12.103488510066052,
Lubelska Akademia WSEI,71-80,,2026,0.645,0.645,79.63000000000001,83.24273468534393,35.67230769230769,39.46589052287582,13.16,19.636662065878316,24.020000000000003,38.33284570577441,5.54,6.594845544908042,32.568999999999996,48.30666851243919,
Politechnika Morska w Szczecinie,71-80,,2026,2.185,2.185,49.885,52.1482333263642,54.91384615384615,60.75367647058824,13.2275,19.73738202708248,29.108333333333334,46.453174455408686,25.915,30.84935420510684,24.94,36.99125894870071,Politechnika Morska w Szczecinie
Uniwersytet DSW Ideis,71-80,,2026,1.1966666666666665,1.1966666666666665,63.38999999999999,66.26594187748273,55.78076923076924,61.712792755991295,6.9775,10.411459693363675,39.04966666666667,62.31827007474001,2.385,2.839116719242902,14.848333333333331,22.023197405371196,
Uniwersytet Ignatianum w Krakowie,71-80,,2026,4.57,4.57,48.625,50.83106836713359,69.49153846153845,76.88163807189542,5.8325,8.702950721826388,29.684333333333335,47.372396733781954,26.835,31.94452711148146,10.970666666666666,16.271803187912827,
Uniwersytet Jana Długosza w Częstochowie,71-80,,2026,3.516666666666667,3.516666666666667,32.105,33.56157223499895,64.87615384615384,71.77542892156862,19.71375,29.415824225015854,29.949,47.79477085937708,25.01,29.772037378727457,22.360666666666663,33.165565795198354,
Uniwersytet Jana Kochanowskiego w Kielcach,71-80,,2026,5.505,5.505,42.865,44.80974283922224,61.28384615384615,67.8010961328976,11.8175,17.633453948595516,27.171333333333333,43.361970369976326,31.839999999999996,37.90250580322599,13.554666666666666,20.104417988371637,
Uniwersytet Kazimierza Wielkiego w Bydgoszczy,71-80,,2026,5.010000000000001,5.010000000000001,49.73499999999999,51.99142797407483,61.49384615384615,68.03342864923748,14.645,21.852501212369905,25.997,41.48788467164933,29.21,34.7717397773942,10.4,15.425384645809439,
Uniwersytet Komisji Edukacji Narodowej w Krakowie,71-80,,2026,3.978333333333333,3.978333333333333,52.35,54.72506794898599,67.2576923076923,74.41023284313724,9.661249999999999,14.416010743462527,27.225333333333335,43.44814745857383,20.080000000000002,23.903339086959114,14.158333333333333,20.999782462524227,
Akademia Humanistyczno-Ekonomiczna w Łodzi,81-93,,2026,1.4083333333333332,1.4083333333333332,90.02,94.10411875392012,54.64999999999999,60.461771514161214,9.145,13.645689558697356,13.376666666666665,21.34744793467564,2.76,3.285518719123862,12.318333333333333,18.270675948265634,
Akademia Jagiellońska w Toruniu,81-93,,2026,1.2416666666666667,1.2416666666666667,70.245,73.43194647710641,52.80615384615385,58.42184095860567,0.0,0.0,13.127666666666666,20.950075803920527,17.61,20.963037914409856,15.200666666666667,22.545781750583398,
Akademia Kujawsko-Pomorska w Bydgoszczy,81-93,,2026,1.2866666666666668,1.2866666666666668,75.17,78.58038887727366,55.385384615384616,61.27536083877996,0.0,0.0,10.876,17.356703992339813,18.86,22.451044580679724,15.337,22.747992722382634,
AWFiS im. Jędrzeja Śniadeckiego w Gdańsku,81-93,,2026,2.965,2.965,56.27,58.82291448881455,16.454615384615384,18.20448665577342,2.705,4.036259186033499,41.932,66.91810516796554,9.045,10.767216237128743,12.799333333333333,18.984099988134325,
AWF im. Eugeniusza Piaseckiego w Poznaniu,81-93,,2026,2.7483333333333335,2.7483333333333335,49.775,52.03324273468534,17.854615384615382,19.753370098039213,2.805,4.185473943372999,29.801666666666666,47.55964571641354,15.985,19.028629248259033,13.467666666666668,19.975378712969196,
AWF im. Polskich Olimpijczyków we Wrocławiu,81-93,,2026,3.6733333333333333,3.6733333333333333,48.85999999999999,51.07673008572024,13.640769230769232,15.09140114379085,2.855,4.26008132204275,35.24633333333334,56.2486368593239,11.835,14.088447116243081,10.450333333333333,15.500039552268325,
AWF Józefa Piłsudskiego w Warszawie,81-93,,2026,3.3666666666666667,3.3666666666666667,57.54,60.15053313819778,15.265384615384617,16.888786764705884,2.785,4.1556309919051,38.476000000000006,61.4027714977259,11.24,13.380155943098625,17.166999999999998,25.46226713602025,
Międzynarodowa Wyższa Szkoła Logistyki i Transportu we Wrocławiu,81-93,,2026,0.5916666666666667,0.5916666666666667,80.675,84.33514530629311,7.946153846153847,8.79119008714597,25.31625,37.77558100496139,13.841666666666667,22.089528419820734,5.515,6.565085411582644,51.14300000000001,75.85581220583003,
Uniwersytet Andrzeja Frycza Modrzewskiego w Krakowie,81-93,,2026,1.9816666666666665,1.9816666666666665,58.455000000000005,61.10704578716287,44.83153846153846,49.599162581699346,2.08,3.1036669526616185,22.476999999999997,35.87041519270154,12.05,14.344384262841498,18.131333333333334,26.892576039235855,
Uniwersytet Bielsko-Bialski,81-93,,2026,2.09,2.09,64.825,67.76604641438426,56.27692307692307,62.26171023965141,14.64375,21.85063602790316,21.658,34.563396015639555,19.725,23.48074519373847,9.789333333333333,14.519637701222168,Uniwersytet Bielsko-Bialski
Uniwersytet Kaliski im. Prezydenta Stanisława Wojciechowskiego,81-93,,2026,1.4633333333333332,1.4633333333333332,61.395,64.18043069203428,52.473076923076924,58.05334286492375,4.0649999999999995,6.06557988585071,19.201999999999998,30.643934356464612,15.835000000000003,18.85006844830665,8.241666666666667,12.22412292844995,
Uniwersytet Radomski im. Kazimierza Pułaskiego,81-93,,2026,1.5066666666666666,1.5066666666666666,59.98,62.701233535438,50.48692307692308,55.85597086056645,12.09125,18.0419293468124,20.471666666666668,32.670159853179776,17.32,20.61782036783525,18.800666666666665,27.885337974132817,Uniwersytet Radomski
Uniwersytet w Siedlcach,81-93,,2026,3.3066666666666666,3.3066666666666666,48.31,50.50177712732594,54.857692307692304,60.691550925925924,18.5275,27.645764166076027,21.33733333333333,34.051653057424794,30.945,36.837093030176774,14.902,22.102796345370407,
Akademia Górnośląska im. Wojciecha Korfantego w Katowicach,90+,,2026,1.5433333333333332,1.5433333333333332,59.56999999999999,62.27263223918042,4.015384615384615,4.442401960784314,5.695,8.497780430484575,12.179,19.436125222757138,9.54,11.356466876971608,9.750666666666667,14.462286912154415,
Akademia im. Jakuba z Paradyża w Gorzowie Wielkopolskim,90+,,2026,1.2183333333333335,1.2183333333333335,67.045,70.08676562826678,50.25076923076923,55.594703159041394,4.39125,6.552393031670833,4.815666666666667,7.685187647950636,39.255,46.72936134753885,10.155999999999999,15.063481390657754,
Akademia Katolicka w Warszawie,90+,,2026,2.9433333333333334,2.9433333333333334,75.38,78.79991637047877,15.574615384615385,17.23090277777778,0.0,0.0,13.455666666666668,21.473521823549756,19.435,23.13552764716386,7.626666666666668,11.311948740260258,
Akademia Kultury Fizycznej im. Bronisława Czecha w Krakowie,90+,,2026,3.231666666666667,3.231666666666667,46.27,48.36922433619067,15.294615384615385,16.92112608932462,2.79,4.163091729772074,29.441,46.9840678777562,9.095,10.82673650377954,11.934333333333333,17.701123284420365,
Akademia Śląska w Katowicach,90+,,2026,1.2816666666666665,1.2816666666666665,43.849999999999994,45.83943131925568,44.50230769230769,49.234919662309366,0.0,0.0,8.531666666666666,13.615448041067108,7.7,9.166121064222368,12.904999999999998,19.140825851362575,
Akademia Wymiaru Sprawiedliwości w Warszawie,90+,,2026,0.63,0.63,38.169999999999995,39.90173531256533,68.17538461538462,75.4255174291939,0.0,0.0,13.320333333333332,21.257547144718995,25.855,30.777929885125886,1.1186666666666667,1.6592176561325795,
Uniwersytet WSB Merito w Toruniu,90+,,2026,1.4233333333333331,1.4233333333333331,69.7,72.86222036378841,44.07923076923077,48.766850490196084,0.0,0.0,11.145999999999999,17.787589435327288,0.82,0.9761323730730315,8.220666666666666,12.192975517145909,
Uniwersytet WSB Merito we Wrocławiu,90+,,2026,2.223333333333333,2.223333333333333,67.485,70.54672799498222,50.44615384615384,55.81086601307189,0.0,0.0,5.540000000000001,8.84113094129851,1.28,1.5237188262603418,18.049,26.77045841078986,
